Gene_set,Term,Overlap,P-value,Adjusted P-value,Old P-value,Old Adjusted P-value,Odds Ratio,Combined Score,Genes
GO_Biological_Process_2025,Protein Phosphorylation (GO:0006468),18/373,1.800667233515073e-13,2.9386889250965994e-10,0,0,12.707908992416035,372.9192943112606,GSK3B;DYRK3;DYRK2;PRKAA2;FLT3;SRC;PLK1;DYRK1A;DYRK1B;CSNK1E;MAPK14;CLK3;KIT;CDK2;KDR;MAPKAPK5;FYN;FGFR1
GO_Biological_Process_2025,Cellular Component Disassembly (GO:0022411),9/49,1.615931998917465e-12,1.3186005111166512e-09,0,0,51.37241379310345,1394.8180186440002,ADAMTS4;MMP12;ADAMTS5;DYRK3;MMP14;MMP13;MMP1;MMP2;MMP9
GO_Biological_Process_2025,Extracellular Matrix Disassembly (GO:0022617),8/45,3.898337997983679e-11,2.120695870903121e-08,0,0,48.81326781326781,1169.9508243236828,ADAMTS4;MMP12;ADAMTS5;MMP14;MMP13;MMP1;MMP2;MMP9
GO_Biological_Process_2025,Cell Surface Receptor Protein Tyrosine Kinase Signaling Pathway (GO:0007169),14/296,1.4357242865860674e-10,5.857755089271157e-08,0,0,11.879778585019892,269.24545777806395,GSK3B;FLT3;SRC;MMP2;MAPK14;MMP9;PGF;VEGFA;PIK3CA;AXL;KIT;KDR;FYN;FGFR1
GO_Biological_Process_2025,Phosphorylation (GO:0016310),13/298,1.8354970429661615e-09,4.998998224754417e-07,0,0,10.781948848023674,216.88914957932167,GSK3B;DYRK3;DYRK2;PRKAA2;PLK1;DYRK1A;DYRK1B;CSNK1E;CLK3;CDK2;FYN;NADK;FGFR1
GO_Biological_Process_2025,Response to Amyloid-Beta (GO:1904645),7/45,1.8378669943950062e-09,4.998998224754417e-07,0,0,41.11827321111768,827.0800928276894,MMP12;APP;GSK3B;MMP13;MMP2;FYN;MMP9
GO_Biological_Process_2025,External Encapsulating Structure Organization (GO:0045229),9/111,3.1163474032549924e-09,6.357348702640187e-07,0,0,20.08316430020284,393.3609907341095,ADAMTS4;MMP12;APP;ADAMTS5;MMP14;MMP13;MMP1;MMP2;MMP9
GO_Biological_Process_2025,Extracellular Structure Organization (GO:0043062),9/111,3.1163474032549924e-09,6.357348702640187e-07,0,0,20.08316430020284,393.3609907341095,ADAMTS4;MMP12;APP;ADAMTS5;MMP14;MMP13;MMP1;MMP2;MMP9
GO_Biological_Process_2025,Cellular Response to Oxygen-Containing Compound (GO:1901701),14/384,4.1986787553716044e-09,7.401799129070494e-07,0,0,9.013711272247855,173.860933307954,APP;GSK3B;ABCC1;SRC;SERPINE1;MAPK14;MMP9;ESR1;ESR2;MTOR;AXL;CDK2;FYN;MAPT
GO_Biological_Process_2025,Vascular Endothelial Growth Factor Receptor Signaling Pathway (GO:0048010),6/29,4.5354161330088814e-09,7.401799129070494e-07,0,0,57.62608695652174,1107.0748678692498,SRC;KDR;FYN;MAPK14;PGF;VEGFA
GO_Biological_Process_2025,+ Reg of Phosphatidylinositol 3-Kinase/Prot Kinase B Signal Transduction (GO:0051897),10/162,5.702568071564378e-09,8.131853408944818e-07,0,0,15.11015911872705,286.82631723241866,APP;PIK3CA;FLT3;SRC;AXL;KIT;KDR;MTOR;VEGFA;FGFR1
GO_Biological_Process_2025,Positive Regulation of Cellular Process (GO:0048522),17/622,6.0862673368876685e-09,8.131853408944818e-07,0,0,6.864379119154723,129.85504450694123,APP;GSK3B;PRKAA2;FLT3;PGF;MTOR;VEGFA;DPP4;RPS6KA3;MMP14;FUT7;KIT;CDK2;KDR;BCL2;MAPT;FGFR1
GO_Biological_Process_2025,Protein Modification Process (GO:0036211),16/545,6.576555735070516e-09,8.131853408944818e-07,0,0,7.325141776937619,138.00387402370978,GSK3B;DYRK3;DYRK2;PRKAA2;PLK1;DYRK1A;DYRK1B;SIRT6;CSNK1E;FUT4;CLK3;FUT7;CDK2;FYN;ST3GAL3;FGFR1
GO_Biological_Process_2025,Collagen Catabolic Process (GO:0030574),6/31,6.975854640026192e-09,8.131853408944818e-07,0,0,53.010666666666665,995.5833109991146,MMP12;MMP14;MMP13;MMP1;MMP2;MMP9
GO_Biological_Process_2025,Extracellular Matrix Organization (GO:0030198),10/182,1.7430546259818572e-08,1.8964434330682608e-06,0,0,13.339643050297456,238.31327852559244,ADAMTS4;MMP12;APP;ADAMTS5;MMP14;MMP13;MMP1;MMP2;CYP1B1;MMP9
GO_Biological_Process_2025,Positive Regulation of Protein Localization (GO:1903829),8/102,3.1724706126863314e-08,3.235920024940058e-06,0,0,19.158607350096712,330.79577312780407,GSK3B;PRKAA2;PIK3CA;PLK1;SIRT6;FYN;MAPT;SNCA
GO_Biological_Process_2025,Negative Regulation of Macromolecule Biosynthetic Process (GO:0010558),10/202,4.6882320686387536e-08,4.500702785893202e-06,0,0,11.937984496124033,201.46095188309005,APP;GSK3B;DNMT1;PRKAA2;TERT;KDR;MAPT;HIF1A;ESR1;VEGFA
GO_Biological_Process_2025,Negative Regulation of Apoptotic Process (GO:0043066),14/475,6.066793557248781e-08,5.500559491905562e-06,0,0,7.200730120099466,119.66065679030694,GSK3B;PRKAA2;SRC;SERPINE1;PLK1;MMP9;MTOR;VEGFA;RPS6KA3;PIK3CA;AXL;KDR;BCL2;SNCA
GO_Biological_Process_2025,Peptidyl-Tyrosine Modification (GO:0018212),6/46,8.375512704111165e-08,7.194124596373378e-06,0,0,33.10666666666667,539.4853314751873,FLT3;SRC;KDR;DYRK1A;FYN;FGFR1
GO_Biological_Process_2025,Regulation of Phosphatidylinositol 3-Kinase/Protein Kinase B Signal Transduction (GO:0051896),10/219,1.0015938954997013e-07,7.955657465624441e-06,0,0,10.957494158228553,176.59648774051828,APP;PIK3CA;FLT3;SRC;AXL;KIT;KDR;MTOR;VEGFA;FGFR1
GO_Biological_Process_2025,Cellular Response to UV-A (GO:0071492),4/10,1.023705923885498e-07,7.955657465624441e-06,0,0,144.18840579710144,2320.6642827406263,MMP12;MMP1;MMP2;MMP9
GO_Biological_Process_2025,Negative Regulation of Gene Expression (GO:0010629),12/364,1.7452484850275308e-07,1.2946570579840594e-05,0,0,7.935064935064935,123.47912220864428,APP;GSK3B;DNMT1;PRKAA2;TERT;KDR;SIRT6;MAPT;HIF1A;ESR1;HDAC6;VEGFA
GO_Biological_Process_2025,Protein Metabolic Process (GO:0019538),15/614,2.247009231832585e-07,1.594399594065556e-05,0,0,5.968280467445743,91.36539497256196,ACHE;APP;MMP1;MMP2;RPSA;MMP9;ADAMTS4;BACE1;MMP12;DPP4;ADAMTS5;MMP14;PSMB5;MAPT;SNCA
GO_Biological_Process_2025,Response to UV-A (GO:0070141),4/13,3.447220435019351e-07,2.2557348878974668e-05,0,0,96.11111111111111,1430.1840238375923,MMP12;MMP1;MMP2;MMP9
GO_Biological_Process_2025,Peptidyl-Tyrosine Phosphorylation (GO:0018108),6/58,3.455476237588031e-07,2.2557348878974668e-05,0,0,25.45128205128205,378.6676195240596,FLT3;SRC;KDR;DYRK1A;FYN;FGFR1
GO_Biological_Process_2025,Protein Autophosphorylation (GO:0046777),8/140,3.7220660786885436e-07,2.3363122463152696e-05,0,0,13.617079889807162,201.5847552138269,GSK3B;FLT3;SRC;KIT;KDR;DYRK1A;MAPKAPK5;FGFR1
GO_Biological_Process_2025,Vascular Endothelial Growth Factor Signaling Pathway (GO:0038084),4/14,4.808385229685052e-07,2.9064017388318536e-05,0,0,86.49565217391304,1258.3157688971037,PIK3CA;KDR;PGF;VEGFA
GO_Biological_Process_2025,Positive Regulation of Cell Population Proliferation (GO:0008284),13/484,5.390939525188746e-07,3.142147608967155e-05,0,0,6.46225666999207,93.2721801474153,KDM1A;FLT3;STAT1;SIRT6;PGF;VEGFA;DPP4;TERT;KIT;CDK2;KDR;BCL2;FGFR1
GO_Biological_Process_2025,Positive Regulation of Carbohydrate Metabolic Process (GO:0045913),5/34,5.71543811502344e-07,3.216412070247673e-05,0,0,37.65630920803335,541.30660919866,APP;PRKAA2;HIF1A;MTOR;SNCA
GO_Biological_Process_2025,Cellular Response to Vascular Endothelial Growth Factor Stimulus (GO:0035924),5/36,7.685018810601416e-07,4.045790548032746e-05,0,0,35.22332506203474,495.90295290040615,PIK3CA;KDR;MAPK14;PGF;VEGFA
GO_Biological_Process_2025,Positive Regulation of Epithelial Cell Migration (GO:0010634),5/36,7.685018810601416e-07,4.045790548032746e-05,0,0,35.22332506203474,495.90295290040615,SRC;HIF1A;MMP9;HDAC6;MTOR
GO_Biological_Process_2025,Regulation of Apoptotic Process (GO:0042981),15/704,1.260816204573031e-06,6.430162643322457e-05,0,0,5.164489598451863,70.15314211766906,APP;GSK3B;PRKAA2;FLT3;SRC;STAT1;PLK1;MMP9;MTOR;VEGFA;RPS6KA3;AXL;BCL2;CYP1B1;SNCA
GO_Biological_Process_2025,Regulation of Glycolytic Process (GO:0006110),5/42,1.6951117477845482e-06,8.383098098134493e-05,0,0,29.5025245025245,392.0225207849912,APP;PRKAA2;SIRT6;HIF1A;MTOR
GO_Biological_Process_2025,Cellular Response to UV (GO:0034644),6/77,1.8811559162986812e-06,9.029548398233673e-05,0,0,18.622535211267607,245.512504404874,MMP12;KDM1A;MMP1;MMP2;MAPK14;MMP9
GO_Biological_Process_2025,Response to Cytokine (GO:0034097),7/123,2.122822198451505e-06,9.730423989047974e-05,0,0,13.416892677256875,175.2617043856514,MMP12;APP;FLT3;SRC;STAT1;BCL2;SNCA
GO_Biological_Process_2025,Regulation of Microtubule-Based Process (GO:0032886),5/44,2.1477338397126552e-06,9.730423989047974e-05,0,0,27.98675683291068,365.2578865305792,GSK3B;PRKAA2;MAPT;HDAC6;SNCA
GO_Biological_Process_2025,Negative Regulation of Programmed Cell Death (GO:0043069),11/382,2.206039752418965e-06,9.730423989047974e-05,0,0,6.813477088948787,88.74084880284782,GSK3B;RPS6KA3;PRKAA2;SRC;AXL;PLK1;BCL2;MMP9;MTOR;SNCA;VEGFA
GO_Biological_Process_2025,Endothelial Cell Migration (GO:0043542),5/45,2.407064473418073e-06,0.00010337708475311304,0,0,27.285714285714285,352.9980856030166,DPP4;PIK3CA;STAT1;CYP1B1;VEGFA
GO_Biological_Process_2025,Positive Regulation of Angiogenesis (GO:0045766),7/126,2.494189773965349e-06,0.00010437224900285768,0,0,13.076668869795109,168.70925307619132,PKM;SERPINE1;KDR;CYP1B1;SIRT6;HIF1A;VEGFA
GO_Biological_Process_2025,Proteolysis (GO:0006508),10/321,3.2835576136019805e-06,0.00013396915063496078,0,0,7.325581395348837,92.49706213481554,ADAMTS4;BACE1;MMP12;DPP4;ADAMTS5;MMP14;PSMB5;MMP1;MMP2;MMP9
GO_Biological_Process_2025,Positive Regulation of Blood Vessel Endothelial Cell Migration (GO:0043536),5/50,4.095992102721715e-06,0.00016304046613760582,0,0,24.247863247863247,300.8069062761304,KDR;MAPK14;HIF1A;VEGFA;FGFR1
GO_Biological_Process_2025,Regulation of Gene Expression (GO:0010468),18/1127,5.969070287620757e-06,0.00023194101689040652,0,0,3.911007837969065,47.04519795168035,APP;GSK3B;DNMT1;PRKAA2;KDM1A;MAPK14;HIF1A;CLK4;ESR1;HDAC6;CLK3;ESR2;VEGFA;TTR;TERT;CDK2;KDR;MAPT
GO_Biological_Process_2025,Negative Regulation of Protein Localization to Nucleus (GO:1900181),4/26,6.87126839580342e-06,0.0002607886051616554,0,0,39.29249011857708,467.1154816483118,APP;GSK3B;SIRT6;MTOR
GO_Biological_Process_2025,Regulation of Blood Vessel Endothelial Cell Migration (GO:0043535),5/57,7.882805664504412e-06,0.00029146323581826666,0,0,20.976331360946745,246.48923396706851,KDR;MAPK14;HIF1A;VEGFA;FGFR1
GO_Biological_Process_2025,Regulation of Protein Localization to Cell Periphery (GO:1904375),4/27,8.036670105283089e-06,0.00029146323581826666,0,0,37.582230623818525,440.89577795842285,MMP14;PLK1;SIRT6;SNCA
GO_Biological_Process_2025,Cellular Response to Chemical Stress (GO:0062197),6/100,8.656062433137354e-06,0.00030610519186155305,0,0,14.04964539007092,163.78023747893883,RAD52;PRKAA2;PIK3CA;HIF1A;MTOR;SNCA
GO_Biological_Process_2025,Axonal Transport of Mitochondrion (GO:0019896),3/9,8.815529422483452e-06,0.00030610519186155305,0,0,106.97849462365592,1245.1222372746392,MAPT;HIF1A;HDAC6
GO_Biological_Process_2025,Regulation of Reactive Oxygen Species Metabolic Process (GO:2000377),5/61,1.1031802594913874e-05,0.0003750812882270717,0,0,19.474097331240188,222.2915301477248,CBR1;ALOX5;CYP1B1;MAPK14;SNCA
GO_Biological_Process_2025,Positive Regulation of Protein-Containing Complex Assembly (GO:0031334),6/105,1.146340356595656e-05,0.0003818015228498185,0,0,13.336700336700336,151.7229828182744,GSK3B;MMP1;SRC;HDAC6;SNCA;VEGFA
GO_Biological_Process_2025,Regulation of Macroautophagy (GO:0016241),6/106,1.2104520379777814e-05,0.0003950915451959478,0,0,13.202666666666667,149.4796888058574,PRKAA2;PIK3CA;STING1;KDR;HDAC6;MTOR
GO_Biological_Process_2025,Positive Regulation of Nitric-Oxide Synthase Activity (GO:0051000),3/10,1.254978550947344e-05,0.0004011597537731712,0,0,91.69124423963132,1034.809684557288,TERT;ESR1;HIF1A
GO_Biological_Process_2025,Negative Regulation of Intracellular Signal Transduction (GO:1902532),9/297,1.302785965072186e-05,0.0004011597537731712,0,0,7.045977011494253,79.25611186054748,GSK3B;PRKAA2;SRC;STAT1;BCL2;MAPKAPK5;MAPK14;MMP9;ESR1
GO_Biological_Process_2025,Positive Regulation of Cell Differentiation (GO:0045597),9/297,1.302785965072186e-05,0.0004011597537731712,0,0,7.045977011494253,79.25611186054748,APP;GSK3B;RPS6KA3;KDM1A;KDR;SIRT6;MAPK14;MTOR;FGFR1
GO_Biological_Process_2025,Regulation of Cellular Response to Stress (GO:0080135),6/111,1.576005166868447e-05,0.00047630378376468615,0,0,12.57079365079365,139.00824090805884,GSK3B;DYRK3;MMP14;ALOX5;MAPT;MTOR
GO_Biological_Process_2025,Regulation of miRNA Transcription (GO:1902893),5/66,1.6261614033840974e-05,0.0004825264382405176,0,0,17.873356152044675,197.0841933817101,APP;TERT;HIF1A;ESR1;VEGFA
GO_Biological_Process_2025,Regulation of Mitochondrial Depolarization (GO:0051900),3/11,1.719590425575834e-05,0.0005011377811678145,0,0,80.2258064516129,880.1444324729835,SRC;BCL2;KDR
GO_Biological_Process_2025,Peptidyl-Serine Phosphorylation (GO:0018105),5/70,2.169191135640508e-05,0.0006103655057526395,0,0,16.770076077768387,180.08665457276737,GSK3B;PLK1;CDK2;DYRK1A;MAPK14
GO_Biological_Process_2025,Positive Regulation of Endothelial Cell Proliferation (GO:0001938),5/70,2.169191135640508e-05,0.0006103655057526395,0,0,16.770076077768387,180.08665457276737,KDR;SIRT6;HIF1A;VEGFA;FGFR1
GO_Biological_Process_2025,Cellular Response to Reactive Oxygen Species (GO:0034614),5/71,2.3247151233343055e-05,0.0006332854129986668,0,0,16.515151515151516,176.20556784135502,SRC;CYP1B1;FYN;MAPT;HDAC6
GO_Biological_Process_2025,Regulation of Protein Localization to Membrane (GO:1905475),4/35,2.3282551948480395e-05,0.0006332854129986668,0,0,27.872370266479663,297.3370477191675,MMP14;PIK3CA;FYN;SIRT6
GO_Biological_Process_2025,Negative Regulation of Extrinsic Apoptotic Signaling Pathway (GO:2001237),5/72,2.488771674267869e-05,0.0006658484217057643,0,0,16.26783664097097,172.45755158028575,GSK3B;TERT;SRC;SERPINE1;BCL2
GO_Biological_Process_2025,Cellular Response to Oxidative Stress (GO:0034599),6/121,2.5741300135703023e-05,0.0006775774487333442,0,0,11.471884057971014,121.2281464425057,RAD52;PRKAA2;SRC;MAPT;HIF1A;SNCA
GO_Biological_Process_2025,Response to Iron Ion (GO:0010039),3/13,2.9599170340151376e-05,0.0007667594602401119,0,0,64.1741935483871,669.1933597211495,BCL2;HIF1A;SNCA
GO_Biological_Process_2025,Peptidyl-Serine Modification (GO:0018209),5/75,3.035417296538876e-05,0.0007740314106174133,0,0,15.56828885400314,161.95031663675692,GSK3B;PLK1;CDK2;DYRK1A;MAPK14
GO_Biological_Process_2025,Positive Regulation of DNA-templated Transcription (GO:0045893),18/1274,3.124853939631912e-05,0.0007791148228539291,0,0,3.426261636452719,35.54245501709379,KCNH2;APP;KDM1A;STAT1;DYRK1A;DYRK1B;HIF1A;ESR1;ESR2;MTOR;VEGFA;MMP12;RPS6KA3;PKM;TERT;STING1;MAPKAPK5;SOST
GO_Biological_Process_2025,Regulation of Protein-Containing Complex Assembly (GO:0043254),6/126,3.235868387425286e-05,0.0007791148228539291,0,0,10.991111111111111,113.63301060097264,GSK3B;MMP1;SRC;SOST;HDAC6;VEGFA
GO_Biological_Process_2025,Regulation of Microtubule Cytoskeleton Organization (GO:0070507),4/38,3.246311761891371e-05,0.0007791148228539291,0,0,25.40920716112532,262.61447101876826,GSK3B;PRKAA2;MAPT;SNCA
GO_Biological_Process_2025,Positive Regulation of Protein Binding (GO:0032092),4/38,3.246311761891371e-05,0.0007791148228539291,0,0,25.40920716112532,262.61447101876826,GSK3B;TERT;STING1;MMP9
GO_Biological_Process_2025,Regulation of Protein Binding (GO:0043393),5/78,3.670947793186724e-05,0.0008682589563015556,0,0,14.926238145416228,152.4338425907523,GSK3B;KDM1A;TERT;STING1;CSNK1E
GO_Biological_Process_2025,Positive Regulation of Endothelial Cell Chemotaxis (GO:2001028),3/14,3.75406132297874e-05,0.0008752325827287576,0,0,58.33724340175953,594.4615967797359,KDR;VEGFA;FGFR1
GO_Biological_Process_2025,Negative Regulation of Cellular Component Organization (GO:0051129),5/80,4.1487692263073774e-05,0.000940387691296339,0,0,14.526739926739928,146.57645822935868,GSK3B;SRC;SOST;HDAC6;VEGFA
GO_Biological_Process_2025,Regulation of TOR Signaling (GO:0032006),5/80,4.1487692263073774e-05,0.000940387691296339,0,0,14.526739926739928,146.57645822935868,GSK3B;DYRK3;PRKAA2;PIK3CA;MAPKAPK5
GO_Biological_Process_2025,Amyloid-Beta Metabolic Process (GO:0050435),3/15,4.676253544823681e-05,0.0010175527713536,0,0,53.473118279569896,533.1498864494959,BACE1;MMP12;DYRK1A
GO_Biological_Process_2025,Regulation of Nitric-Oxide Synthase Activity (GO:0050999),3/15,4.676253544823681e-05,0.0010175527713536,0,0,53.473118279569896,533.1498864494959,TERT;ESR1;HIF1A
GO_Biological_Process_2025,Regulation of Cellular Response to Heat (GO:1900034),3/15,4.676253544823681e-05,0.0010175527713536,0,0,53.473118279569896,533.1498864494959,GSK3B;MAPT;MTOR
GO_Biological_Process_2025,Protein Destabilization (GO:0031648),4/42,4.850807582792026e-05,0.001041647101989,0,0,22.72997711670481,225.794598036873,PLK1;SIRT6;MTOR;SNCA
GO_Biological_Process_2025,Ephrin Receptor Signaling Pathway (GO:0048013),4/43,5.328731260591136e-05,0.0011294142100369,0,0,22.14604236343367,217.9128998788356,SRC;MMP2;FYN;MMP9
GO_Biological_Process_2025,Positive Regulation of Positive Chemotaxis (GO:0050927),3/16,5.735371733283438e-05,0.0012000162395793,0,0,49.35732009925558,482.03705760975896,KDR;PGF;VEGFA
GO_Biological_Process_2025,Negative Regulation of Protein Localization (GO:1903828),4/44,5.840131181021411e-05,0.0012064676060034,0,0,21.591304347826085,210.47575293214624,APP;GSK3B;SIRT6;MTOR
GO_Biological_Process_2025,Regulation of Endothelial Cell Proliferation (GO:0001936),5/87,6.210268946520382e-05,0.0012668948650901,0,0,13.281961940498526,128.6586631213917,STAT1;ALOX5;KDR;HIF1A;VEGFA
GO_Biological_Process_2025,Positive Regulation of Endothelial Cell Migration (GO:0010595),5/88,6.559556552669035e-05,0.0013055117431653,0,0,13.121276314047398,126.38416577431452,KDR;MAPK14;HIF1A;VEGFA;FGFR1
GO_Biological_Process_2025,Positive Regulation of Ubiquitin-Dependent Protein Catabolic Process (GO:2000060),5/88,6.559556552669035e-05,0.0013055117431653,0,0,13.121276314047398,126.38416577431452,GSK3B;PLK1;SIRT6;CSNK1E;MTOR
GO_Biological_Process_2025,Regulation of Endothelial Cell Chemotaxis (GO:2001026),3/17,6.94016149133282e-05,0.0013072944984148,0,0,45.8294930875576,438.8449133069964,KDR;VEGFA;FGFR1
GO_Biological_Process_2025,Negative Regulation of Inflammatory Response to Antigenic Stimulus (GO:0002862),3/17,6.94016149133282e-05,0.0013072944984148,0,0,45.8294930875576,438.8449133069964,SRC;FYN;MAPK14
GO_Biological_Process_2025,Prostanoid Biosynthetic Process (GO:0046457),3/17,6.94016149133282e-05,0.0013072944984148,0,0,45.8294930875576,438.8449133069964,CBR1;PTGS1;PTGES
GO_Biological_Process_2025,Mononuclear Cell Differentiation (GO:1903131),4/46,6.96903317169676e-05,0.0013072944984148,0,0,20.561076604554867,196.79929533726016,FLT3;AXL;MMP9;VEGFA
GO_Biological_Process_2025,Regulation of Cell-Cell Adhesion (GO:0022407),4/46,6.96903317169676e-05,0.0013072944984148,0,0,20.561076604554867,196.79929533726016,DPP4;FUT7;SRC;FUT4
GO_Biological_Process_2025,Regulation of Angiogenesis (GO:0045765),7/211,7.091858372888046e-05,0.0013152173709719,0,0,7.595285305133289,72.5651890654865,STAT1;ALOX5;SERPINE1;KDR;CYP1B1;HIF1A;VEGFA
GO_Biological_Process_2025,Positive Regulation of Metabolic Process (GO:0009893),6/147,7.659538027907798e-05,0.0013981660011806,0,0,9.34420803782506,88.55481468808925,ACHE;CBR1;KDM1A;SIRT6;MAPK14;VEGFA
GO_Biological_Process_2025,Regulation of Cell Population Proliferation (GO:0042127),13/769,7.710474271216865e-05,0.0013981660011806,0,0,3.96704277427169,37.56926673892245,APP;FLT3;STAT1;PGF;VEGFA;DPP4;ADORA3;KIT;CDK2;KDR;BCL2;CYP1B1;FGFR1
GO_Biological_Process_2025,Regulation of Inflammatory Response to Antigenic Stimulus (GO:0002861),3/18,8.299237239090204e-05,0.0014883906784829,0,0,42.77204301075269,401.91870215095247,SRC;FYN;MAPK14
GO_Biological_Process_2025,Positive Regulation of Smooth Muscle Cell Proliferation (GO:0048661),4/49,8.949412055196608e-05,0.0015875478776174,0,0,19.18743961352657,178.85260283531898,DNMT1;STAT1;MMP2;MMP9
GO_Biological_Process_2025,Microglial Cell Activation (GO:0001774),3/19,9.821083440888516e-05,0.0016871587553189,0,0,40.096774193548384,370.02883113531794,APP;MAPT;SNCA
GO_Biological_Process_2025,Positive Regulation of Glycolytic Process (GO:0045821),3/19,9.821083440888516e-05,0.0016871587553189,0,0,40.096774193548384,370.02883113531794,PRKAA2;HIF1A;MTOR
GO_Biological_Process_2025,Positive Regulation of Purine Nucleotide Catabolic Process (GO:0033123),3/19,9.821083440888516e-05,0.0016871587553189,0,0,40.096774193548384,370.02883113531794,PRKAA2;HIF1A;MTOR
GO_Biological_Process_2025,Positive Regulation of Reactive Oxygen Species Metabolic Process (GO:2000379),4/52,0.00011310014961873378,0.0019174427685037,0,0,17.985507246376812,163.43856425036432,APP;CBR1;MAPT;MAPK14
GO_Biological_Process_2025,Xenobiotic Transport (GO:0042908),3/20,0.00011514055840279767,0.0019174427685037,0,0,37.73624288425047,342.2434558750413,ABCC1;ABCB1;ABCG2
GO_Biological_Process_2025,Positive Regulation of Monooxygenase Activity (GO:0032770),3/20,0.00011514055840279767,0.0019174427685037,0,0,37.73624288425047,342.2434558750413,TERT;ESR1;HIF1A
GO_Biological_Process_2025,Response to Lipopolysaccharide (GO:0032496),6/161,0.0001264291373981544,0.0020841651740786,0,0,8.494193548387097,76.2424252617549,RPS6KA3;AXL;SERPINE1;MAPK14;MMP9;SNCA
GO_Biological_Process_2025,Positive Regulation of Vascular Associated Smooth Muscle Cell Proliferation (GO:1904707),3/21,0.00013386382669438416,0.0021839549684669,0,0,35.63799283154122,317.8441209569836,DNMT1;MMP2;MMP9
GO_Biological_Process_2025,Cellular Response to Lipid (GO:0071396),7/234,0.0001351589778279209,0.0021839549684669,0,0,6.817749839132802,60.7397346016036,GSK3B;AXL;SERPINE1;MAPK14;MMP9;ESR1;ESR2
GO_Biological_Process_2025,Regulation of Protein Localization to Nucleus (GO:1900180),4/56,0.00015120840471506613,0.0023958457912134,0,0,16.598662207357858,146.01596668657348,APP;GSK3B;PLK1;MTOR
GO_Biological_Process_2025,Positive Regulation of Leukocyte Chemotaxis (GO:0002690),4/56,0.00015120840471506613,0.0023958457912134,0,0,16.598662207357858,146.01596668657348,APP;SERPINE1;PGF;VEGFA
GO_Biological_Process_2025,Oligosaccharide Biosynthetic Process (GO:0009312),3/22,0.0001544616586009299,0.002400775493683,0,0,33.76061120543294,296.26842648702603,FUT7;FUT4;ST3GAL3
GO_Biological_Process_2025,Regulation of Anoikis (GO:2000209),3/22,0.0001544616586009299,0.002400775493683,0,0,33.76061120543294,296.26842648702603,PIK3CA;SRC;BCL2
GO_Biological_Process_2025,Cellular Response to Nitrogen Compound (GO:1901699),6/169,0.00016475279097034792,0.0025270578712382,0,0,8.074028629856851,70.33338371807606,APP;GSK3B;ABCC1;SRC;FYN;MTOR
GO_Biological_Process_2025,Positive Regulation of Cell Growth (GO:0030307),5/107,0.00016568332856770374,0.0025270578712382,0,0,10.666882137470372,92.8598197743526,RPS6KA3;MMP14;BCL2;MAPT;MTOR
GO_Biological_Process_2025,Positive Regulation of Developmental Process (GO:0051094),7/245,0.0001793660544180918,0.0026810812153939,0,0,6.4990085922009255,56.060980018155135,GSK3B;RPS6KA3;SRC;KDR;SIRT6;VEGFA;FGFR1
GO_Biological_Process_2025,Regulation of Proteasomal Ubiquitin-Dependent Protein Catabolic Process (GO:0032434),5/109,0.000180710130939544,0.0026810812153939,0,0,10.460693153000843,90.1567004860622,GSK3B;PLK1;CDK2;SIRT6;CSNK1E
GO_Biological_Process_2025,Positive Regulation of Vasculature Development (GO:1904018),5/109,0.000180710130939544,0.0026810812153939,0,0,10.460693153000843,90.1567004860622,SERPINE1;KDR;CYP1B1;HIF1A;VEGFA
GO_Biological_Process_2025,Response to Interleukin-1 (GO:0070555),4/59,0.0001853209131647286,0.0027003904489717,0,0,15.690909090909091,134.83859663356074,APP;SRC;HIF1A;SNCA
GO_Biological_Process_2025,Negative Regulation of Protein-Containing Complex Assembly (GO:0031333),4/59,0.0001853209131647286,0.0027003904489717,0,0,15.690909090909091,134.83859663356074,GSK3B;SRC;SOST;HDAC6
GO_Biological_Process_2025,Response to Reactive Oxygen Species (GO:0000302),4/60,0.00019783206393177684,0.0028321221783917,0,0,15.409937888198758,131.41736878183218,SRC;FYN;MAPT;HIF1A
GO_Biological_Process_2025,Negative Regulation of Intrinsic Apoptotic Signaling Pathway (GO:2001243),4/60,0.00019783206393177684,0.0028321221783917,0,0,15.409937888198758,131.41736878183218,SRC;BCL2;FYN;MMP9
GO_Biological_Process_2025,Axo-Dendritic Transport (GO:0008088),2/5,0.00022586768599568456,0.0030976139793693,0,0,141.1418439716312,1184.964987580801,APP;MAPT
GO_Biological_Process_2025,Regulation of Tubulin Deacetylation (GO:0090043),2/5,0.00022586768599568456,0.0030976139793693,0,0,141.1418439716312,1184.964987580801,PRKAA2;MAPT
GO_Biological_Process_2025,Vascular Endothelial Growth Factor Receptor-2 Signaling Pathway (GO:0036324),2/5,0.00022586768599568456,0.0030976139793693,0,0,141.1418439716312,1184.964987580801,KDR;VEGFA
GO_Biological_Process_2025,Xenobiotic Transport Across Blood-Brain Barrier (GO:1990962),2/5,0.00022586768599568456,0.0030976139793693,0,0,141.1418439716312,1184.964987580801,ABCC1;ABCG2
GO_Biological_Process_2025,Regulation of Blood Vessel Branching (GO:1905553),2/5,0.00022586768599568456,0.0030976139793693,0,0,141.1418439716312,1184.964987580801,SIRT6;VEGFA
GO_Biological_Process_2025,Negative Regulation of miRNA Transcription (GO:1902894),3/25,0.00022829403505000175,0.00310479887668,0,0,29.1524926686217,244.44003997862916,HIF1A;ESR1;VEGFA
GO_Biological_Process_2025,Protein Processing (GO:0016485),5/115,0.00023208680712686748,0.0031302947870334,0,0,9.887112887112886,82.73930646382321,BACE1;MMP12;MMP14;KLK1;KLK2
GO_Biological_Process_2025,Positive Regulation of Gene Expression (GO:0010628),9/436,0.0002486664165041544,0.0033048060621098,0,0,4.718646531535169,39.16192677772673,APP;GSK3B;DNMT1;TTR;DYRK1A;MAPK14;HIF1A;MTOR;VEGFA
GO_Biological_Process_2025,Positive Regulation of Cell Migration (GO:0030335),8/344,0.00025149561746093423,0.0033048060621098,0,0,5.294372294372295,43.88020756658382,MMP14;SRC;KIT;KDR;HIF1A;HDAC6;MTOR;VEGFA
GO_Biological_Process_2025,Epigenetic Regulation of Gene Expression (GO:0040029),4/64,0.00025402157912753743,0.0033048060621098,0,0,14.379710144927536,119.03655398446324,APP;KDM1A;SIRT6;HDAC6
GO_Biological_Process_2025,Positive Regulation of Binding (GO:0051099),4/64,0.00025402157912753743,0.0033048060621098,0,0,14.379710144927536,119.03655398446324,GSK3B;TERT;STING1;MMP9
GO_Biological_Process_2025,Amyloid Fibril Formation (GO:1990000),3/26,0.00025717547174507096,0.0033048060621098,0,0,27.883590462833094,230.47884186791404,BACE1;MAPT;SNCA
GO_Biological_Process_2025,Negative Regulation of Macroautophagy (GO:0016242),3/26,0.00025717547174507096,0.0033048060621098,0,0,27.883590462833094,230.47884186791404,PIK3CA;HDAC6;MTOR
GO_Biological_Process_2025,Negative Regulation of Autophagy (GO:0010507),4/65,0.00026968954146275857,0.0034385416536501,0,0,14.143264433357093,116.23272886658492,PIK3CA;BCL2;MTOR;SNCA
GO_Biological_Process_2025,Cardiac Muscle Cell Differentiation (GO:0055007),3/27,0.00028831803960752,0.0035646593987838,0,0,26.72043010752688,217.81015335035795,TTR;SIRT6;VEGFA
GO_Biological_Process_2025,Zymogen Activation (GO:0031638),3/27,0.00028831803960752,0.0035646593987838,0,0,26.72043010752688,217.81015335035795,MMP14;KLK1;KLK2
GO_Biological_Process_2025,Negative Regulation of miRNA Metabolic Process (GO:2000629),3/27,0.00028831803960752,0.0035646593987838,0,0,26.72043010752688,217.81015335035795,HIF1A;ESR1;VEGFA
GO_Biological_Process_2025,Positive Regulation of Erythrocyte Differentiation (GO:0045648),3/27,0.00028831803960752,0.0035646593987838,0,0,26.72043010752688,217.81015335035795,STAT1;MAPK14;HIF1A
GO_Biological_Process_2025,Positive Regulation of Macromolecule Biosynthetic Process (GO:0010557),8/355,0.00031070376136070203,0.0038125454025613,0,0,5.1236573225045845,41.38209264331018,APP;GSK3B;DNMT1;DYRK2;TTR;MAPK14;HIF1A;VEGFA
GO_Biological_Process_2025,Carbohydrate Biosynthetic Process (GO:0016051),3/28,0.00032179542822181363,0.0038615451386617,0,0,25.65032258064516,206.2694937675109,FUT7;FUT4;ST3GAL3
GO_Biological_Process_2025,Positive Regulation of ATP Metabolic Process (GO:1903580),3/28,0.00032179542822181363,0.0038615451386617,0,0,25.65032258064516,206.2694937675109,PRKAA2;HIF1A;MTOR
GO_Biological_Process_2025,Positive Regulation of Leukocyte Migration (GO:0002687),3/28,0.00032179542822181363,0.0038615451386617,0,0,25.65032258064516,206.2694937675109,FUT7;FUT4;VEGFA
GO_Biological_Process_2025,Vascular Wound Healing (GO:0061042),2/6,0.0003377420182043853,0.0039371069550682,0,0,105.85106382978724,846.0917098504582,KDR;VEGFA
GO_Biological_Process_2025,Inclusion Body Assembly (GO:0070841),2/6,0.0003377420182043853,0.0039371069550682,0,0,105.85106382978724,846.0917098504582,MAPT;HDAC6
GO_Biological_Process_2025,Lymphocyte Migration Into Lymphoid Organs (GO:0097021),2/6,0.0003377420182043853,0.0039371069550682,0,0,105.85106382978724,846.0917098504582,FUT7;FUT4
GO_Biological_Process_2025,Positive Regulation of Leukocyte Tethering or Rolling (GO:1903238),2/6,0.0003377420182043853,0.0039371069550682,0,0,105.85106382978724,846.0917098504582,FUT7;FUT4
GO_Biological_Process_2025,Regulation of Supramolecular Fiber Organization (GO:1902903),3/29,0.000357680146189944,0.0041399574367516,0,0,24.662531017369727,195.71867497954932,APP;PIK3CA;MAPT
GO_Biological_Process_2025,Positive Regulation of Proteasomal Ubiquitin-Dependent Protein Catabolic Process (GO:0032436),4/71,0.0003786315229962856,0.0043515960952812,0,0,12.872809863724854,101.42418743806252,GSK3B;PLK1;SIRT6;CSNK1E
GO_Biological_Process_2025,Negative Regulation of Cell-Matrix Adhesion (GO:0001953),3/30,0.00039604353236937927,0.0045198814323554,0,0,23.747909199522105,186.04079823243575,MMP12;SRC;SERPINE1
GO_Biological_Process_2025,Estrogen Metabolic Process (GO:0008210),3/31,0.00043695576712756887,0.0049521653607791,0,0,22.898617511520737,177.1363451644625,HSD17B1;CYP1B1;CYP19A1
GO_Biological_Process_2025,Myeloid Leukocyte Differentiation (GO:0002573),4/74,0.00044348845426825725,0.0049915390163158,0,0,12.319254658385091,95.11497922752076,KIT;MAPK14;MMP9;VEGFA
GO_Biological_Process_2025,Regulation of Positive Chemotaxis (GO:0050926),2/7,0.0004713603714468496,0.0051977035554139,0,0,84.67659574468085,648.6132088589799,KDR;VEGFA
GO_Biological_Process_2025,Estrogen Biosynthetic Process (GO:0006703),2/7,0.0004713603714468496,0.0051977035554139,0,0,84.67659574468085,648.6132088589799,HSD17B1;CYP19A1
GO_Biological_Process_2025,Positive Regulation of Myotube Differentiation (GO:0010831),2/7,0.0004713603714468496,0.0051977035554139,0,0,84.67659574468085,648.6132088589799,MMP14;MAPK14
GO_Biological_Process_2025,Endodermal Cell Differentiation (GO:0035987),3/32,0.0004804858837601796,0.0052627715590376,0,0,22.10789766407119,168.92009463381,MMP14;MMP2;MMP9
GO_Biological_Process_2025,Cellular Response to Cytokine Stimulus (GO:0071345),7/289,0.00048700809857693664,0.005298648112517,0,0,5.47270698860467,41.7415938602456,MMP12;GSK3B;FLT3;STAT1;AXL;KIT;HIF1A
GO_Biological_Process_2025,Regulation of Cell Migration (GO:0030334),9/479,0.0004935039015296134,0.0053337640218299,0,0,4.277476155539252,32.56861701454242,GSK3B;MMP14;SRC;ADORA3;SERPINE1;KIT;KDR;CYP1B1;VEGFA
GO_Biological_Process_2025,Cellular Response to Hypoxia (GO:0071456),4/77,0.0005159058528728614,0.005539199683477,0,0,11.81119714115545,89.40587565056511,TERT;HIF1A;MTOR;VEGFA
GO_Biological_Process_2025,Response to Estradiol (GO:0032355),3/33,0.0005267017789872392,0.0055816708006959,0,0,21.36989247311828,161.3186695641108,CYP19A1;ESR1;ESR2
GO_Biological_Process_2025,Regulation of Cell Adhesion Mediated by Integrin (GO:0033628),3/33,0.0005267017789872392,0.0055816708006959,0,0,21.36989247311828,161.3186695641108,DPP4;SERPINE1;CYP1B1
GO_Biological_Process_2025,Cellular Response to Decreased Oxygen Levels (GO:0036294),4/78,0.0005418085003865976,0.005704719178264,0,0,11.650998824911868,87.62247775314965,TERT;HIF1A;MTOR;VEGFA
GO_Biological_Process_2025,Regulation of Cytoskeleton Organization (GO:0051493),5/139,0.0005554711982026847,0.0058110833042742,0,0,8.106445793012957,60.76343545976968,GSK3B;PRKAA2;MAPT;MTOR;SNCA
GO_Biological_Process_2025,Positive Regulation of Growth (GO:0045927),4/79,0.0005686228582336353,0.0059107802843139,0,0,11.495072463768116,85.89455132922436,RPS6KA3;MMP14;BCL2;MTOR
GO_Biological_Process_2025,Cardiac Muscle Contraction (GO:0060048),3/34,0.0005756702248675736,0.005946163335341,0,0,20.679500520291363,154.2685690429783,KCNH2;TTR;PIK3CA
GO_Biological_Process_2025,Anoikis (GO:0043276),2/8,0.0006265158123586112,0.0063603082365441,0,0,70.56028368794327,520.4058388914005,PIK3CA;MTOR
GO_Biological_Process_2025,Cellular Response to Hydrogen Peroxide (GO:0070301),3/35,0.0006274568787277046,0.0063603082365441,0,0,20.032258064516128,147.71457783436244,CYP1B1;FYN;HDAC6
GO_Biological_Process_2025,Macrophage Activation (GO:0042116),3/35,0.0006274568787277046,0.0063603082365441,0,0,20.032258064516128,147.71457783436244,APP;MAPT;SNCA
GO_Biological_Process_2025,Cellular Response to Amyloid-Beta (GO:1904646),3/36,0.000682126294766358,0.0068201543986332,0,0,19.424242424242426,141.60847168791395,APP;GSK3B;FYN
GO_Biological_Process_2025,Endoderm Formation (GO:0001706),3/36,0.000682126294766358,0.0068201543986332,0,0,19.424242424242426,141.60847168791395,MMP14;MMP2;MMP9
GO_Biological_Process_2025,Sphingolipid Biosynthetic Process (GO:0030148),4/83,0.0006853586528038355,0.0068201543986332,0,0,10.910842047330766,79.49168468433906,ABCC1;FUT4;ABCG2;ST3GAL3
GO_Biological_Process_2025,Regulation of Cold-Induced Thermogenesis (GO:0120161),5/148,0.0007381353786407764,0.0072726435954408,0,0,7.592791823561054,54.75453223496638,ACHE;ADAMTS5;KDM1A;SIRT6;VEGFA
GO_Biological_Process_2025,Positive Regulation of Myeloid Cell Differentiation (GO:0045639),3/37,0.0007397419343401823,0.0072726435954408,0,0,18.85199240986717,135.9079565533667,STAT1;MAPK14;HIF1A
GO_Biological_Process_2025,Positive Regulation of Multicellular Organismal Process (GO:0051240),8/407,0.0007648610393264284,0.0073212326973705,0,0,4.444064707222602,31.889792357984746,ACHE;APP;KDM1A;TERT;SERPINE1;SIRT6;MTOR;VEGFA
GO_Biological_Process_2025,Cellular Response to Growth Factor Stimulus (GO:0071363),5/150,0.0007841834596511247,0.0073212326973705,0,0,7.487305797650626,53.54073214270287,KDR;MAPT;MAPK14;VEGFA;FGFR1
GO_Biological_Process_2025,Regulation of Erythrocyte Differentiation (GO:0045646),3/38,0.0008003661767667638,0.0073212326973705,0,0,18.312442396313365,130.5757939927757,STAT1;MAPK14;HIF1A
GO_Biological_Process_2025,Regulation of Sprouting Angiogenesis (GO:1903670),3/38,0.0008003661767667638,0.0073212326973705,0,0,18.312442396313365,130.5757939927757,PKM;ALOX5;VEGFA
GO_Biological_Process_2025,Regulation of Vascular Associated Smooth Muscle Cell Proliferation (GO:1904705),3/38,0.0008003661767667638,0.0073212326973705,0,0,18.312442396313365,130.5757939927757,DNMT1;MMP2;MMP9
GO_Biological_Process_2025,Regulation of Dendritic Spine Maintenance (GO:1902950),2/9,0.0008030028509983682,0.0073212326973705,0,0,60.47720364741642,431.03024068559233,APP;FYN
GO_Biological_Process_2025,L-fucose Catabolic Process (GO:0042355),2/9,0.0008030028509983682,0.0073212326973705,0,0,60.47720364741642,431.03024068559233,FUT7;FUT4
GO_Biological_Process_2025,L-fucose Metabolic Process (GO:0042354),2/9,0.0008030028509983682,0.0073212326973705,0,0,60.47720364741642,431.03024068559233,FUT7;FUT4
GO_Biological_Process_2025,Amyloid-Beta Formation (GO:0034205),2/9,0.0008030028509983682,0.0073212326973705,0,0,60.47720364741642,431.03024068559233,BACE1;DYRK1A
GO_Biological_Process_2025,Fucose Catabolic Process (GO:0019317),2/9,0.0008030028509983682,0.0073212326973705,0,0,60.47720364741642,431.03024068559233,FUT7;FUT4
GO_Biological_Process_2025,Hormone Catabolic Process (GO:0042447),2/9,0.0008030028509983682,0.0073212326973705,0,0,60.47720364741642,431.03024068559233,MMP12;CYP19A1
GO_Biological_Process_2025,Negative Regulation of Cell Adhesion Mediated by Integrin (GO:0033629),2/9,0.0008030028509983682,0.0073212326973705,0,0,60.47720364741642,431.03024068559233,SERPINE1;CYP1B1
GO_Biological_Process_2025,Positive Regulation of Keratinocyte Migration (GO:0051549),2/9,0.0008030028509983682,0.0073212326973705,0,0,60.47720364741642,431.03024068559233,MMP9;MTOR
GO_Biological_Process_2025,Positive Regulation of Biosynthetic Process (GO:0009891),4/87,0.0008181306515515025,0.0074177179074002,0,0,10.38292299633316,73.80688885487221,APP;HIF1A;ESR1;MTOR
GO_Biological_Process_2025,Regulation of Autophagy (GO:0010506),6/230,0.0008487371662355012,0.0076527019629631,0,0,5.857142857142857,41.42031442850468,GSK3B;PRKAA2;BCL2;MAPT;HDAC6;MTOR
GO_Biological_Process_2025,Axonal Transport (GO:0098930),3/39,0.0008640603299861161,0.0077480574644908,0,0,17.802867383512545,125.57907592571075,MAPT;HIF1A;HDAC6
GO_Biological_Process_2025,DNA Damage Response (GO:0006974),8/421,0.0009514378619900102,0.0084849540479109,0,0,4.290336781862206,29.85017337852123,DYRK2;KDM1A;CDK2;BCL2;CSNK1E;MAPT;MAPK14;MTOR
GO_Biological_Process_2025,Angiogenesis Involved in Wound Healing (GO:0060055),2/10,0.0010006174330829,0.0086426774403206,0,0,52.91489361702128,365.49047439590856,KDR;VEGFA
GO_Biological_Process_2025,Angiotensin-Activated Signaling Pathway (GO:0038166),2/10,0.0010006174330829,0.0086426774403206,0,0,52.91489361702128,365.49047439590856,CA2;SRC
GO_Biological_Process_2025,Induction of Positive Chemotaxis (GO:0050930),2/10,0.0010006174330829,0.0086426774403206,0,0,52.91489361702128,365.49047439590856,PGF;VEGFA
GO_Biological_Process_2025,Negative Regulation of Smooth Muscle Cell Apoptotic Process (GO:0034392),2/10,0.0010006174330829,0.0086426774403206,0,0,52.91489361702128,365.49047439590856,DNMT1;ESR1
GO_Biological_Process_2025,Positive Regulation of Neuroblast Proliferation (GO:0002052),2/10,0.0010006174330829,0.0086426774403206,0,0,52.91489361702128,365.49047439590856,KDM1A;VEGFA
GO_Biological_Process_2025,Heart Contraction (GO:0060047),3/41,0.0010008983065077,0.0086426774403206,0,0,16.864176570458405,116.47846233095048,KCNH2;TTR;PIK3CA
GO_Biological_Process_2025,Positive Regulation of Cellular Component Biogenesis (GO:0044089),4/93,0.0010499075996333,0.0090181536979037,0,0,9.680019540791402,66.39576822357638,GSK3B;MMP1;CDK2;VEGFA
GO_Biological_Process_2025,Response to Hydrogen Peroxide (GO:0042542),3/42,0.0010741594826058,0.0091781585110616,0,0,16.43093465674111,112.32543153803216,CYP1B1;FYN;HDAC6
GO_Biological_Process_2025,Cellular Response to Peptide Hormone Stimulus (GO:0071375),4/94,0.0010925770271054,0.0092869047303959,0,0,9.571980676328502,65.27340500607497,PKM;PIK3CA;SRC;MTOR
GO_Biological_Process_2025,Positive Regulation of Intracellular Signal Transduction (GO:1902533),10/652,0.001148274102469,0.0096803282585252,0,0,3.488734333115989,23.616970476890938,APP;PIK3CA;FLT3;SRC;AXL;KIT;KDR;MTOR;VEGFA;FGFR1
GO_Biological_Process_2025,Regulation of Epithelial Cell Migration (GO:0010632),3/43,0.0011507252954374,0.0096803282585252,0,0,16.019354838709678,108.40878671592486,SRC;HIF1A;HDAC6
GO_Biological_Process_2025,Regulation of Keratinocyte Migration (GO:0051547),2/11,0.0012191569333951,0.0098937134101325,0,0,47.033096926713945,315.5730647708604,MMP9;MTOR
GO_Biological_Process_2025,Regulation of Leukocyte Cell-Cell Adhesion (GO:1903037),2/11,0.0012191569333951,0.0098937134101325,0,0,47.033096926713945,315.5730647708604,FUT7;FUT4
GO_Biological_Process_2025,Regulation of Leukocyte Tethering or Rolling (GO:1903236),2/11,0.0012191569333951,0.0098937134101325,0,0,47.033096926713945,315.5730647708604,FUT7;FUT4
GO_Biological_Process_2025,Cellular Response to UV-B (GO:0071493),2/11,0.0012191569333951,0.0098937134101325,0,0,47.033096926713945,315.5730647708604,MMP12;MAPK14
GO_Biological_Process_2025,Ketone Biosynthetic Process (GO:0042181),2/11,0.0012191569333951,0.0098937134101325,0,0,47.033096926713945,315.5730647708604,HSD17B1;SIRT6
GO_Biological_Process_2025,Negative Regulation of calcineurin-NFAT Signaling Cascade (GO:0070885),2/11,0.0012191569333951,0.0098937134101325,0,0,47.033096926713945,315.5730647708604,GSK3B;DYRK2
GO_Biological_Process_2025,Negative Regulation of Calcineurin-Mediated Signaling (GO:0106057),2/11,0.0012191569333951,0.0098937134101325,0,0,47.033096926713945,315.5730647708604,GSK3B;DYRK2
GO_Biological_Process_2025,Regulation of Protein Localization (GO:0032880),4/97,0.0012278762424571,0.0098937134101325,0,0,9.261804581580176,62.076960260230734,PRKAA2;KDM1A;CSNK1E;MAPT
GO_Biological_Process_2025,Organelle Disassembly (GO:1903008),3/44,0.0012306518518731,0.0098937134101325,0,0,15.627852084972462,104.70991096419613,DYRK3;PRKAA2;HDAC6
GO_Biological_Process_2025,Positive Regulation of Proteasomal Protein Catabolic Process (GO:1901800),4/98,0.0012754671084421,0.0101673741785062,0,0,9.16281221091582,61.06503793919952,GSK3B;PLK1;SIRT6;CSNK1E
GO_Biological_Process_2025,Regulation of Inflammatory Response (GO:0050727),6/249,0.001277151781001,0.0101673741785062,0,0,5.393964334705076,35.94064701883247,APP;ALOX5;SERPINE1;MMP9;PTGES;SNCA
GO_Biological_Process_2025,Positive Regulation of Cell-Matrix Adhesion (GO:0001954),3/45,0.001313994248473,0.0103412102457739,0,0,15.254992319508448,101.21204943569812,GSK3B;KDR;VEGFA
GO_Biological_Process_2025,Regulation of Protein Secretion (GO:0050708),4/99,0.0013243339101511,0.0103412102457739,0,0,9.065903890160182,60.07834580555352,ACHE;TTR;ALOX5;SIRT6
GO_Biological_Process_2025,Positive Regulation of Autophagy (GO:0010508),4/99,0.0013243339101511,0.0103412102457739,0,0,9.065903890160182,60.07834580555352,GSK3B;PRKAA2;STING1;KDR
GO_Biological_Process_2025,Positive Regulation of Cold-Induced Thermogenesis (GO:0120162),4/99,0.0013243339101511,0.0103412102457739,0,0,9.065903890160182,60.07834580555352,ACHE;KDM1A;SIRT6;VEGFA
GO_Biological_Process_2025,Regulation of Intrinsic Apoptotic Signaling Pathway (GO:2001242),3/46,0.0014008065828257,0.0108346746121877,0,0,14.89947486871718,97.90008497345548,SRC;BCL2;MMP9
GO_Biological_Process_2025,Positive Regulation of Chemotaxis (GO:0050921),3/46,0.0014008065828257,0.0108346746121877,0,0,14.89947486871718,97.90008497345548,KDR;VEGFA;FGFR1
GO_Biological_Process_2025,Astrocyte Activation (GO:0048143),2/12,0.0014584201472092,0.0109683948398412,0,0,42.327659574468086,276.41661242727787,APP;MAPT
GO_Biological_Process_2025,Branching Involved in Blood Vessel Morphogenesis (GO:0001569),2/12,0.0014584201472092,0.0109683948398412,0,0,42.327659574468086,276.41661242727787,KDR;VEGFA
GO_Biological_Process_2025,Cellular Response to Angiotensin (GO:1904385),2/12,0.0014584201472092,0.0109683948398412,0,0,42.327659574468086,276.41661242727787,CA2;SRC
GO_Biological_Process_2025,Negative Regulation of Microtubule Polymerization (GO:0031115),2/12,0.0014584201472092,0.0109683948398412,0,0,42.327659574468086,276.41661242727787,DYRK1A;SNCA
GO_Biological_Process_2025,Peptidyl-Tyrosine Autophosphorylation (GO:0038083),2/12,0.0014584201472092,0.0109683948398412,0,0,42.327659574468086,276.41661242727787,DYRK1A;KDR
GO_Biological_Process_2025,Positive Regulation of Vascular Endothelial Cell Proliferation (GO:1905564),2/12,0.0014584201472092,0.0109683948398412,0,0,42.327659574468086,276.41661242727787,SIRT6;FGFR1
GO_Biological_Process_2025,Positive Regulation of Signal Transduction (GO:0009967),6/256,0.0014709411936721,0.0110118166425362,0,0,5.241066666666667,34.18146539502461,APP;TERT;SRC;AXL;HIF1A;VEGFA
GO_Biological_Process_2025,Positive Regulation of Cytokine-Mediated Signaling Pathway (GO:0001961),3/47,0.0014911419622017,0.0111120716087363,0,0,14.560117302052786,94.76034521616964,STING1;AXL;HIF1A
GO_Biological_Process_2025,Erythrocyte Differentiation (GO:0030218),3/48,0.0015850525143587,0.0116458703551409,0,0,14.23584229390681,91.78043611536052,DYRK3;KIT;VEGFA
GO_Biological_Process_2025,Nuclear Receptor-Mediated Steroid Hormone Signaling Pathway (GO:0030518),3/48,0.0015850525143587,0.0116458703551409,0,0,14.23584229390681,91.78043611536052,SRC;ESR1;ESR2
GO_Biological_Process_2025,Oligosaccharide Metabolic Process (GO:0009311),3/48,0.0015850525143587,0.0116458703551409,0,0,14.23584229390681,91.78043611536052,FUT7;FUT4;ST3GAL3
GO_Biological_Process_2025,Regulation of MAPK Cascade (GO:0043408),6/260,0.0015913168438703,0.0116458703551409,0,0,5.15748031496063,33.23064313541926,APP;FLT3;KIT;KDR;VEGFA;FGFR1
GO_Biological_Process_2025,Arachidonate Metabolic Process (GO:0019369),3/49,0.0016825893967761,0.0120866995006223,0,0,13.925666199158483,88.94909779620225,ALOX5;CYP1B1;PTGS1
GO_Biological_Process_2025,Epidermal Growth Factor Receptor Signaling Pathway (GO:0007173),3/49,0.0016825893967761,0.0120866995006223,0,0,13.925666199158483,88.94909779620225,PIK3CA;SRC;HDAC6
GO_Biological_Process_2025,Protein Localization to Chromosome (GO:0034502),3/49,0.0016825893967761,0.0120866995006223,0,0,13.925666199158483,88.94909779620225,PLK1;SIRT6;ESR1
GO_Biological_Process_2025,Steroid Metabolic Process (GO:0008202),4/106,0.001703653188163,0.0120866995006223,0,0,8.44075021312873,53.80961716461471,CBR1;HSD17B1;CYP1B1;CYP19A1
GO_Biological_Process_2025,Cardiac Cell Development (GO:0055006),2/13,0.0017182072819512,0.0120866995006223,0,0,38.47775628626693,244.9676276502863,TTR;VEGFA
GO_Biological_Process_2025,Embryonic Hemopoiesis (GO:0035162),2/13,0.0017182072819512,0.0120866995006223,0,0,38.47775628626693,244.9676276502863,KIT;KDR
GO_Biological_Process_2025,"Negative Regulation of DNA Damage Response, Signal Transduction by P53 Class Mediator (GO:0043518)",2/13,0.0017182072819512,0.0120866995006223,0,0,38.47775628626693,244.9676276502863,KDM1A;DYRK1A
GO_Biological_Process_2025,Positive Regulation of Protein Export From Nucleus (GO:0046827),2/13,0.0017182072819512,0.0120866995006223,0,0,38.47775628626693,244.9676276502863,GSK3B;SIRT6
GO_Biological_Process_2025,Protein Deacetylation (GO:0006476),2/13,0.0017182072819512,0.0120866995006223,0,0,38.47775628626693,244.9676276502863,SIRT6;HDAC6
GO_Biological_Process_2025,Cellular Response to Insulin Stimulus (GO:0032869),4/108,0.001824546374544,0.0127250413814351,0,0,8.277591973244148,52.2020037281825,GSK3B;PKM;PIK3CA;MTOR
GO_Biological_Process_2025,Positive Regulation of DNA Metabolic Process (GO:0051054),4/108,0.001824546374544,0.0127250413814351,0,0,8.277591973244148,52.2020037281825,CDK2;SIRT6;MAPKAPK5;VEGFA
GO_Biological_Process_2025,Blood Vessel Morphogenesis (GO:0048514),3/51,0.0018887419901292,0.013006020792789,0,0,13.344086021505376,83.69202965543494,KDR;CYP1B1;VEGFA
GO_Biological_Process_2025,Epithelial to Mesenchymal Transition (GO:0001837),3/51,0.0018887419901292,0.013006020792789,0,0,13.344086021505376,83.69202965543494,GSK3B;HIF1A;FGFR1
GO_Biological_Process_2025,Macromolecule Glycosylation (GO:0043413),3/51,0.0018887419901292,0.013006020792789,0,0,13.344086021505376,83.69202965543494,FUT7;FUT4;ST3GAL3
GO_Biological_Process_2025,Regulation of Telomere Maintenance (GO:0032204),3/52,0.0019974552526144,0.0135321915258389,0,0,13.071099407504937,81.24840214579592,SRC;SIRT6;MAPKAPK5
GO_Biological_Process_2025,Response to Muscle Stretch (GO:0035994),2/14,0.0019983199495877,0.0135321915258389,0,0,35.269503546099294,219.2157820877061,TTR;PIK3CA
GO_Biological_Process_2025,Extrinsic Apoptotic Signaling Pathway in Absence of Ligand (GO:0097192),2/14,0.0019983199495877,0.0135321915258389,0,0,35.269503546099294,219.2157820877061,GSK3B;BCL2
GO_Biological_Process_2025,Fucosylation (GO:0036065),2/14,0.0019983199495877,0.0135321915258389,0,0,35.269503546099294,219.2157820877061,FUT7;FUT4
GO_Biological_Process_2025,Positive Regulation of Cellular Component Organization (GO:0051130),4/111,0.0020168554924576,0.013601273403681,0,0,8.044290938642828,49.9246044562647,GSK3B;MMP1;SNCA;VEGFA
GO_Biological_Process_2025,Regulation of Focal Adhesion Assembly (GO:0051893),3/53,0.0021099899675299,0.0141127197828235,0,0,12.809032258064516,78.91737109678841,SRC;KDR;VEGFA
GO_Biological_Process_2025,Regulation of Microtubule Polymerization (GO:0031113),3/53,0.0021099899675299,0.0141127197828235,0,0,12.809032258064516,78.91737109678841,DYRK1A;MAPT;SNCA
GO_Biological_Process_2025,Regulation of Signal Transduction by P53 Class Mediator (GO:1901796),3/54,0.0022263925859746,0.0148305008175943,0,0,12.557242251739403,76.69175823690271,DYRK2;MAPKAPK5;MTOR
GO_Biological_Process_2025,Amyloid Precursor Protein Catabolic Process (GO:0042987),2/15,0.0022985611577693,0.0150050072379182,0,0,32.55482815057283,197.78594479007495,BACE1;DYRK1A
GO_Biological_Process_2025,Regulation of Neuroblast Proliferation (GO:1902692),2/15,0.0022985611577693,0.0150050072379182,0,0,32.55482815057283,197.78594479007495,KDM1A;VEGFA
GO_Biological_Process_2025,Astrocyte Development (GO:0014002),2/15,0.0022985611577693,0.0150050072379182,0,0,32.55482815057283,197.78594479007495,APP;MAPT
GO_Biological_Process_2025,Mitotic Recombination (GO:0006312),2/15,0.0022985611577693,0.0150050072379182,0,0,32.55482815057283,197.78594479007495,RAD52;TERT
GO_Biological_Process_2025,Prostaglandin Biosynthetic Process (GO:0001516),2/15,0.0022985611577693,0.0150050072379182,0,0,32.55482815057283,197.78594479007495,PTGS1;PTGES
GO_Biological_Process_2025,Regulation of Cytokine Production Involved in Inflammatory Response (GO:1900015),3/55,0.0023467086457697,0.0151977321821281,0,0,12.3151364764268,74.56496801057935,ALOX5;MAPK14;HIF1A
GO_Biological_Process_2025,Striated Muscle Contraction (GO:0006941),3/55,0.0023467086457697,0.0151977321821281,0,0,12.3151364764268,74.56496801057935,KCNH2;TTR;PIK3CA
GO_Biological_Process_2025,Protein Complex Oligomerization (GO:0051259),4/116,0.0023678082581693,0.0152737671040808,0,0,7.683229813664596,46.45119810332112,APP;STING1;MAPT;SNCA
GO_Biological_Process_2025,Positive Regulation of Epithelial Cell Proliferation (GO:0050679),4/118,0.0025192540691523,0.0161867033104592,0,0,7.547673531655225,45.163711709479344,MMP12;KDR;HIF1A;VEGFA
GO_Biological_Process_2025,Positive Regulation of Transcription by RNA Polymerase II (GO:0045944),12/983,0.0025866270488792,0.0162500989027059,0,0,2.785493600117699,16.59430110460314,MMP12;APP;RPS6KA3;PKM;KDM1A;STING1;STAT1;MAPKAPK5;HIF1A;ESR1;ESR2;VEGFA
GO_Biological_Process_2025,Heart Morphogenesis (GO:0003007),3/57,0.002599258732796,0.0162500989027059,0,0,11.857825567502989,70.58405029921917,ADAMTS5;TTR;VEGFA
GO_Biological_Process_2025,Regulation of Stem Cell Proliferation (GO:0072091),2/16,0.00261873530111,0.0162500989027059,0,0,30.227963525835865,179.70717131978577,KDM1A;TERT
GO_Biological_Process_2025,Regulation of Superoxide Anion Generation (GO:0032928),2/16,0.00261873530111,0.0162500989027059,0,0,30.227963525835865,179.70717131978577,APP;MAPT
GO_Biological_Process_2025,Response to UV-B (GO:0010224),2/16,0.00261873530111,0.0162500989027059,0,0,30.227963525835865,179.70717131978577,MMP12;MAPK14
GO_Biological_Process_2025,Mitochondrion Transport Along Microtubule (GO:0047497),2/16,0.00261873530111,0.0162500989027059,0,0,30.227963525835865,179.70717131978577,MAPT;HIF1A
GO_Biological_Process_2025,Mitotic Chromosome Condensation (GO:0007076),2/16,0.00261873530111,0.0162500989027059,0,0,30.227963525835865,179.70717131978577,TTR;PLK1
GO_Biological_Process_2025,Negative Regulation of Intrinsic Apoptotic Signaling Pathway by P53 Class Mediator (GO:1902254),2/16,0.00261873530111,0.0162500989027059,0,0,30.227963525835865,179.70717131978577,KDM1A;BCL2
GO_Biological_Process_2025,Positive Regulation of Superoxide Anion Generation (GO:0032930),2/16,0.00261873530111,0.0162500989027059,0,0,30.227963525835865,179.70717131978577,APP;MAPT
GO_Biological_Process_2025,Negative Regulation of Transcription by RNA Polymerase II (GO:0000122),10/732,0.0026883921393139,0.0166191514066679,0,0,3.0892868646524514,18.284908109722306,APP;KDM1A;SRC;STAT1;PLK1;SIRT6;ESR1;ESR2;SNCA;VEGFA
GO_Biological_Process_2025,ERBB Signaling Pathway (GO:0038127),3/58,0.0027315793537999,0.0166963951513163,0,0,11.641642228739004,68.71916258682624,PIK3CA;SRC;HDAC6
GO_Biological_Process_2025,Sprouting Angiogenesis (GO:0002040),3/58,0.0027315793537999,0.0166963951513163,0,0,11.641642228739004,68.71916258682624,KDR;PGF;VEGFA
GO_Biological_Process_2025,Mesenchymal Cell Differentiation (GO:0048762),3/58,0.0027315793537999,0.0166963951513163,0,0,11.641642228739004,68.71916258682624,GSK3B;HIF1A;FGFR1
GO_Biological_Process_2025,Enzyme-Linked Receptor Protein Signaling Pathway (GO:0007167),4/121,0.002758714184943,0.0167368830848587,0,0,7.3530286138981795,43.33132837696098,FLT3;AXL;KDR;FYN
GO_Biological_Process_2025,Negative Regulation of Inflammatory Response (GO:0050728),4/121,0.002758714184943,0.0167368830848587,0,0,7.3530286138981795,43.33132837696098,SRC;ALOX5;FYN;MAPK14
GO_Biological_Process_2025,Negative Regulation of DNA-binding Transcription Factor Activity (GO:0043433),4/122,0.0028418810672584,0.0171775922287623,0,0,7.290346352247605,42.74540829097191,KDM1A;ADORA3;CYP1B1;ESR1
GO_Biological_Process_2025,Renal System Development (GO:0072001),3/59,0.0028679866225398,0.0172714175940405,0,0,11.433179723502304,66.9314921484465,MMP12;STAT1;VEGFA
GO_Biological_Process_2025,Cellular Response to Molecule of Bacterial Origin (GO:0071219),4/123,0.002926749985352,0.0173065010303947,0,0,7.228717573986116,42.17134576305843,AXL;SERPINE1;MAPK14;MMP9
GO_Biological_Process_2025,TORC1 Signaling (GO:0038202),2/17,0.0029586481540932,0.0173065010303947,0,0,28.21134751773049,164.2753203692656,RPS6KA3;MTOR
GO_Biological_Process_2025,Negative Regulation of Anoikis (GO:2000811),2/17,0.0029586481540932,0.0173065010303947,0,0,28.21134751773049,164.2753203692656,PIK3CA;SRC
GO_Biological_Process_2025,Negative Regulation of Cation Transmembrane Transport (GO:1904063),2/17,0.0029586481540932,0.0173065010303947,0,0,28.21134751773049,164.2753203692656,KCNH2;MMP9
GO_Biological_Process_2025,Negative Regulation of Cellular Senescence (GO:2000773),2/17,0.0029586481540932,0.0173065010303947,0,0,28.21134751773049,164.2753203692656,TERT;SIRT6
GO_Biological_Process_2025,Neuron Projection Organization (GO:0106027),2/17,0.0029586481540932,0.0173065010303947,0,0,28.21134751773049,164.2753203692656,APP;GSK3B
GO_Biological_Process_2025,Positive Regulation of Cell Migration Involved in Sprouting Angiogenesis (GO:0090050),2/17,0.0029586481540932,0.0173065010303947,0,0,28.21134751773049,164.2753203692656,KDR;VEGFA
GO_Biological_Process_2025,Positive Regulation of Leukocyte Adhesion to Vascular Endothelial Cell (GO:1904996),2/17,0.0029586481540932,0.0173065010303947,0,0,28.21134751773049,164.2753203692656,FUT7;FUT4
GO_Biological_Process_2025,Cellular Response to Lipopolysaccharide (GO:0071222),4/125,0.0031016621195662,0.0180782592111862,0,0,7.1085159899389145,41.05748852006977,AXL;SERPINE1;MAPK14;MMP9
GO_Biological_Process_2025,Negative Regulation of DNA-templated Transcription (GO:0045892),12/1006,0.0031229495883325,0.0181375577514545,0,0,2.7177349813164704,15.678551531156204,APP;KDM1A;SRC;STAT1;PLK1;SIRT6;HIF1A;ESR1;HDAC6;ESR2;SNCA;VEGFA
GO_Biological_Process_2025,Protein Localization to Nucleus (GO:0034504),4/127,0.0032835862433066,0.0186729324069646,0,0,6.992223400494875,39.98726064341961,MMP12;TERT;PLK1;SIRT6
GO_Biological_Process_2025,Amyloid Precursor Protein Metabolic Process (GO:0042982),2/18,0.0033181068615317,0.0186729324069646,0,0,26.4468085106383,150.96792713266765,BACE1;ACHE
GO_Biological_Process_2025,Regulation of Vascular Endothelial Cell Proliferation (GO:1905562),2/18,0.0033181068615317,0.0186729324069646,0,0,26.4468085106383,150.96792713266765,SIRT6;FGFR1
GO_Biological_Process_2025,Estrogen Receptor Signaling Pathway (GO:0030520),2/18,0.0033181068615317,0.0186729324069646,0,0,26.4468085106383,150.96792713266765,ESR1;ESR2
GO_Biological_Process_2025,Transepithelial Transport (GO:0070633),2/18,0.0033181068615317,0.0186729324069646,0,0,26.4468085106383,150.96792713266765,ABCC1;ABCG2
GO_Biological_Process_2025,Positive Regulation of Focal Adhesion Assembly (GO:0051894),2/18,0.0033181068615317,0.0186729324069646,0,0,26.4468085106383,150.96792713266765,KDR;VEGFA
GO_Biological_Process_2025,Positive Regulation of Sprouting Angiogenesis (GO:1903672),2/18,0.0033181068615317,0.0186729324069646,0,0,26.4468085106383,150.96792713266765,PKM;VEGFA
GO_Biological_Process_2025,Positive Regulation of Stem Cell Proliferation (GO:2000648),2/18,0.0033181068615317,0.0186729324069646,0,0,26.4468085106383,150.96792713266765,KDM1A;TERT
GO_Biological_Process_2025,Protein Deacylation (GO:0035601),2/18,0.0033181068615317,0.0186729324069646,0,0,26.4468085106383,150.96792713266765,SIRT6;HDAC6
GO_Biological_Process_2025,Regulation of Intracellular Signal Transduction (GO:1902531),6/302,0.0033566452199287,0.0188248969035177,0,0,4.416216216216216,25.15835905644984,DYRK2;KDR;MAPKAPK5;MAPT;MTOR;VEGFA
GO_Biological_Process_2025,Positive Regulation of Peptidyl-Tyrosine Phosphorylation (GO:0050731),3/63,0.003455291549789,0.0193117664700536,0,0,10.668817204301074,60.46923895267782,FLT3;KIT;VEGFA
GO_Biological_Process_2025,Regulation of Neuron Apoptotic Process (GO:0043523),4/129,0.0034726568224441,0.0193425799803032,0,0,6.879652173913043,38.95833734110742,BACE1;APP;GSK3B;BCL2
GO_Biological_Process_2025,Positive Regulation of Neurogenesis (GO:0050769),3/64,0.0036127316692558,0.0200543472252569,0,0,10.493389740877843,59.00738511459594,MMP12;KDM1A;VEGFA
GO_Biological_Process_2025,Signaling Receptor Ligand Precursor Processing (GO:0140448),2/19,0.0036969199300382,0.0203830179926433,0,0,24.88986232790989,139.38958235666968,DPP4;MMP12
GO_Biological_Process_2025,Positive Regulation of Axon Extension (GO:0045773),2/19,0.0036969199300382,0.0203830179926433,0,0,24.88986232790989,139.38958235666968,MAPT;VEGFA
GO_Biological_Process_2025,Positive Regulation of Apoptotic Process (GO:0043065),6/313,0.0039967075259822,0.021961706001357,0,0,4.255591748099891,23.50058781825032,BACE1;APP;GSK3B;BCL2;CYP1B1;SNCA
GO_Biological_Process_2025,Cellular Response to Lectin (GO:1990858),2/20,0.0040948972210907,0.0221287161086758,0,0,23.505910165484632,129.23581519530129,SRC;FYN
GO_Biological_Process_2025,Stimulatory C-type Lectin Receptor Signaling Pathway (GO:0002223),2/20,0.0040948972210907,0.0221287161086758,0,0,23.505910165484632,129.23581519530129,SRC;FYN
GO_Biological_Process_2025,Positive Regulation of Monocyte Chemotaxis (GO:0090026),2/20,0.0040948972210907,0.0221287161086758,0,0,23.505910165484632,129.23581519530129,APP;SERPINE1
GO_Biological_Process_2025,Presynaptic Endocytosis (GO:0140238),2/20,0.0040948972210907,0.0221287161086758,0,0,23.505910165484632,129.23581519530129,SYNJ2;SNCA
GO_Biological_Process_2025,Regulation of Cell Cycle G2/M Phase Transition (GO:1902749),2/20,0.0040948972210907,0.0221287161086758,0,0,23.505910165484632,129.23581519530129,DYRK3;CDK2
GO_Biological_Process_2025,Regulation of Cell Growth (GO:0001558),5/222,0.0043460389620716,0.0234083682709604,0,0,4.984807818909202,27.109829629225647,RPS6KA3;MMP14;BCL2;ESR2;MTOR
GO_Biological_Process_2025,Cell Junction Organization (GO:0034330),3/69,0.0044654510785828,0.0239069451461119,0,0,9.695992179863149,52.46874707193491,APP;MAPT;SNCA
GO_Biological_Process_2025,Regulation of Systemic Arterial Blood Pressure (GO:0003073),2/21,0.0045118499417907,0.0239069451461119,0,0,22.267637178051512,120.2685777556432,KLK1;KLK2
GO_Biological_Process_2025,Cellular Response to Estradiol Stimulus (GO:0071392),2/21,0.0045118499417907,0.0239069451461119,0,0,22.267637178051512,120.2685777556432,ESR1;ESR2
GO_Biological_Process_2025,Sensory Perception of Pain (GO:0019233),2/21,0.0045118499417907,0.0239069451461119,0,0,22.267637178051512,120.2685777556432,MMP12;PTGES
GO_Biological_Process_2025,Negative Regulation of Signal Transduction by P53 Class Mediator (GO:1901797),2/21,0.0045118499417907,0.0239069451461119,0,0,22.267637178051512,120.2685777556432,KDM1A;DYRK1A
GO_Biological_Process_2025,Negative Regulation of Cell Motility (GO:2000146),4/139,0.0045298232622391,0.0239245034432825,0,0,6.36682769726248,34.362229755258646,GSK3B;ADORA3;SERPINE1;CYP1B1
GO_Biological_Process_2025,Negative Regulation of TOR Signaling (GO:0032007),3/70,0.0046493401598271,0.0243978236039802,0,0,9.550794415021668,51.2976030457789,GSK3B;PRKAA2;MAPKAPK5
GO_Biological_Process_2025,Negative Regulation of Immune Response (GO:0050777),3/70,0.0046493401598271,0.0243978236039802,0,0,9.550794415021668,51.2976030457789,SRC;FYN;MAPK14
GO_Biological_Process_2025,Positive Regulation of Cytokine Production (GO:0001819),6/325,0.0047937975294037,0.0250752486153428,0,0,4.09299895506792,21.858384142882567,APP;STING1;SERPINE1;CYP1B1;MAPK14;HIF1A
GO_Biological_Process_2025,Fc-gamma Receptor Signaling Pathway Involved in Phagocytosis (GO:0038096),2/22,0.0049475906363984,0.02547150762966,0,0,21.153191489361703,112.29921711841662,SRC;FYN
GO_Biological_Process_2025,Cell Migration Involved in Sprouting Angiogenesis (GO:0002042),2/22,0.0049475906363984,0.02547150762966,0,0,21.153191489361703,112.29921711841662,KDR;VEGFA
GO_Biological_Process_2025,Steroid Hormone Biosynthetic Process (GO:0120178),2/22,0.0049475906363984,0.02547150762966,0,0,21.153191489361703,112.29921711841662,HSD17B1;CYP19A1
GO_Biological_Process_2025,Positive Regulation of Neural Precursor Cell Proliferation (GO:2000179),2/22,0.0049475906363984,0.02547150762966,0,0,21.153191489361703,112.29921711841662,KDM1A;VEGFA
GO_Biological_Process_2025,Regulation of Biosynthetic Process (GO:0009889),2/22,0.0049475906363984,0.02547150762966,0,0,21.153191489361703,112.29921711841662,ALOX5;SNCA
GO_Biological_Process_2025,Positive Regulation of Protein Transport (GO:0051222),3/73,0.0052282833821959,0.0267885588747547,0,0,9.140092165898617,48.01904884848528,ACHE;APP;TTR
GO_Biological_Process_2025,Positive Regulation of RNA Biosynthetic Process (GO:1902680),8/555,0.005236244044759,0.0267885588747547,0,0,3.217051686887153,16.8964406649628,KCNH2;STAT1;DYRK1A;DYRK1B;SOST;HIF1A;ESR1;ESR2
GO_Biological_Process_2025,Negative Regulation of Hippo Signaling (GO:0035331),2/23,0.0054019331785707,0.0270428065872005,0,0,20.144883485309016,105.1764043129469,SRC;MAPK14
GO_Biological_Process_2025,Negative Regulation of Oxidative Stress-Induced Intrinsic Apoptotic Signaling Pathway (GO:1902176),2/23,0.0054019331785707,0.0270428065872005,0,0,20.144883485309016,105.1764043129469,FYN;HIF1A
GO_Biological_Process_2025,Phosphatidylinositol-Mediated Signaling (GO:0048015),2/23,0.0054019331785707,0.0270428065872005,0,0,20.144883485309016,105.1764043129469,PIK3CA;FGFR1
GO_Biological_Process_2025,Positive Regulation of Cell-Substrate Junction Organization (GO:0150117),2/23,0.0054019331785707,0.0270428065872005,0,0,20.144883485309016,105.1764043129469,KDR;VEGFA
GO_Biological_Process_2025,Positive Regulation of Phosphate Metabolic Process (GO:0045937),2/23,0.0054019331785707,0.0270428065872005,0,0,20.144883485309016,105.1764043129469,SRC;SNCA
GO_Biological_Process_2025,Positive Regulation of Tyrosine Phosphorylation of STAT Protein (GO:0042531),2/23,0.0054019331785707,0.0270428065872005,0,0,20.144883485309016,105.1764043129469,FLT3;KIT
GO_Biological_Process_2025,Prostanoid Metabolic Process (GO:0006692),2/23,0.0054019331785707,0.0270428065872005,0,0,20.144883485309016,105.1764043129469,CBR1;PTGES
GO_Biological_Process_2025,Negative Regulation of Apoptotic Signaling Pathway (GO:2001234),3/74,0.0054304585113902,0.0271024718366634,0,0,9.010904134484326,46.99845841376069,SRC;BCL2;MMP9
GO_Biological_Process_2025,Import Into Nucleus (GO:0051170),3/75,0.0056372798281507,0.027629678933935,0,0,8.885304659498209,46.01124963529802,MMP12;TERT;SIRT6
GO_Biological_Process_2025,Positive Regulation of Protein Serine/Threonine Kinase Activity (GO:0071902),3/75,0.0056372798281507,0.027629678933935,0,0,8.885304659498209,46.01124963529802,FLT3;SRC;FGFR1
GO_Biological_Process_2025,Positive Regulation of Secretion by Cell (GO:1903532),3/75,0.0056372798281507,0.027629678933935,0,0,8.885304659498209,46.01124963529802,ACHE;TTR;SNCA
GO_Biological_Process_2025,Glycoprotein Biosynthetic Process (GO:0009101),3/76,0.0058487757270354,0.027629678933935,0,0,8.763146266018559,45.055917352368986,FUT7;FUT4;ST3GAL3
GO_Biological_Process_2025,Lymphocyte Differentiation (GO:0030098),3/76,0.0058487757270354,0.027629678933935,0,0,8.763146266018559,45.055917352368986,FLT3;AXL;KIT
GO_Biological_Process_2025,Negative Regulation of Supramolecular Fiber Organization (GO:1902904),3/76,0.0058487757270354,0.027629678933935,0,0,8.763146266018559,45.055917352368986,PIK3CA;DYRK1A;SNCA
GO_Biological_Process_2025,Positive Regulation of Protein Secretion (GO:0050714),3/76,0.0058487757270354,0.027629678933935,0,0,8.763146266018559,45.055917352368986,ACHE;TTR;SIRT6
GO_Biological_Process_2025,Positive Regulation of Protein Ubiquitination (GO:0031398),3/76,0.0058487757270354,0.027629678933935,0,0,8.763146266018559,45.055917352368986,GSK3B;KDM1A;PLK1
GO_Biological_Process_2025,Fc Receptor Mediated Stimulatory Signaling Pathway (GO:0002431),2/24,0.0058746927635266,0.027629678933935,0,0,19.22823984526112,98.77742005697412,SRC;FYN
GO_Biological_Process_2025,Regulation of Intracellular Steroid Hormone Receptor Signaling Pathway (GO:0033143),2/24,0.0058746927635266,0.027629678933935,0,0,19.22823984526112,98.77742005697412,KDM1A;HDAC6
GO_Biological_Process_2025,Regulation of Myotube Differentiation (GO:0010830),2/24,0.0058746927635266,0.027629678933935,0,0,19.22823984526112,98.77742005697412,MMP14;MAPK14
GO_Biological_Process_2025,Cellular Response to Steroid Hormone Stimulus (GO:0071383),2/24,0.0058746927635266,0.027629678933935,0,0,19.22823984526112,98.77742005697412,SRC;ESR1
GO_Biological_Process_2025,Macrophage Differentiation (GO:0030225),2/24,0.0058746927635266,0.027629678933935,0,0,19.22823984526112,98.77742005697412,MMP9;VEGFA
GO_Biological_Process_2025,Negative Regulation of Extrinsic Apoptotic Signaling Pathway in Absence of Ligand (GO:2001240),2/24,0.0058746927635266,0.027629678933935,0,0,19.22823984526112,98.77742005697412,TERT;BCL2
GO_Biological_Process_2025,Negative Regulation of Extrinsic Apoptotic Signaling Pathway via Death Domain Receptors (GO:1902042),2/24,0.0058746927635266,0.027629678933935,0,0,19.22823984526112,98.77742005697412,GSK3B;SERPINE1
GO_Biological_Process_2025,Negative Regulation of Response to Wounding (GO:1903035),2/24,0.0058746927635266,0.027629678933935,0,0,19.22823984526112,98.77742005697412,ALOX5;SERPINE1
GO_Biological_Process_2025,Negative Regulation of Signal Transduction in Absence of Ligand (GO:1901099),2/24,0.0058746927635266,0.027629678933935,0,0,19.22823984526112,98.77742005697412,TERT;BCL2
GO_Biological_Process_2025,Positive Regulation of Morphogenesis of an Epithelium (GO:1905332),2/24,0.0058746927635266,0.027629678933935,0,0,19.22823984526112,98.77742005697412,SIRT6;VEGFA
GO_Biological_Process_2025,Positive Regulation of Receptor Internalization (GO:0002092),2/24,0.0058746927635266,0.027629678933935,0,0,19.22823984526112,98.77742005697412,APP;VEGFA
GO_Biological_Process_2025,Positive Regulation of Striated Muscle Cell Differentiation (GO:0051155),2/24,0.0058746927635266,0.027629678933935,0,0,19.22823984526112,98.77742005697412,MMP14;MAPK14
GO_Biological_Process_2025,Positive Regulation of Macroautophagy (GO:0016239),3/78,0.0062859012116959,0.0292642236249684,0,0,8.528602150537635,43.235288538110304,PRKAA2;STING1;KDR
GO_Biological_Process_2025,Regulation of Protein Export From Nucleus (GO:0046825),2/25,0.0063656858988136,0.0292642236249684,0,0,18.39130434782609,93.00176010517843,GSK3B;SIRT6
GO_Biological_Process_2025,Cardiac Muscle Cell Development (GO:0055013),2/25,0.0063656858988136,0.0292642236249684,0,0,18.39130434782609,93.00176010517843,TTR;VEGFA
GO_Biological_Process_2025,Steroid Biosynthetic Process (GO:0006694),2/25,0.0063656858988136,0.0292642236249684,0,0,18.39130434782609,93.00176010517843,HSD17B1;CYP19A1
GO_Biological_Process_2025,Icosanoid Biosynthetic Process (GO:0046456),2/25,0.0063656858988136,0.0292642236249684,0,0,18.39130434782609,93.00176010517843,CBR1;ALOX5
GO_Biological_Process_2025,Lipid Translocation (GO:0034204),2/25,0.0063656858988136,0.0292642236249684,0,0,18.39130434782609,93.00176010517843,ABCC1;ABCB1
GO_Biological_Process_2025,Negative Regulation of Intrinsic Apoptotic Signaling Pathway in Response to DNA Damage (GO:1902230),2/25,0.0063656858988136,0.0292642236249684,0,0,18.39130434782609,93.00176010517843,KDM1A;BCL2
GO_Biological_Process_2025,Positive Regulation of Neutrophil Migration (GO:1902624),2/25,0.0063656858988136,0.0292642236249684,0,0,18.39130434782609,93.00176010517843,FUT7;FUT4
GO_Biological_Process_2025,Sphingolipid Metabolic Process (GO:0006665),3/79,0.0065115839843962,0.029850856917232,0,0,8.415959252971138,42.36739094198903,ABCC1;FUT7;ABCG2
GO_Biological_Process_2025,Regulation of Double-Strand Break Repair via Homologous Recombination (GO:0010569),3/80,0.0067420477233622,0.0307346980014724,0,0,8.306242144951822,41.52615707146557,KDM1A;PLK1;SIRT6
GO_Biological_Process_2025,Protein Import Into Nucleus (GO:0006606),3/80,0.0067420477233622,0.0307346980014724,0,0,8.306242144951822,41.52615707146557,MMP12;TERT;SIRT6
GO_Biological_Process_2025,Regulation of Glycogen Biosynthetic Process (GO:0005979),2/26,0.0068747303967701,0.0309078788086196,0,0,17.624113475177303,87.76637294514885,GSK3B;DYRK2
GO_Biological_Process_2025,Blood Vessel Endothelial Cell Migration (GO:0043534),2/26,0.0068747303967701,0.0309078788086196,0,0,17.624113475177303,87.76637294514885,KDR;VEGFA
GO_Biological_Process_2025,Hormone Biosynthetic Process (GO:0042446),2/26,0.0068747303967701,0.0309078788086196,0,0,17.624113475177303,87.76637294514885,HSD17B1;CYP19A1
GO_Biological_Process_2025,Myeloid Cell Development (GO:0061515),2/26,0.0068747303967701,0.0309078788086196,0,0,17.624113475177303,87.76637294514885,APP;KIT
GO_Biological_Process_2025,Negative Regulation of Endothelial Cell Apoptotic Process (GO:2000352),2/26,0.0068747303967701,0.0309078788086196,0,0,17.624113475177303,87.76637294514885,SERPINE1;KDR
GO_Biological_Process_2025,Positive Regulation of Organelle Organization (GO:0010638),3/81,0.0069773172714288,0.0311972103752655,0,0,8.19933829611249,40.71045898559802,GSK3B;KDR;MMP9
GO_Biological_Process_2025,Regulation of Catabolic Process (GO:0009894),3/81,0.0069773172714288,0.0311972103752655,0,0,8.19933829611249,40.71045898559802,SIRT6;MAPT;HDAC6
GO_Biological_Process_2025,Response to Insulin (GO:0032868),3/82,0.0072174167778395,0.0321825797306944,0,0,8.095140873826052,39.91922962884147,PKM;PIK3CA;MTOR
GO_Biological_Process_2025,Epithelium Development (GO:0060429),4/159,0.0072535501554979,0.0322555690838491,0,0,5.5396914446002805,27.289983938110005,CBR1;STAT1;KDR;VEGFA
GO_Biological_Process_2025,Regulation of Mitochondrial Fission (GO:0090140),2/27,0.0074016453659445,0.0325201628088599,0,0,16.918297872340425,83.0020652995721,KDR;MAPT
GO_Biological_Process_2025,Regulation of Reactive Oxygen Species Biosynthetic Process (GO:1903426),2/27,0.0074016453659445,0.0325201628088599,0,0,16.918297872340425,83.0020652995721,ALOX5;SNCA
GO_Biological_Process_2025,Striated Muscle Cell Development (GO:0055002),2/27,0.0074016453659445,0.0325201628088599,0,0,16.918297872340425,83.0020652995721,TTR;VEGFA
GO_Biological_Process_2025,Positive Regulation of Vascular Endothelial Growth Factor Production (GO:0010575),2/27,0.0074016453659445,0.0325201628088599,0,0,16.918297872340425,83.0020652995721,CYP1B1;HIF1A
GO_Biological_Process_2025,Skeletal System Development (GO:0001501),4/160,0.0074126841696666,0.0325201628088599,0,0,5.503901895206243,26.994231769856466,ADAMTS4;RPS6KA3;MMP14;FGFR1
GO_Biological_Process_2025,Vascular Transport (GO:0010232),3/84,0.0077121988854748,0.0337434546410052,0,0,7.894464356829948,38.406189632086594,ABCC1;ABCB1;ABCG2
GO_Biological_Process_2025,Regulation of Extrinsic Apoptotic Signaling Pathway in Absence of Ligand (GO:2001239),2/28,0.0079462512056703,0.0341260470227452,0,0,16.266775777414075,78.65075568636239,TERT;BCL2
GO_Biological_Process_2025,Regulation of Monocyte Chemotaxis (GO:0090025),2/28,0.0079462512056703,0.0341260470227452,0,0,16.266775777414075,78.65075568636239,APP;SERPINE1
GO_Biological_Process_2025,Regulation of Tyrosine Phosphorylation of STAT Protein (GO:0042509),2/28,0.0079462512056703,0.0341260470227452,0,0,16.266775777414075,78.65075568636239,FLT3;KIT
GO_Biological_Process_2025,Hematopoietic Progenitor Cell Differentiation (GO:0002244),2/28,0.0079462512056703,0.0341260470227452,0,0,16.266775777414075,78.65075568636239,FLT3;KIT
GO_Biological_Process_2025,Negative Regulation of Protein Polymerization (GO:0032272),2/28,0.0079462512056703,0.0341260470227452,0,0,16.266775777414075,78.65075568636239,DYRK1A;SNCA
GO_Biological_Process_2025,Positive Regulation of G Protein-Coupled Receptor Signaling Pathway (GO:0045745),2/28,0.0079462512056703,0.0341260470227452,0,0,16.266775777414075,78.65075568636239,APP;HIF1A
GO_Biological_Process_2025,Regulation of Calcium Ion Transmembrane Transport (GO:1903169),2/28,0.0079462512056703,0.0341260470227452,0,0,16.266775777414075,78.65075568636239,APP;FYN
GO_Biological_Process_2025,Positive Regulation of Endocytosis (GO:0045807),3/85,0.0079669264189129,0.0341260470227452,0,0,7.797797010228167,37.682514881754805,AXL;SERPINE1;SNCA
GO_Biological_Process_2025,Positive Regulation of MAPK Cascade (GO:0043410),6/362,0.0079917983861638,0.0341429711157576,0,0,3.660674157303371,17.67863817604339,APP;FLT3;KIT;KDR;VEGFA;FGFR1
GO_Biological_Process_2025,Transport Across Blood-Brain Barrier (GO:0150104),3/86,0.0082265737933977,0.0350542256679506,0,0,7.703458997279441,36.97957408731587,ABCC1;ABCB1;ABCG2
GO_Biological_Process_2025,Nervous System Development (GO:0007399),7/480,0.0083653003802354,0.0353324661048218,0,0,3.231037841176331,15.456196288799868,ACHE;APP;RPS6KA3;AXL;DYRK1A;MAPT;VEGFA
GO_Biological_Process_2025,Fc-gamma Receptor Signaling Pathway (GO:0038094),2/29,0.0085083695950949,0.0353324661048218,0,0,15.663514578408195,74.66335234524666,SRC;FYN
GO_Biological_Process_2025,Regulation of Long-Term Synaptic Potentiation (GO:1900271),2/29,0.0085083695950949,0.0353324661048218,0,0,15.663514578408195,74.66335234524666,APP;GSK3B
GO_Biological_Process_2025,Regulation of Plasma Membrane Bounded Cell Projection Organization (GO:0120035),2/29,0.0085083695950949,0.0353324661048218,0,0,15.663514578408195,74.66335234524666,APP;GSK3B
GO_Biological_Process_2025,Camera-Type Eye Development (GO:0043010),2/29,0.0085083695950949,0.0353324661048218,0,0,15.663514578408195,74.66335234524666,CYP1B1;VEGFA
GO_Biological_Process_2025,Regulation of Vascular Endothelial Growth Factor Production (GO:0010574),2/29,0.0085083695950949,0.0353324661048218,0,0,15.663514578408195,74.66335234524666,CYP1B1;HIF1A
GO_Biological_Process_2025,Synaptic Vesicle Endocytosis (GO:0048488),2/29,0.0085083695950949,0.0353324661048218,0,0,15.663514578408195,74.66335234524666,SYNJ2;SNCA
GO_Biological_Process_2025,Negative Regulation of Wound Healing (GO:0061045),2/29,0.0085083695950949,0.0353324661048218,0,0,15.663514578408195,74.66335234524666,ALOX5;SERPINE1
GO_Biological_Process_2025,Positive Regulation of Defense Response to Virus by Host (GO:0002230),2/29,0.0085083695950949,0.0353324661048218,0,0,15.663514578408195,74.66335234524666,STING1;STAT1
GO_Biological_Process_2025,Regulation of Androgen Receptor Signaling Pathway (GO:0060765),2/29,0.0085083695950949,0.0353324661048218,0,0,15.663514578408195,74.66335234524666,KDM1A;HDAC6
GO_Biological_Process_2025,Cellular Response to Hormone Stimulus (GO:0032870),3/89,0.0090352399874704,0.0372646430374636,0,0,7.433608402100525,34.98719074188787,SRC;SOST;ESR1
GO_Biological_Process_2025,Cellular Response to Acid Chemical (GO:0071229),2/30,0.009087823485852,0.0372646430374636,0,0,15.103343465045592,70.99809661026983,MTOR;VEGFA
GO_Biological_Process_2025,Glycosphingolipid Biosynthetic Process (GO:0006688),2/30,0.009087823485852,0.0372646430374636,0,0,15.103343465045592,70.99809661026983,FUT4;ST3GAL3
GO_Biological_Process_2025,Positive Regulation of Nitric Oxide Biosynthetic Process (GO:0045429),2/30,0.009087823485852,0.0372646430374636,0,0,15.103343465045592,70.99809661026983,APP;ESR1
GO_Biological_Process_2025,Prostaglandin Metabolic Process (GO:0006693),2/30,0.009087823485852,0.0372646430374636,0,0,15.103343465045592,70.99809661026983,PTGS1;PTGES
GO_Biological_Process_2025,Establishment of Protein Localization to Organelle (GO:0072594),3/90,0.0093147685615091,0.0380995044921879,0,0,7.347793845012977,34.35941646878212,MMP12;TERT;SIRT6
GO_Biological_Process_2025,Regulation of Epithelial to Mesenchymal Transition (GO:0010717),3/91,0.0095993147289394,0.0391212904441173,0,0,7.263929618768328,33.74867874381312,GSK3B;KDM1A;MTOR
GO_Biological_Process_2025,Chromosome Condensation (GO:0030261),2/31,0.0096844370952349,0.0391212904441173,0,0,14.581804842259722,67.61925731038481,TTR;PLK1
GO_Biological_Process_2025,Innate Immune Response Activating Cell Surface Receptor Signaling Pathway (GO:0002220),2/31,0.0096844370952349,0.0391212904441173,0,0,14.581804842259722,67.61925731038481,SRC;FYN
GO_Biological_Process_2025,Positive Regulation of Lamellipodium Organization (GO:1902745),2/31,0.0096844370952349,0.0391212904441173,0,0,14.581804842259722,67.61925731038481,PIK3CA;SRC
GO_Biological_Process_2025,Positive Regulation of Nitric Oxide Metabolic Process (GO:1904407),2/31,0.0096844370952349,0.0391212904441173,0,0,14.581804842259722,67.61925731038481,APP;ESR1
GO_Biological_Process_2025,Positive Regulation of DNA-binding Transcription Factor Activity (GO:0051091),4/174,0.0098868426505807,0.0397504397552278,0,0,5.047058823529412,23.30000158690932,STING1;KIT;ESR1;ESR2
GO_Biological_Process_2025,Glucose Homeostasis (GO:0042593),3/92,0.0098888961645971,0.0397504397552278,0,0,7.181949981877492,33.154342735740734,PRKAA2;ALOX5;HIF1A
GO_Biological_Process_2025,Negative Regulation of Angiogenesis (GO:0016525),3/93,0.0101835299327531,0.0408342035632753,0,0,7.101792114695341,32.57580379183859,STAT1;ALOX5;SERPINE1
GO_Biological_Process_2025,Regulation of Extrinsic Apoptotic Signaling Pathway via Death Domain Receptors (GO:1902041),2/32,0.0102980358970329,0.0409912063023358,0,0,14.095035460992907,64.49609274272176,GSK3B;SERPINE1
GO_Biological_Process_2025,TOR Signaling (GO:0031929),2/32,0.0102980358970329,0.0409912063023358,0,0,14.095035460992907,64.49609274272176,RPS6KA3;MTOR
GO_Biological_Process_2025,Regulation of Cell Migration Involved in Sprouting Angiogenesis (GO:0090049),2/32,0.0102980358970329,0.0409912063023358,0,0,14.095035460992907,64.49609274272176,KDR;VEGFA
GO_Biological_Process_2025,Lipid Biosynthetic Process (GO:0008610),3/94,0.0104832324988093,0.0415258141700407,0,0,7.02339595887983,32.01248569235427,PRKAA2;HSD17B1;CYP19A1
GO_Biological_Process_2025,Positive Regulation of Phosphorylation (GO:0042327),3/94,0.0104832324988093,0.0415258141700407,0,0,7.02339595887983,32.01248569235427,KDR;MMP9;VEGFA
GO_Biological_Process_2025,Vasculogenesis (GO:0001570),2/33,0.010928446612773,0.0429764454748087,0,0,13.639670555936856,61.60201862094402,KDR;VEGFA
GO_Biological_Process_2025,Protein Localization to Chromatin (GO:0071168),2/33,0.010928446612773,0.0429764454748087,0,0,13.639670555936856,61.60201862094402,PLK1;ESR1
GO_Biological_Process_2025,Regulation of calcineurin-NFAT Signaling Cascade (GO:0070884),2/33,0.010928446612773,0.0429764454748087,0,0,13.639670555936856,61.60201862094402,GSK3B;DYRK2
GO_Biological_Process_2025,B Cell Activation (GO:0042113),3/96,0.0110979069043523,0.0435379424709206,0,0,6.871661463753035,30.92933969739665,FLT3;KIT;BCL2
GO_Biological_Process_2025,Regulation of TORC1 Signaling (GO:1903432),3/97,0.0114129087181845,0.044666347789154,0,0,6.798215511324639,30.408487463309,DYRK3;PRKAA2;SRC
GO_Biological_Process_2025,Regulation of Developmental Growth (GO:0048638),2/34,0.0115754972109367,0.0448722362191181,0,0,13.212765957446807,58.91393603867177,APP;GSK3B
GO_Biological_Process_2025,Synaptic Vesicle Recycling (GO:0036465),2/34,0.0115754972109367,0.0448722362191181,0,0,13.212765957446807,58.91393603867177,SYNJ2;SNCA
GO_Biological_Process_2025,Negative Regulation of Microtubule Polymerization or Depolymerization (GO:0031111),2/34,0.0115754972109367,0.0448722362191181,0,0,13.212765957446807,58.91393603867177,DYRK1A;SNCA
GO_Biological_Process_2025,"Regulation of DNA Damage Response, Signal Transduction by P53 Class Mediator (GO:0043516)",2/34,0.0115754972109367,0.0448722362191181,0,0,13.212765957446807,58.91393603867177,KDM1A;DYRK1A
GO_Biological_Process_2025,Positive Regulation of Catabolic Process (GO:0009896),4/183,0.01173044919321,0.0452678962865737,0,0,4.79111003157639,21.299202195638077,GSK3B;PRKAA2;MTOR;SNCA
GO_Biological_Process_2025,Positive Regulation of Protein Modification Process (GO:0031401),3/98,0.0117330392948656,0.0452678962865737,0,0,6.726315789473684,29.900804658388942,KDR;MMP9;VEGFA
GO_Biological_Process_2025,Negative Regulation of Cell Migration (GO:0030336),4/184,0.0119479884203184,0.0459884837310368,0,0,4.764251207729469,21.092256489866152,GSK3B;ADORA3;SERPINE1;CYP1B1
GO_Biological_Process_2025,Regulation of Mitochondrial Membrane Potential (GO:0051881),2/35,0.0122390168869593,0.0465596166888523,0,0,12.811734364925854,56.411684848762775,BCL2;MAPT
GO_Biological_Process_2025,Phospholipid Translocation (GO:0045332),2/35,0.0122390168869593,0.0465596166888523,0,0,12.811734364925854,56.411684848762775,ABCC1;ABCB1
GO_Biological_Process_2025,Positive Regulation of Macromolecule Metabolic Process (GO:0010604),2/35,0.0122390168869593,0.0465596166888523,0,0,12.811734364925854,56.411684848762775,APP;SNCA
GO_Biological_Process_2025,Positive Regulation of Mononuclear Cell Migration (GO:0071677),2/35,0.0122390168869593,0.0465596166888523,0,0,12.811734364925854,56.411684848762775,APP;SERPINE1
GO_Biological_Process_2025,Regulation of Cellular Senescence (GO:2000772),2/35,0.0122390168869593,0.0465596166888523,0,0,12.811734364925854,56.411684848762775,TERT;SIRT6
GO_Biological_Process_2025,Hemopoiesis (GO:0030097),3/101,0.0127243362978483,0.048293294972299,0,0,6.519420671494404,28.452309138616958,FLT3;KIT;KDR
GO_Biological_Process_2025,Cellular Response to Heat (GO:0034605),2/36,0.0129188360685873,0.0488044918146631,0,0,12.434292866082604,54.07759605240032,MAPT;HDAC6
GO_Biological_Process_2025,Regulation of Blood Circulation (GO:1903522),2/36,0.0129188360685873,0.0488044918146631,0,0,12.434292866082604,54.07759605240032,APP;ADORA3
GO_Cellular_Component_2025,Dendrite (GO:0030425),10/281,9.9486159760723e-07,6.11644655294015e-05,0,0,8.42401098429589,116.42541024491744,MMP12;APP;GSK3B;PRKAA2;STAT1;ADORA3;DYRK1A;FYN;MAPT;HDAC6
GO_Cellular_Component_2025,Axon (GO:0030424),9/217,1.0109829013124214e-06,6.11644655294015e-05,0,0,9.79575596816976,135.2263706921469,MMP12;APP;GSK3B;PRKAA2;STAT1;DYRK1A;MAPT;HDAC6;SNCA
GO_Cellular_Component_2025,Neuron Projection (GO:0043005),12/560,1.517615588331942e-05,0.0005618758041199232,0,0,5.045881126173097,55.98801238245916,MMP12;APP;GSK3B;PRKAA2;STAT1;ADORA3;DYRK1A;FYN;MAPT;HDAC6;PTGS1;SNCA
GO_Cellular_Component_2025,Membrane Raft (GO:0045121),7/171,1.8574406747766052e-05,0.0005618758041199232,0,0,9.466977254042204,103.13065536462572,MMP12;APP;SRC;KDR;FYN;MAPT;ABCG2
GO_Cellular_Component_2025,Secretory Granule Lumen (GO:0034774),7/316,0.0008248756377224851,0.0167621180219114,0,0,4.987636813206793,35.41360756346221,APP;PKM;TTR;ALOX5;SERPINE1;MAPK14;VEGFA
GO_Cellular_Component_2025,Platelet Alpha Granule (GO:0031091),4/90,0.0009289345569948932,0.0167621180219114,0,0,10.019211324570271,69.94884599169751,APP;SERPINE1;SNCA;VEGFA
GO_Cellular_Component_2025,Lytic Vacuole (GO:0000323),6/236,0.000969709307052726,0.0167621180219114,0,0,5.702608695652174,39.56763149640548,BACE1;APP;SRC;TYR;MTOR;SNCA
GO_Cellular_Component_2025,trans-Golgi Network (GO:0005802),6/251,0.0013303954664075,0.0201222314294137,0,0,5.349387755102041,35.425138395583375,BACE1;MMP12;APP;FUT7;CA4;FUT4
GO_Cellular_Component_2025,Golgi-associated Vesicle (GO:0005798),3/48,0.0015850525143587,0.0213101504708233,0,0,14.23584229390681,91.78043611536052,BACE1;APP;TYR
GO_Cellular_Component_2025,Cytoskeleton (GO:0005856),10/694,0.0018252632106493,0.0220856848488566,0,0,3.267373861009112,20.60416110879155,DYRK4;DYRK3;MMP14;DYRK2;AXL;PLK1;DYRK1A;MAPT;CLK3;SNCA
GO_Cellular_Component_2025,Glial Cell Projection (GO:0097386),2/15,0.0022985611577693,0.0221335467642248,0,0,32.55482815057283,197.78594479007495,FYN;MAPT
GO_Cellular_Component_2025,Cytoplasmic Vesicle Lumen (GO:0060205),4/117,0.0024427233131699,0.0221335467642248,0,0,7.614851866102347,45.80060595477753,BACE1;PKM;ALOX5;MAPK14
GO_Cellular_Component_2025,Collagen-Containing Extracellular Matrix (GO:0062023),7/383,0.0024751556016086,0.0221335467642248,0,0,4.084867320105188,24.51513521170729,ADAMTS4;ACHE;PKM;MMP2;SERPINE1;SOST;MMP9
GO_Cellular_Component_2025,Intracellular Membrane-Bounded Organelle (GO:0043231),40/5597,0.0026676766192714,0.0221335467642248,0,0,1.8441348106635127,10.929352303662425,APP;DYRK4;GSK3B;DYRK3;DNMT1;DYRK2;PRKAA2;KDM1A;KLK1;SRC;HIF1A;HDAC6;PSMB5;TERT;CYP1B1;FYN;SNCA;STAT1;PLK1;DYRK1A;DYRK1B;RPSA;SIRT6;CSNK1E;MAPK14;TYR;CLK4;ESR1;CLK3;ESR2;MTOR;MMP12;RAD52;MMP14;PKM;AXL;CDK2;BCL2;MAPKAPK5;MAPT
GO_Cellular_Component_2025,Nucleus (GO:0005634),36/4879,0.0028558537549862,0.0221335467642248,0,0,1.865909560189965,10.931215537695216,APP;DYRK4;GSK3B;DYRK3;DNMT1;DYRK2;PRKAA2;KDM1A;KLK1;HIF1A;HDAC6;PSMB5;TERT;FYN;SNCA;STAT1;PLK1;DYRK1A;DYRK1B;RPSA;SIRT6;CSNK1E;MAPK14;CLK4;ESR1;CLK3;ESR2;MTOR;MMP12;RAD52;MMP14;PKM;CDK2;BCL2;MAPKAPK5;MAPT
GO_Cellular_Component_2025,Ficolin-1-Rich Granule Lumen (GO:1904813),4/123,0.002926749985352,0.0221335467642248,0,0,7.228717573986116,42.17134576305843,PKM;ALOX5;MAPK14;MMP9
GO_Cellular_Component_2025,Platelet Alpha Granule Lumen (GO:0031093),3/66,0.003940609812375,0.0280478698410221,0,0,10.159242191500256,56.24582955023419,APP;SERPINE1;VEGFA
GO_Cellular_Component_2025,Protein Kinase Complex (GO:1902911),2/22,0.0049475906363984,0.0320377770174607,0,0,21.153191489361703,112.29921711841662,STING1;MTOR
GO_Cellular_Component_2025,Serine/Threonine Protein Kinase Complex (GO:1902554),3/72,0.0050307253167913,0.0320377770174607,0,0,9.273024777933614,49.07461926566847,STING1;CDK2;MTOR
GO_Molecular_Function_2025,Carbonate Dehydratase Activity (GO:0004089),9/12,1.9998037798154572e-19,5.0595035629331073e-17,0,0,686.2413793103449,29546.855286973245,CA12;CA3;CA5B;CA2;CA5A;CA4;CA7;CA6;CA9
GO_Molecular_Function_2025,Protein Tyrosine Kinase Activity (GO:0004713),14/102,5.420040632892482e-17,6.85635140060899e-15,0,0,38.44567627494457,1439.938333558326,DYRK2;FLT3;SRC;DYRK1A;CLK4;CLK3;MTOR;PKM;TTR;AXL;KIT;KDR;FYN;FGFR1
GO_Molecular_Function_2025,Hydro-Lyase Activity (GO:0016836),10/46,1.4175069343753883e-14,1.1954308479899109e-12,0,0,64.17312661498708,2046.307204678376,CA12;CA1;CA3;CA5B;CA2;CA5A;CA4;CA7;CA6;CA9
GO_Molecular_Function_2025,Protein Serine/Threonine Kinase Activity (GO:0004674),18/359,9.37573094149264e-14,5.930149820494095e-12,0,0,13.239115722986693,397.1478773810464,DYRK4;GSK3B;DYRK3;DYRK2;PRKAA2;PLK1;DYRK1A;DYRK1B;CSNK1E;MAPK14;CLK4;CLK3;MTOR;RPS6KA3;PKM;TTR;CDK2;MAPKAPK5
GO_Molecular_Function_2025,Endopeptidase Activity (GO:0004175),13/311,3.074283070038286e-09,1.4261395531135862e-07,0,0,10.304762674860516,201.9753486932624,KLK1;MMP1;MMP2;KLK2;MMP9;ADAMTS4;BACE1;MMP12;DPP4;ADAMTS5;MMP14;MMP13;PSMB5
GO_Molecular_Function_2025,Protein Homodimerization Activity (GO:0042803),18/680,3.382149137818782e-09,1.4261395531135862e-07,0,0,6.70764582849175,130.83098509007078,KCNH2;ACHE;APP;STAT1;SIRT6;TYR;VEGFA;MMP12;DPP4;PKM;TTR;TERT;STING1;HSD17B1;KIT;XDH;ABCG2;FGFR1
GO_Molecular_Function_2025,Serine-Type Endopeptidase Activity (GO:0004252),9/136,1.8712538418194048e-08,6.763246028290135e-07,0,0,16.109421667119197,286.6522095728335,MMP12;DPP4;MMP14;MMP13;KLK1;MMP1;MMP2;KLK2;MMP9
GO_Molecular_Function_2025,Metalloendopeptidase Activity (GO:0004222),8/99,2.50598223412666e-08,7.925168815425561e-07,0,0,19.793206793206792,346.42070483626594,ADAMTS4;MMP12;ADAMTS5;MMP14;MMP13;MMP1;MMP2;MMP9
GO_Molecular_Function_2025,Serine-Type Peptidase Activity (GO:0008236),9/149,4.142335931812611e-08,1.1644566563873229e-06,0,0,14.603940886699508,248.25853764692343,MMP12;DPP4;MMP14;MMP13;KLK1;MMP1;MMP2;KLK2;MMP9
GO_Molecular_Function_2025,Metallopeptidase Activity (GO:0008237),8/122,1.2880266274383205e-07,3.258707367418951e-06,0,0,15.781499202551831,250.37323786822583,ADAMTS4;MMP12;ADAMTS5;MMP14;MMP13;MMP1;MMP2;MMP9
GO_Molecular_Function_2025,Tau Protein Binding (GO:0048156),5/40,1.321175714586205e-06,3.038704143548272e-05,0,0,31.191522762951333,422.2392857171392,GSK3B;DYRK1A;FYN;HDAC6;SNCA
GO_Molecular_Function_2025,Transmembrane Receptor Protein Tyrosine Kinase Activity (GO:0004714),5/50,4.095992102721715e-06,8.635716683238282e-05,0,0,24.247863247863247,300.8069062761304,FLT3;AXL;KIT;KDR;FGFR1
GO_Molecular_Function_2025,Transition Metal Ion Binding (GO:0046914),11/458,1.2339684991031002e-05,0.00022679255242119865,0,0,5.633030661929201,63.66839971128206,ADAMTS4;MMP12;DYRK2;MMP13;CA2;ALOX5;CA9;SIRT6;TYR;MMP9;SNCA
GO_Molecular_Function_2025,ABC-type Xenobiotic Transporter Activity (GO:0008559),3/10,1.254978550947344e-05,0.00022679255242119865,0,0,91.69124423963132,1034.809684557288,ABCC1;ABCB1;ABCG2
GO_Molecular_Function_2025,Hsp90 Protein Binding (GO:0051879),4/35,2.3282551948480395e-05,0.0003703468986413749,0,0,27.872370266479663,297.3370477191675,KDR;MAPT;HIF1A;HDAC6
GO_Molecular_Function_2025,Protease Binding (GO:0002020),6/119,2.3421147740166e-05,0.0003703468986413749,0,0,11.676106194690265,124.48914029708206,ADAMTS4;DPP4;GSK3B;TTR;SERPINE1;BCL2
GO_Molecular_Function_2025,Transcription Coactivator Binding (GO:0001223),4/36,2.6096833856651637e-05,0.00038838229210193313,0,0,27.0,284.94980709754475,TERT;STAT1;HIF1A;ESR1
GO_Molecular_Function_2025,Transmembrane Receptor Protein Kinase Activity (GO:0019199),4/37,2.9152814587708133e-05,0.0004097590050383421,0,0,26.180500658761527,273.4018974530941,FLT3;AXL;KIT;KDR
GO_Molecular_Function_2025,Protein Serine Kinase Activity (GO:0106310),3/17,6.94016149133282e-05,0.0009241372933195808,0,0,45.8294930875576,438.8449133069964,GSK3B;PLK1;DYRK1A
GO_Molecular_Function_2025,Transcription Coregulator Binding (GO:0001221),5/103,0.00013850860761213465,0.0017521338862935,0,0,11.104507737160798,98.65886609122175,TERT;STAT1;HIF1A;ESR1;HDAC6
GO_Molecular_Function_2025,Ephrin Receptor Binding (GO:0046875),3/22,0.0001544616586009299,0.0018608952202873,0,0,33.76061120543294,296.26842648702603,APP;SRC;FYN
GO_Molecular_Function_2025,Protein Kinase Binding (GO:0019901),10/527,0.0002197265233457876,0.0022857809822763,0,0,4.360352660699024,36.72780361790209,BACE1;APP;GSK3B;TTR;STING1;PLK1;MAPKAPK5;MAPT;HIF1A;ESR1
GO_Molecular_Function_2025,Zinc Ion Binding (GO:0008270),8/338,0.00022332454338364416,0.0022857809822763,0,0,5.39228650137741,45.33232977027317,ADAMTS4;MMP12;MMP13;CA2;CA9;SIRT6;MMP9;SNCA
GO_Molecular_Function_2025,4-galactosyl-N-acetylglucosaminide 3-alpha-L-fucosyltransferase Activity (GO:0017083),2/5,0.00022586768599568456,0.0022857809822763,0,0,141.1418439716312,1184.964987580801,FUT7;FUT4
GO_Molecular_Function_2025,Arylesterase Activity (GO:0004064),2/5,0.00022586768599568456,0.0022857809822763,0,0,141.1418439716312,1184.964987580801,CA1;CA2
GO_Molecular_Function_2025,Protein Serine/Threonine/Tyrosine Kinase Activity (GO:0004712),3/27,0.00028831803960752,0.0028055563084885,0,0,26.72043010752688,217.81015335035795,PRKAA2;MAPKAPK5;MAPK14
GO_Molecular_Function_2025,Alpha-(1->3)-Fucosyltransferase Activity (GO:0046920),2/7,0.0004713603714468496,0.0044168212583723,0,0,84.67659574468085,648.6132088589799,FUT7;FUT4
GO_Molecular_Function_2025,Alpha-Tubulin Binding (GO:0043014),3/35,0.0006274568787277046,0.0056695210827896,0,0,20.032258064516128,147.71457783436244,FYN;HDAC6;SNCA
GO_Molecular_Function_2025,Non-Membrane Spanning Protein Tyrosine Kinase Activity (GO:0004715),3/36,0.000682126294766358,0.0059509638819271,0,0,19.424242424242426,141.60847168791395,SRC;DYRK1A;FYN
GO_Molecular_Function_2025,Histone H3 Kinase Activity (GO:0140996),2/10,0.0010006174330829,0.0081663293732256,0,0,52.91489361702128,365.49047439590856,PKM;DYRK1A
GO_Molecular_Function_2025,Estrogen Response Element Binding (GO:0034056),2/10,0.0010006174330829,0.0081663293732256,0,0,52.91489361702128,365.49047439590856,ESR1;ESR2
GO_Molecular_Function_2025,Fucosyltransferase Activity (GO:0008417),2/11,0.0012191569333951,0.0093468698226963,0,0,47.033096926713945,315.5730647708604,FUT7;FUT4
GO_Molecular_Function_2025,Dynactin Binding (GO:0034452),2/11,0.0012191569333951,0.0093468698226963,0,0,47.033096926713945,315.5730647708604,GSK3B;MAPT
GO_Molecular_Function_2025,Transcription Corepressor Binding (GO:0001222),3/46,0.0014008065828257,0.0102494527012207,0,0,14.89947486871718,97.90008497345548,STAT1;ESR1;HDAC6
GO_Molecular_Function_2025,Vascular Endothelial Growth Factor Receptor Binding (GO:0005172),2/12,0.0014584201472092,0.0102494527012207,0,0,42.327659574468086,276.41661242727787,PGF;VEGFA
GO_Molecular_Function_2025,Lipase Activator Activity (GO:0060229),2/12,0.0014584201472092,0.0102494527012207,0,0,42.327659574468086,276.41661242727787,SRC;FYN
GO_Molecular_Function_2025,MAP Kinase Kinase Activity (GO:0004708),2/14,0.0019983199495877,0.0136641877633972,0,0,35.269503546099294,219.2157820877061,MAPKAPK5;MAPK14
GO_Molecular_Function_2025,Phospholipase Activator Activity (GO:0016004),2/15,0.0022985611577693,0.0153035782346221,0,0,32.55482815057283,197.78594479007495,SRC;FYN
GO_Molecular_Function_2025,Ubiquitin-Like Protein Ligase Binding (GO:0044389),6/284,0.0024785019559776,0.0160784870477521,0,0,4.706474820143885,28.23932404573712,KCNH2;GSK3B;STAT1;BCL2;HIF1A;HDAC6
GO_Molecular_Function_2025,Phospholipase Binding (GO:0043274),2/16,0.00261873530111,0.0165635007795213,0,0,30.227963525835865,179.70717131978577,SRC;FYN
GO_Molecular_Function_2025,DNA-binding Transcription Factor Binding (GO:0140297),6/294,0.0029416692379291,0.0178223329282282,0,0,4.54074074074074,26.466970145395106,GSK3B;KDM1A;STING1;BCL2;SOST;HIF1A
GO_Molecular_Function_2025,Nuclear Steroid Receptor Activity (GO:0003707),2/17,0.0029586481540932,0.0178223329282282,0,0,28.21134751773049,164.2753203692656,ESR1;ESR2
GO_Molecular_Function_2025,Metal Ion Binding (GO:0046872),8/516,0.003388704171691,0.019938189661345,0,0,3.471009305654975,19.74069788454306,MMP12;DYRK3;DYRK2;MMP13;TTR;MMP1;PLK1;SNCA
GO_Molecular_Function_2025,Histone Deacetylase Activity (GO:0004407),2/20,0.0040948972210907,0.0235456590212718,0,0,23.505910165484632,129.23581519530129,SIRT6;HDAC6
GO_Molecular_Function_2025,Tubulin Binding (GO:0015631),6/326,0.0048651378109707,0.0272117485001913,0,0,4.08,21.72869376582406,PLK1;DYRK1A;FYN;MAPT;HDAC6;SNCA
GO_Molecular_Function_2025,"Oxidoreductase, Single Donors W Incorp of O2, Incorp of Two Atoms of O (GO:0016702)",2/22,0.0049475906363984,0.0272117485001913,0,0,21.153191489361703,112.29921711841662,ALOX5;PTGS1
GO_Molecular_Function_2025,RNA Polymerase II-specific DNA-binding Transcription Factor Binding (GO:0061629),5/232,0.0052288616464393,0.0278916141669058,0,0,4.7627922738054895,25.021622993852727,GSK3B;KDM1A;STING1;MAPK14;HIF1A
GO_Molecular_Function_2025,Steroid Hydroxylase Activity (GO:0008395),2/23,0.0054019331785707,0.0278916141669058,0,0,20.144883485309016,105.1764043129469,CYP1B1;CYP19A1
GO_Molecular_Function_2025,Mitogen-Activated Protein Kinase Binding (GO:0051019),2/23,0.0054019331785707,0.0278916141669058,0,0,20.144883485309016,105.1764043129469,MAPKAPK5;MAPK14
GO_Molecular_Function_2025,Kinase Binding (GO:0019900),7/472,0.0076633393291801,0.0383857153946418,0,0,3.287978736257098,16.01675530175866,GSK3B;TTR;STING1;PLK1;MAPT;HIF1A;ESR1
GO_Molecular_Function_2025,Magnesium Ion Binding (GO:0000287),4/162,0.0077378319570226,0.0383857153946418,0,0,5.4336818932306,26.41657122200385,DYRK3;DYRK2;PLK1;SNCA
GO_Molecular_Function_2025,Virus Receptor Activity (GO:0001618),2/29,0.0085083695950949,0.0413964905299813,0,0,15.663514578408195,74.66335234524666,DPP4;AXL
GO_Molecular_Function_2025,Protein Tyrosine Kinase Activator Activity (GO:0030296),2/30,0.009087823485852,0.0433814970173691,0,0,15.103343465045592,70.99809661026983,SRC;VEGFA
GO_Molecular_Function_2025,Ubiquitin Protein Ligase Binding (GO:0031625),5/268,0.0094609642741308,0.044326369654724,0,0,4.1033301299461,19.123902314737983,KCNH2;GSK3B;BCL2;HIF1A;HDAC6
KEGG_2021_Human,Nitrogen metabolism,10/17,7.573667434877577e-20,1.5374544892801478e-17,0,0,330.5149501661129,14551.58978879786,CA12;CA1;CA3;CA5B;CA2;CA5A;CA4;CA7;CA6;CA9
KEGG_2021_Human,Central carbon metabolism in cancer,10/70,1.2557583193670021e-12,1.2745946941575068e-10,0,0,38.45736434108528,1053.8579802977963,PKM;PIK3CA;FLT3;PGAM1;KIT;SIRT6;MET;HIF1A;MTOR;FGFR1
KEGG_2021_Human,Pathways in cancer,19/531,7.000409006473543e-12,4.736943427713765e-10,0,0,9.34577922077922,240.04683030439332,GSK3B;FLT3;MMP1;STAT1;MMP2;MMP9;HIF1A;ESR1;PGF;ESR2;MTOR;VEGFA;PIK3CA;TERT;KIT;CDK2;BCL2;MET;FGFR1
KEGG_2021_Human,Proteoglycans in cancer,12/205,2.8619783087397076e-10,1.4524539916854018e-08,0,0,14.589933382679495,320.6041250374329,PIK3CA;SRC;MMP2;KDR;MAPK14;MMP9;MET;HIF1A;ESR1;MTOR;VEGFA;FGFR1
KEGG_2021_Human,PI3K-Akt signaling pathway,13/354,1.4446332000857461e-08,5.865210792348129e-07,0,0,8.985584567007031,162.21518836505956,GSK3B;PRKAA2;FLT3;PGF;MTOR;VEGFA;PIK3CA;KIT;CDK2;KDR;BCL2;MET;FGFR1
KEGG_2021_Human,Fluid shear stress and atherosclerosis,9/139,2.2640702401373376e-08,7.660104312464659e-07,0,0,15.73527851458886,276.996235896716,PRKAA2;PIK3CA;SRC;MMP2;KDR;BCL2;MAPK14;MMP9;VEGFA
KEGG_2021_Human,Prolactin signaling pathway,7/70,4.4043512942228344e-08,1.2772618753246217e-06,0,0,24.77028714107366,419.56129746544576,GSK3B;PIK3CA;SRC;STAT1;MAPK14;ESR1;ESR2
KEGG_2021_Human,MAPK signaling pathway,11/294,1.6735331426817437e-07,4.246590349554924e-06,0,0,8.972396591145293,139.99772707926726,RPS6KA3;FLT3;KIT;KDR;MAPKAPK5;MAPT;MAPK14;MET;PGF;VEGFA;FGFR1
KEGG_2021_Human,Relaxin signaling pathway,8/129,1.983772958695701e-07,4.4745101179469696e-06,0,0,14.863260706235913,229.38611574929092,MMP13;PIK3CA;MMP1;SRC;MMP2;MAPK14;MMP9;VEGFA
KEGG_2021_Human,Chemical carcinogenesis,10/239,2.2583944259893705e-07,4.584540684758422e-06,0,0,9.990352391591347,152.88677360017897,RPS6KA3;CBR1;PIK3CA;SRC;BCL2;CYP1B1;ESR1;ESR2;MTOR;VEGFA
KEGG_2021_Human,Prostate cancer,7/97,4.248548151776248e-07,7.840502498277984e-06,0,0,17.31560549313358,254.04622352142857,GSK3B;PIK3CA;CDK2;BCL2;MMP9;MTOR;FGFR1
KEGG_2021_Human,AGE-RAGE signaling pathway in diabetic complications,7/100,5.232574268571911e-07,8.323544490736854e-06,0,0,16.754500422858523,242.3235612048881,PIK3CA;STAT1;MMP2;SERPINE1;BCL2;MAPK14;VEGFA
KEGG_2021_Human,Focal adhesion,9/201,5.330348688649217e-07,8.323544490736854e-06,0,0,10.620689655172416,153.4124527735389,GSK3B;PIK3CA;SRC;KDR;BCL2;FYN;MET;PGF;VEGFA
KEGG_2021_Human,Gastric cancer,8/149,5.989345144022271e-07,8.684550458832292e-06,0,0,12.742101869761443,182.5702827063539,GSK3B;ABCB1;PIK3CA;TERT;CDK2;BCL2;MET;MTOR
KEGG_2021_Human,Rap1 signaling pathway,9/210,7.69215218668665e-07,1.0410045959315931e-05,0,0,10.140504374678333,142.75695622282134,PIK3CA;SRC;KIT;KDR;MAPK14;MET;PGF;VEGFA;FGFR1
KEGG_2021_Human,Bladder cancer,5/41,1.4989816189363051e-06,1.901832929025437e-05,0,0,30.32356532356532,406.66098347890016,SRC;MMP1;MMP2;MMP9;VEGFA
KEGG_2021_Human,Thyroid hormone signaling pathway,7/121,1.901891418874668e-06,2.2710821060679865e-05,0,0,13.653656613443722,179.8549993093763,GSK3B;PIK3CA;SRC;STAT1;HIF1A;ESR1;MTOR
KEGG_2021_Human,MicroRNAs in cancer,10/310,2.407019143407747e-06,2.7145827006209592e-05,0,0,7.598449612403101,98.30206543675756,ABCC1;DNMT1;ABCB1;PIK3CA;BCL2;CYP1B1;MMP9;MET;MTOR;VEGFA
KEGG_2021_Human,Kaposi sarcoma-associated herpesvirus infection,8/193,4.175545730958603e-06,4.418388729986104e-05,0,0,9.68992628992629,120.02199964627216,GSK3B;PIK3CA;SRC;STAT1;MAPK14;HIF1A;MTOR;VEGFA
KEGG_2021_Human,Estrogen signaling pathway,7/137,4.353092344813895e-06,4.418388729986104e-05,0,0,11.96352636127917,147.68523561978483,PIK3CA;SRC;MMP2;BCL2;MMP9;ESR1;ESR2
KEGG_2021_Human,Breast cancer,7/147,6.930248218353714e-06,6.699239944408589e-05,0,0,11.103370786516852,131.90376934062502,GSK3B;PIK3CA;KIT;ESR1;ESR2;MTOR;FGFR1
KEGG_2021_Human,VEGF signaling pathway,5/59,9.354130794476314e-06,8.631311596721326e-05,0,0,20.1973951973952,233.8796260105009,PIK3CA;SRC;KDR;MAPK14;VEGFA
KEGG_2021_Human,Hepatitis B,7/162,1.3082901973957864e-05,0.00011547083046580202,0,0,10.021239579557813,112.68086590425496,PIK3CA;SRC;STAT1;CDK2;BCL2;MAPK14;MMP9
KEGG_2021_Human,HIF-1 signaling pathway,6/109,1.420390276530423e-05,0.0001201413442231983,0,0,12.816181229773465,143.0541352789232,PIK3CA;SERPINE1;BCL2;HIF1A;MTOR;VEGFA
KEGG_2021_Human,Ras signaling pathway,8/232,1.6022372712289085e-05,0.00013010166642378736,0,0,7.987012987012987,88.18879972096813,PIK3CA;FLT3;KIT;KDR;MET;PGF;VEGFA;FGFR1
KEGG_2021_Human,Sphingolipid signaling pathway,6/119,2.3421147740166e-05,0.00018286511504821915,0,0,11.676106194690265,124.48914029708206,ABCC1;PIK3CA;ADORA3;BCL2;FYN;MAPK14
KEGG_2021_Human,FoxO signaling pathway,6/131,4.02787529342481e-05,0.00030283654983897644,0,0,10.5488,106.75054842921908,PRKAA2;PIK3CA;PLK1;CDK2;CSNK1E;MAPK14
KEGG_2021_Human,PD-L1 expression and PD-1 checkpoint pathway in cancer,5/89,6.923804766778728e-05,0.0004967343127516967,0,0,12.964416535845109,124.1726633232156,PIK3CA;STAT1;MAPK14;HIF1A;MTOR
KEGG_2021_Human,Alzheimer disease,9/369,7.09620446788138e-05,0.0004967343127516967,0,0,5.6160919540229886,53.65257858964357,BACE1;APP;GSK3B;PSMB5;PIK3CA;CSNK1E;MAPT;MTOR;SNCA
KEGG_2021_Human,Lipid and atherosclerosis,7/215,7.9785936767266e-05,0.0005398848387918332,0,0,7.4477095937770095,70.27780393804763,GSK3B;PIK3CA;MMP1;SRC;BCL2;MAPK14;MMP9
KEGG_2021_Human,IL-17 signaling pathway,5/94,8.984996295720468e-05,0.0005883723380745985,0,0,12.232991727373747,113.979302265171,GSK3B;MMP13;MMP1;MAPK14;MMP9
KEGG_2021_Human,Ovarian steroidogenesis,4/51,0.0001047836521098636,0.0006518940642043266,0,0,18.369102682701204,168.32734427600298,ALOX5;HSD17B1;CYP1B1;CYP19A1
KEGG_2021_Human,Human cytomegalovirus infection,7/225,0.0001059729266933142,0.0006518940642043266,0,0,7.102463663539841,65.0040692798006,GSK3B;PIK3CA;STING1;SRC;MAPK14;MTOR;VEGFA
KEGG_2021_Human,Progesterone-mediated oocyte maturation,5/100,0.0001204768090204692,0.0007193174185633897,0,0,11.456911509543088,103.38777988426902,RPS6KA3;PIK3CA;PLK1;CDK2;MAPK14
KEGG_2021_Human,Thermogenesis,7/232,0.00012816773919136008,0.0007433728873098884,0,0,6.879051186017478,61.65123091102421,RPS6KA3;PRKAA2;KDM1A;SIRT6;MAPK14;MTOR;FGFR1
KEGG_2021_Human,"Parathyroid hormone synthesis, secretion and action",5/106,0.00015853800614875794,0.0008939782013388295,0,0,10.773038842345771,94.25887794935288,MMP14;MMP13;BCL2;SOST;FGFR1
KEGG_2021_Human,Insulin resistance,5/108,0.00017307218610106086,0.0009495582102301448,0,0,10.562786727835272,91.49276498439444,GSK3B;RPS6KA3;PRKAA2;PIK3CA;MTOR
KEGG_2021_Human,Shigellosis,7/246,0.000183904544301448,0.0009824374340314196,0,0,6.471487001081284,55.66186617778172,GSK3B;PIK3CA;STING1;SRC;BCL2;MAPK14;MTOR
KEGG_2021_Human,Human papillomavirus infection,8/331,0.00019378886612172875,0.00100869589289,0,0,5.5111173656065295,47.11311669043079,GSK3B;PKM;PIK3CA;TERT;STAT1;CDK2;MTOR;VEGFA
KEGG_2021_Human,Arachidonic acid metabolism,4/61,0.000210940939665722,0.0010705252688035,0,0,15.138825324180017,128.1339937121721,CBR1;ALOX5;PTGES;PTGS1
KEGG_2021_Human,"Growth hormone synthesis, secretion and action",5/119,0.0002720517435279602,0.0013149167603851,0,0,9.538268748795064,78.30459161655668,GSK3B;PIK3CA;STAT1;MAPK14;MTOR
KEGG_2021_Human,Neurotrophin signaling pathway,5/119,0.0002720517435279602,0.0013149167603851,0,0,9.538268748795064,78.30459161655668,GSK3B;RPS6KA3;PIK3CA;BCL2;MAPK14
KEGG_2021_Human,Acute myeloid leukemia,4/67,0.00030308965886630715,0.0014308651337176,0,0,13.692891649413388,110.93271375199755,PIK3CA;FLT3;KIT;MTOR
KEGG_2021_Human,Fc epsilon RI signaling pathway,4/68,0.0003208563224514985,0.0014803143967648,0,0,13.478260869565217,108.42610042953902,PIK3CA;ALOX5;FYN;MAPK14
KEGG_2021_Human,Platelet activation,5/124,0.0003291187595732503,0.0014846912931859,0,0,9.135192538553882,73.25594849986626,PIK3CA;SRC;FYN;MAPK14;PTGS1
KEGG_2021_Human,Renal cell carcinoma,4/69,0.00033935720239146875,0.0014975980888145,0,0,13.270234113712377,106.008698723836,PIK3CA;MET;HIF1A;VEGFA
KEGG_2021_Human,Adherens junction,4/71,0.0003786315229962856,0.0016353659397499,0,0,12.872809863724854,101.42418743806252,SRC;FYN;MET;FGFR1
KEGG_2021_Human,Diabetic cardiomyopathy,6/203,0.0004410092586116909,0.0018651016562119,0,0,6.669035532994924,51.52793416901543,GSK3B;PIK3CA;MMP2;MAPK14;MMP9;MTOR
KEGG_2021_Human,Pathways of neurodegeneration,9/475,0.000464564187858902,0.0019246230639868,0,0,4.3150806570963445,33.115701693757565,APP;GSK3B;PSMB5;BCL2;CSNK1E;MAPT;MAPK14;MTOR;SNCA
KEGG_2021_Human,Pancreatic cancer,4/76,0.0004908969211448545,0.0019930414998481,0,0,11.97584541062802,91.24727617285396,PIK3CA;STAT1;MTOR;VEGFA
KEGG_2021_Human,Autophagy,5/137,0.0005199868929912048,0.0020299488322541,0,0,8.23010323010323,62.233628814803545,PRKAA2;PIK3CA;BCL2;HIF1A;MTOR
KEGG_2021_Human,Yersinia infection,5/137,0.0005199868929912048,0.0020299488322541,0,0,8.23010323010323,62.233628814803545,GSK3B;RPS6KA3;PIK3CA;SRC;MAPK14
KEGG_2021_Human,Measles,5/139,0.0005554711982026847,0.0021275594950027,0,0,8.106445793012957,60.76343545976968,GSK3B;PIK3CA;STAT1;CDK2;BCL2
KEGG_2021_Human,ErbB signaling pathway,4/85,0.0007496673734677148,0.002818194015073,0,0,10.640365002683843,76.56679984357685,GSK3B;PIK3CA;SRC;MTOR
KEGG_2021_Human,Colorectal cancer,4/86,0.0007833705801089737,0.0028913495956749,0,0,10.510074231177096,75.16704920248702,GSK3B;PIK3CA;BCL2;MTOR
KEGG_2021_Human,mTOR signaling pathway,5/154,0.0008826795165185632,0.0031614060434375,0,0,7.284829264695037,51.23091418348636,GSK3B;RPS6KA3;PRKAA2;PIK3CA;MTOR
KEGG_2021_Human,Coronavirus disease,6/232,0.000887685440768172,0.0031614060434375,0,0,5.804719764011799,40.78914532158161,PIK3CA;STING1;MMP1;STAT1;RPSA;MAPK14
KEGG_2021_Human,Cellular senescence,5/156,0.0009352492682016364,0.0032733724387057,0,0,7.187613710792519,50.13143114387052,PIK3CA;SERPINE1;CDK2;MAPK14;MTOR
KEGG_2021_Human,GnRH signaling pathway,4/93,0.0010499075996333,0.0036123939445013,0,0,9.680019540791402,66.39576822357638,MMP14;SRC;MMP2;MAPK14
KEGG_2021_Human,Hepatocellular carcinoma,5/168,0.0013010855114617,0.0043022714909682,0,0,6.65441920043147,44.215663381230655,GSK3B;PIK3CA;TERT;MET;MTOR
KEGG_2021_Human,ABC transporters,3/45,0.001313994248473,0.0043022714909682,0,0,15.254992319508448,101.21204943569812,ABCC1;ABCB1;ABCG2
KEGG_2021_Human,Glycosphingolipid biosynthesis,3/45,0.001313994248473,0.0043022714909682,0,0,15.254992319508448,101.21204943569812,FUT7;FUT4;ST3GAL3
KEGG_2021_Human,Type II diabetes mellitus,3/46,0.0014008065828257,0.0045137101002162,0,0,14.89947486871718,97.90008497345548,PKM;PIK3CA;MTOR
KEGG_2021_Human,C-type lectin receptor signaling pathway,4/104,0.0015884430219976,0.0049608297456233,0,0,8.610434782608696,55.4942605601181,PIK3CA;SRC;STAT1;MAPK14
KEGG_2021_Human,T cell receptor signaling pathway,4/104,0.0015884430219976,0.0049608297456233,0,0,8.610434782608696,55.4942605601181,GSK3B;PIK3CA;FYN;MAPK14
KEGG_2021_Human,Th17 cell differentiation,4/107,0.0017633804211116,0.0054237306891768,0,0,8.358379062895736,52.99649150055304,STAT1;MAPK14;HIF1A;MTOR
KEGG_2021_Human,Axon guidance,5/182,0.001850682210926,0.0056072908778802,0,0,6.123735022040107,38.5317712938684,GSK3B;PIK3CA;SRC;FYN;MET
KEGG_2021_Human,TNF signaling pathway,4/112,0.0020839550415816,0.0061189709058369,0,0,7.969404186795491,49.19901895032857,MMP14;PIK3CA;MAPK14;MMP9
KEGG_2021_Human,Toxoplasmosis,4/112,0.0020839550415816,0.0061189709058369,0,0,7.969404186795491,49.19901895032857,STAT1;ALOX5;BCL2;MAPK14
KEGG_2021_Human,Endocrine and other factor-regulated calcium reabsorption,3/53,0.0021099899675299,0.0061189709058369,0,0,12.809032258064516,78.91737109678841,KLK1;KLK2;ESR1
KEGG_2021_Human,Cholinergic synapse,4/113,0.0021525824389121,0.006151091824739,0,0,7.895891503789389,48.48935685090776,ACHE;PIK3CA;BCL2;FYN
KEGG_2021_Human,Neutrophil extracellular trap formation,5/189,0.0021816680363606,0.006151091824739,0,0,5.8886765408504536,36.08384031833502,PIK3CA;SRC;MAPK14;HDAC6;MTOR
KEGG_2021_Human,Leukocyte transendothelial migration,4/114,0.002222755364757,0.0061810868362422,0,0,7.823715415019762,47.7951376926109,PIK3CA;MMP2;MAPK14;MMP9
KEGG_2021_Human,Hedgehog signaling pathway,3/56,0.0024709827814584,0.0067785068194063,0,0,12.082166768107122,72.53093039942031,GSK3B;BCL2;CSNK1E
KEGG_2021_Human,Epstein-Barr virus infection,5/202,0.0029080201330425,0.0078710411601018,0,0,5.496457856863948,32.10086826041016,PIK3CA;STAT1;CDK2;BCL2;MAPK14
KEGG_2021_Human,Viral carcinogenesis,5/203,0.0029703185915853,0.0079338772906818,0,0,5.468420468420469,31.82120932908589,PKM;PIK3CA;SRC;CDK2;HDAC6
KEGG_2021_Human,Steroid hormone biosynthesis,3/61,0.0031532246844044,0.008313046895248,0,0,11.03781979977753,63.57044273872647,HSD17B1;CYP1B1;CYP19A1
KEGG_2021_Human,Osteoclast differentiation,4/127,0.0032835862433066,0.0085457436845032,0,0,6.992223400494875,39.98726064341961,PIK3CA;STAT1;FYN;MAPK14
KEGG_2021_Human,Oocyte meiosis,4/129,0.0034726568224441,0.0089234093032425,0,0,6.879652173913043,38.95833734110742,RPS6KA3;PLK1;CDK2;MAPK14
KEGG_2021_Human,Human immunodeficiency virus 1 infection,5/212,0.0035752241810485,0.0090721313594106,0,0,5.22827414131762,29.454671268009022,PIK3CA;STING1;BCL2;MAPK14;MTOR
KEGG_2021_Human,Insulin signaling pathway,4/137,0.0043030485325422,0.0107841833593343,0,0,6.463223275580255,35.21442958623038,GSK3B;PRKAA2;PIK3CA;MTOR
KEGG_2021_Human,Epithelial cell signaling in Helicobacter pylori infection,3/70,0.0046493401598271,0.0115099518590841,0,0,9.550794415021668,51.2976030457789,SRC;MAPK14;MET
KEGG_2021_Human,Signaling pathways regulating pluripotency of stem cells,4/143,0.0050072742264845,0.0121575861822457,0,0,6.182358461057241,32.74710936168719,GSK3B;PIK3CA;MAPK14;FGFR1
KEGG_2021_Human,Melanoma,3/72,0.0050307253167913,0.0121575861822457,0,0,9.273024777933614,49.07461926566847,PIK3CA;MET;FGFR1
KEGG_2021_Human,p53 signaling pathway,3/73,0.0052282833821959,0.0124612776732937,0,0,9.140092165898617,48.01904884848528,SERPINE1;CDK2;BCL2
KEGG_2021_Human,Mannose type O-glycan biosynthesis,2/23,0.0054019331785707,0.0124612776732937,0,0,20.144883485309016,105.1764043129469,FUT4;ST3GAL3
KEGG_2021_Human,Proximal tubule bicarbonate reclamation,2/23,0.0054019331785707,0.0124612776732937,0,0,20.144883485309016,105.1764043129469,CA2;CA4
KEGG_2021_Human,Renin-angiotensin system,2/23,0.0054019331785707,0.0124612776732937,0,0,20.144883485309016,105.1764043129469,KLK1;KLK2
KEGG_2021_Human,Phospholipase D signaling pathway,4/148,0.0056501766056262,0.0128874814712597,0,0,5.966183574879227,30.881374728014425,PIK3CA;KIT;FYN;MTOR
KEGG_2021_Human,Bacterial invasion of epithelial cells,3/77,0.0060649738722234,0.0136798855117929,0,0,8.644289450741063,44.1310429963081,PIK3CA;SRC;MET
KEGG_2021_Human,Non-alcoholic fatty liver disease,4/155,0.0066396288777809,0.0148114798042805,0,0,5.687589979844515,28.52155297279389,GSK3B;PRKAA2;PIK3CA;MAPK14
KEGG_2021_Human,Hepatitis C,4/157,0.0069420940765592,0.0153178814950165,0,0,5.612674055129298,27.895842113140688,GSK3B;PIK3CA;STAT1;CDK2
KEGG_2021_Human,JAK-STAT signaling pathway,4/162,0.0077378319570226,0.0168901063147913,0,0,5.4336818932306,26.41657122200385,PIK3CA;STAT1;BCL2;MTOR
KEGG_2021_Human,Bile secretion,3/90,0.0093147685615091,0.020115936361557,0,0,7.347793845012977,34.35941646878212,ABCB1;CA2;ABCG2
KEGG_2021_Human,Circadian rhythm,2/31,0.0096844370952349,0.0206941129508704,0,0,14.581804842259722,67.61925731038481,PRKAA2;CSNK1E
KEGG_2021_Human,Small cell lung cancer,3/92,0.0098888961645971,0.0209108950147209,0,0,7.181949981877492,33.154342735740734,PIK3CA;CDK2;BCL2
KEGG_2021_Human,Prion disease,5/273,0.0101929622164911,0.0213316631953371,0,0,4.025750369033951,18.462323782581805,GSK3B;PSMB5;PIK3CA;FYN;MAPK14
KEGG_2021_Human,Tuberculosis,4/180,0.0110931975139311,0.0229787662788574,0,0,4.873517786561265,21.93776600619692,SRC;STAT1;BCL2;MAPK14
KEGG_2021_Human,NOD-like receptor signaling pathway,4/181,0.011303064618906,0.0231769910872518,0,0,4.845738147875215,21.72190019119432,STING1;STAT1;BCL2;MAPK14
KEGG_2021_Human,Choline metabolism in cancer,3/98,0.0117330392948656,0.0235822472956209,0,0,6.726315789473684,29.900804658388942,PIK3CA;HIF1A;MTOR
KEGG_2021_Human,Inflammatory mediator regulation of TRP channels,3/98,0.0117330392948656,0.0235822472956209,0,0,6.726315789473684,29.900804658388942,PIK3CA;SRC;MAPK14
KEGG_2021_Human,Nicotinate and nicotinamide metabolism,2/35,0.0122390168869593,0.0243580434122818,0,0,12.811734364925854,56.411684848762775,SIRT6;NADK
KEGG_2021_Human,Melanogenesis,3/101,0.0127243362978483,0.0250780608588662,0,0,6.519420671494404,28.452309138616958,GSK3B;KIT;TYR
KEGG_2021_Human,Chagas disease,3/102,0.0130651118387525,0.0252592162215882,0,0,6.453242098403389,27.99293694442775,PIK3CA;SERPINE1;MAPK14
KEGG_2021_Human,Longevity regulating pathway,3/102,0.0130651118387525,0.0252592162215882,0,0,6.453242098403389,27.99293694442775,PRKAA2;PIK3CA;MTOR
KEGG_2021_Human,Toll-like receptor signaling pathway,3/104,0.0137622465847819,0.0261471881137807,0,0,6.324816352603002,27.107063574474683,PIK3CA;STAT1;MAPK14
KEGG_2021_Human,Chemokine signaling pathway,4/192,0.0137820154097268,0.0261471881137807,0,0,4.559666975023127,19.53539509268129,GSK3B;PIK3CA;SRC;STAT1
KEGG_2021_Human,Glucagon signaling pathway,3/107,0.0148470619545029,0.0279069775626304,0,0,6.141439205955335,25.855172138180443,PKM;PRKAA2;PGAM1
KEGG_2021_Human,Serotonergic synapse,3/113,0.0171583638940424,0.0319554850503726,0,0,5.804692082111437,23.59763787355669,APP;ALOX5;PTGS1
KEGG_2021_Human,AMPK signaling pathway,3/120,0.020095201945805,0.0370847817727128,0,0,5.455472842569617,21.31602829517405,PRKAA2;PIK3CA;MTOR
KEGG_2021_Human,Cell cycle,3/124,0.0218901111470153,0.040033266331929,0,0,5.27406025059984,20.155983070060085,GSK3B;PLK1;CDK2
Reactome_2022,Reversible Hydration Of Carbon Dioxide R-HSA-1475029,10/12,2.6204465067143367e-22,1.8867214848343224e-19,0,0,1157.093023255814,57500.03376318277,CA12;CA1;CA3;CA5B;CA2;CA5A;CA4;CA7;CA6;CA9
Reactome_2022,Signal Transduction R-HSA-162582,38/2465,1.1918013499515036e-11,4.290484859825413e-09,0,0,4.717943253342426,118.67028568344595,APP;GSK3B;PRKAA2;KDM1A;FLT3;SRC;SERPINE1;KLK2;HIF1A;HDAC6;RPS6KA3;PSMB5;TERT;ADORA3;KDR;FYN;SOST;ST3GAL3;TAS2R31;STAT1;MMP2;PLK1;SIRT6;CSNK1E;MAPK14;MMP9;ESR1;PGF;ESR2;MTOR;VEGFA;PIK3CA;AXL;KIT;CDK2;BCL2;MAPKAPK5;FGFR1
Reactome_2022,PI3K/AKT Signaling In Cancer R-HSA-2219528,10/105,7.961277561762828e-11,1.9107066148230787e-08,0,0,24.246022031823745,563.813275491002,GSK3B;PIK3CA;FLT3;SRC;KIT;FYN;ESR1;ESR2;MTOR;FGFR1
Reactome_2022,Metabolism R-HSA-1430728,33/2049,1.5478296144712638e-10,2.7860933060482754e-08,0,0,4.64777021919879,104.98846860251896,ACHE;PRKAA2;CYP19A1;FUT4;PTGS1;CA1;FUT7;PSMB5;TTR;CA3;CA5B;CA2;CA5A;ALOX5;HSD17B1;CA4;CA7;CA6;CYP1B1;CA9;XDH;NADK;ST3GAL3;CA12;CBR1;ABCC1;RPSA;SYNJ2;TYR;PKM;PIK3CA;ABCG2;PTGES
Reactome_2022,Signaling By Receptor Tyrosine Kinases R-HSA-9006934,17/496,1.9816306979124623e-10,2.8535482049939463e-08,0,0,8.726645701752068,194.97011472840128,FLT3;SRC;STAT1;MAPK14;MMP9;HIF1A;ESR1;PGF;MTOR;VEGFA;RPS6KA3;PIK3CA;AXL;KIT;KDR;FYN;FGFR1
Reactome_2022,Signaling By VEGF R-HSA-194138,9/102,1.4633466791920243e-09,1.756016015030429e-07,0,0,22.03670745272525,448.2825979418563,PIK3CA;SRC;AXL;KDR;FYN;MAPK14;PGF;MTOR;VEGFA
Reactome_2022,Degradation Of Extracellular Matrix R-HSA-1474228,9/109,2.650090078721113e-09,2.725806938113145e-07,0,0,20.486896551724136,404.5890045091307,ADAMTS4;MMP12;ADAMTS5;MMP14;MMP13;MMP1;MMP2;KLK2;MMP9
Reactome_2022,Constitutive Signaling By Aberrant PI3K In Cancer R-HSA-2219530,8/78,3.726325203045317e-09,3.289287788111949e-07,0,0,25.75844155844156,499.9157971396165,PIK3CA;FLT3;SRC;KIT;FYN;ESR1;ESR2;FGFR1
Reactome_2022,Signaling By Interleukins R-HSA-449147,15/453,4.111609735139936e-09,3.289287788111949e-07,0,0,8.230170810079485,158.9200818065106,APP;MMP1;STAT1;MMP2;MAPK14;MMP9;HIF1A;VEGFA;RPS6KA3;CA1;PSMB5;PIK3CA;ALOX5;BCL2;FYN
Reactome_2022,Disease R-HSA-1643685,28/1736,5.9016402434382525e-09,3.947618206061689e-07,0,0,4.386692381870781,83.11920305519729,APP;GSK3B;DNMT1;KDM1A;FLT3;SRC;CYP19A1;HDAC6;ADAMTS4;ADAMTS5;PSMB5;TTR;KDR;CYP1B1;FYN;ST3GAL3;STAT1;RPSA;MAPK14;ESR1;ESR2;MTOR;VEGFA;PIK3CA;STING1;KIT;CDK2;FGFR1
Reactome_2022,PIP3 Activates AKT Signaling R-HSA-1257604,12/268,6.0310833703720255e-09,3.947618206061689e-07,0,0,10.964285714285714,207.51379028330376,GSK3B;PSMB5;KDM1A;PIK3CA;FLT3;SRC;KIT;FYN;ESR1;ESR2;MTOR;FGFR1
Reactome_2022,Activation Of Matrix Metalloproteinases R-HSA-1592389,6/33,1.041292570315372e-08,6.247755421892232e-07,0,0,49.07901234567901,902.0829435092498,MMP14;MMP13;MMP1;MMP2;KLK2;MMP9
Reactome_2022,Diseases Of Signal Transduction By Growth Factor Receptors And Second Messengers R-HSA-5663202,14/424,1.4728485360964882e-08,7.325622109043418e-07,0,0,8.117668054729327,146.3898243071614,GSK3B;FLT3;SRC;STAT1;ESR1;HDAC6;ESR2;MTOR;PSMB5;PIK3CA;KIT;KDR;FYN;FGFR1
Reactome_2022,Extracellular Matrix Organization R-HSA-1474244,12/291,1.5105914688008453e-08,7.325622109043418e-07,0,0,10.048643113159242,180.95776859796248,ADAMTS4;MMP12;ADAMTS5;MMP14;MMP13;TTR;MMP1;MMP2;SERPINE1;KDR;KLK2;MMP9
Reactome_2022,VEGFA-VEGFR2 Pathway R-HSA-4420097,8/93,1.5261712727173787e-08,7.325622109043418e-07,0,0,21.196791443850262,381.4981265850061,PIK3CA;SRC;AXL;KDR;FYN;MAPK14;MTOR;VEGFA
Reactome_2022,Signaling By KIT In Disease R-HSA-9669938,5/19,2.5281824240084138e-08,1.1154693689264484e-06,0,0,78.06122448979592,1365.539059519365,PIK3CA;SRC;STAT1;KIT;FYN
Reactome_2022,Intracellular Signaling By Second Messengers R-HSA-9006925,12/306,2.6337471210763368e-08,1.1154693689264484e-06,0,0,9.528668610301263,166.29692735144053,GSK3B;PSMB5;KDM1A;PIK3CA;FLT3;SRC;KIT;FYN;ESR1;ESR2;MTOR;FGFR1
Reactome_2022,Collagen Degradation R-HSA-1442490,6/40,3.5125334592831014e-08,1.4050133837132403e-06,0,0,38.96078431372549,668.736272661575,MMP12;MMP14;MMP13;MMP1;MMP2;MMP9
Reactome_2022,"PI5P, PP2A And IER3 Regulate PI3K/AKT Signaling R-HSA-6811558",8/106,4.2950316227679226e-08,1.6275909307331077e-06,0,0,18.37291280148423,311.6637954385744,PIK3CA;FLT3;SRC;KIT;FYN;ESR1;ESR2;FGFR1
Reactome_2022,Interleukin-4 And Interleukin-13 Signaling R-HSA-6785807,8/107,4.6239580243594295e-08,1.633221428659174e-06,0,0,18.186409550045912,307.1580854163274,MMP1;STAT1;MMP2;ALOX5;BCL2;MMP9;HIF1A;VEGFA
Reactome_2022,Signaling By SCF-KIT R-HSA-1433557,6/42,4.763562500255925e-08,1.633221428659174e-06,0,0,36.79259259259259,620.3115189136813,PIK3CA;SRC;STAT1;KIT;FYN;MMP9
Reactome_2022,Extra-nuclear Estrogen Signaling R-HSA-9009391,7/73,5.916732442436617e-08,1.936385162979256e-06,0,0,23.6407899216888,393.4512174744313,PIK3CA;SRC;MMP2;BCL2;MMP9;ESR1;ESR2
Reactome_2022,Negative Regulation Of PI3K/AKT Network R-HSA-199418,8/113,7.090691734599073e-08,2.219694803874492e-06,0,0,17.141991341991343,282.1897103033471,PIK3CA;FLT3;SRC;KIT;FYN;ESR1;ESR2;FGFR1
Reactome_2022,Cytokine Signaling In Immune System R-HSA-1280215,16/702,2.1694428241730177e-07,6.508328472519053e-06,0,0,5.602915451895044,85.96903516620091,APP;FLT3;MMP1;STAT1;MMP2;MAPK14;MMP9;HIF1A;VEGFA;RPS6KA3;CA1;PSMB5;PIK3CA;ALOX5;BCL2;FYN
Reactome_2022,Arachidonic Acid Metabolism R-HSA-2142753,6/59,3.831856151226675e-07,1.1035745715532824e-05,0,0,24.969811320754715,368.9226281815578,CBR1;ABCC1;ALOX5;CYP1B1;PTGES;PTGS1
Reactome_2022,Transcriptional Regulation By RUNX2 R-HSA-8878166,7/119,1.7005278737472462e-06,4.709154111915451e-05,0,0,13.898876404494382,184.6406221065287,GSK3B;MMP13;PSMB5;SRC;STAT1;ESR1;HDAC6
Reactome_2022,ESR-mediated Signaling R-HSA-8939211,8/188,3.4379246062374333e-06,9.167798949966489e-05,0,0,9.961616161616162,125.3235324562668,KDM1A;PIK3CA;SRC;MMP2;BCL2;MMP9;ESR1;ESR2
Reactome_2022,Erythrocytes Take Up Oxygen And Release Carbon Dioxide R-HSA-1247673,3/7,3.6988368343231376e-06,9.511294716830926e-05,0,0,160.48387096774192,2007.2507574283989,CA1;CA2;CA4
Reactome_2022,VEGF Binds To VEGFR Leading To Receptor Dimerization R-HSA-195399,3/8,5.897544132097508e-06,0.00014642178534862778,0,0,128.38064516129032,1545.8280801374915,KDR;PGF;VEGFA
Reactome_2022,Regulation Of Gene Expression By Hypoxia-inducible Factor R-HSA-1234158,3/11,1.719590425575834e-05,0.0003993887440047098,0,0,80.2258064516129,880.1444324729835,CA9;HIF1A;VEGFA
Reactome_2022,Erythrocytes Take Up Carbon Dioxide And Release Oxygen R-HSA-1237044,3/11,1.719590425575834e-05,0.0003993887440047098,0,0,80.2258064516129,880.1444324729835,CA1;CA2;CA4
Reactome_2022,Fatty Acid Metabolism R-HSA-8978868,7/173,2.002259314943417e-05,0.0004505083458622689,0,0,9.351969676458644,101.17567986204624,CBR1;ABCC1;PRKAA2;ALOX5;CYP1B1;PTGES;PTGS1
Reactome_2022,CD28 Co-Stimulation R-HSA-389356,4/34,2.0697585196512537e-05,0.00045158367701481896,0,0,28.80289855072464,310.6534757241944,PIK3CA;SRC;FYN;MTOR
Reactome_2022,MAPK Family Signaling Cascades R-HSA-5683057,9/318,2.2369226597297172e-05,0.0004737012691192343,0,0,6.560093739537998,70.24433152363726,PSMB5;PIK3CA;FLT3;SRC;MMP2;KIT;MAPKAPK5;FYN;FGFR1
Reactome_2022,TFAP2 (AP-2) Family Regulates Transcription Of Growth Factors And Their Receptors R-HSA-8866910,3/13,2.9599170340151376e-05,0.0006088972184259712,0,0,64.1741935483871,669.1933597211495,KIT;ESR1;VEGFA
Reactome_2022,"Platelet Activation, Signaling And Aggregation R-HSA-76002",8/254,3.067279380431435e-05,0.000613455876086287,0,0,7.26459719142646,75.49467104041109,APP;TTR;PIK3CA;SRC;SERPINE1;FYN;MAPK14;VEGFA
Reactome_2022,Immune System R-HSA-168256,23/1943,3.543411439841004e-05,0.0006860485981412168,0,0,2.9511415525114155,30.2428132213532,APP;FLT3;MMP1;SRC;STAT1;MMP2;MAPK14;MMP9;HIF1A;MTOR;VEGFA;MMP12;RPS6KA3;CA1;PKM;PSMB5;TTR;PIK3CA;STING1;ALOX5;BCL2;FYN;XDH
Reactome_2022,Signaling By Nuclear Receptors R-HSA-9006931,8/260,3.620812045745311e-05,0.0006860485981412168,0,0,7.0894660894660895,72.49849054822914,KDM1A;PIK3CA;SRC;MMP2;BCL2;MMP9;ESR1;ESR2
Reactome_2022,Axon Guidance R-HSA-422475,11/519,3.896582256788538e-05,0.0007193690320224992,0,0,4.941083835108847,50.16596265276578,GSK3B;RPS6KA3;PSMB5;PIK3CA;SRC;MMP2;RPSA;FYN;MAPK14;MMP9;FGFR1
Reactome_2022,Cellular Responses To Stress R-HSA-2262752,13/722,4.057569201602349e-05,0.0007303624562884228,0,0,4.2404030791714105,42.88040356557257,GSK3B;ABCC1;RPSA;MAPK14;HIF1A;HDAC6;MTOR;VEGFA;RPS6KA3;PSMB5;CDK2;CA9;MAPKAPK5
Reactome_2022,Generic Transcription Pathway R-HSA-212436,17/1190,4.674167014164802e-05,0.0008016434648269168,0,0,3.4362502293157218,34.26241977642886,GSK3B;DYRK2;PRKAA2;SRC;STAT1;SERPINE1;MAPK14;ESR1;HDAC6;ESR2;MTOR;VEGFA;MMP13;PSMB5;KIT;CDK2;MAPKAPK5
Reactome_2022,Synthesis Of Prostaglandins (PG) And Thromboxanes (TX) R-HSA-2162123,3/15,4.676253544823681e-05,0.0008016434648269168,0,0,53.473118279569896,533.1498864494959,CBR1;PTGS1;PTGES
Reactome_2022,Cellular Responses To Stimuli R-HSA-8953897,13/736,4.9400409786533294e-05,0.0008271696522396273,0,0,4.155260044326685,41.20169637209724,GSK3B;ABCC1;RPSA;MAPK14;HIF1A;HDAC6;MTOR;VEGFA;RPS6KA3;PSMB5;CDK2;CA9;MAPKAPK5
Reactome_2022,Regulation Of KIT Signaling R-HSA-1433559,3/16,5.735371733283438e-05,0.00093851537453729,0,0,49.35732009925558,482.03705760975896,SRC;KIT;FYN
Reactome_2022,Nervous System Development R-HSA-9675108,11/545,6.053647452938494e-05,0.000968583592470159,0,0,4.694205772196519,45.59136802914791,GSK3B;RPS6KA3;PSMB5;PIK3CA;SRC;MMP2;RPSA;FYN;MAPK14;MMP9;FGFR1
Reactome_2022,Regulation Of TP53 Activity Thru Phosphorylation R-HSA-6804756,5/90,7.303451157821545e-05,0.0011431488768764,0,0,12.81124757595346,122.02173279972672,DYRK2;PRKAA2;CDK2;MAPKAPK5;MAPK14
Reactome_2022,VEGFR2 Mediated Cell Proliferation R-HSA-5218921,3/18,8.299237239090204e-05,0.0012448855858635,0,0,42.77204301075269,401.91870215095247,SRC;KDR;VEGFA
Reactome_2022,Lewis Blood Group Biosynthesis R-HSA-9037629,3/18,8.299237239090204e-05,0.0012448855858635,0,0,42.77204301075269,401.91870215095247,FUT7;FUT4;ST3GAL3
Reactome_2022,EPH-ephrin Mediated Repulsion Of Cells R-HSA-3928665,4/49,8.949412055196608e-05,0.0013150156489268,0,0,19.18743961352657,178.85260283531898,SRC;MMP2;FYN;MMP9
Reactome_2022,Signaling By PDGFR In Disease R-HSA-9671555,3/19,9.821083440888516e-05,0.0013979445786036,0,0,40.096774193548384,370.02883113531794,PIK3CA;STAT1;KDR
Reactome_2022,Hemostasis R-HSA-109582,11/576,9.902107431775825e-05,0.0013979445786036,0,0,4.42954711087975,40.84121219530213,APP;TTR;KDM1A;PIK3CA;MMP1;SRC;SERPINE1;CDK2;FYN;MAPK14;VEGFA
Reactome_2022,Regulation Of TP53 Activity R-HSA-5633007,6/157,0.0001101300152642126,0.0015248771344275,0,0,8.720971302428255,79.48161500097855,DYRK2;PRKAA2;CDK2;MAPKAPK5;MAPK14;MTOR
Reactome_2022,RNA Polymerase II Transcription R-HSA-73857,17/1312,0.00015443226064937852,0.0020594887813457,0,0,3.0922535555446946,27.13685960186262,GSK3B;DYRK2;PRKAA2;SRC;STAT1;SERPINE1;MAPK14;ESR1;HDAC6;ESR2;MTOR;VEGFA;MMP13;PSMB5;KIT;CDK2;MAPKAPK5
Reactome_2022,Blood Group Systems Biosynthesis R-HSA-9033658,3/22,0.0001544616586009299,0.0020594887813457,0,0,33.76061120543294,296.26842648702603,FUT7;FUT4;ST3GAL3
Reactome_2022,Gene Expression (Transcription) R-HSA-74160,18/1449,0.00016317837238898894,0.0021361532385467,0,0,2.9790356394129978,25.979176738894218,GSK3B;DNMT1;DYRK2;PRKAA2;SRC;STAT1;SERPINE1;MAPK14;ESR1;HDAC6;ESR2;MTOR;VEGFA;MMP13;PSMB5;KIT;CDK2;MAPKAPK5
Reactome_2022,CD28 Dependent PI3K/Akt Signaling R-HSA-389357,3/23,0.0001770138224423282,0.0022359640729557,0,0,32.07096774193548,277.0701579251247,PIK3CA;FYN;MTOR
Reactome_2022,Signaling By NTRK2 (TRKB) R-HSA-9006115,3/23,0.0001770138224423282,0.0022359640729557,0,0,32.07096774193548,277.0701579251247,PIK3CA;SRC;FYN
Reactome_2022,Metabolism Of Lipids R-HSA-556833,12/732,0.0001974841694079088,0.0024515276202361,0,0,3.806349206349206,32.46759589189546,ACHE;CBR1;ABCC1;PRKAA2;PIK3CA;ALOX5;HSD17B1;CYP1B1;SYNJ2;CYP19A1;PTGES;PTGS1
Reactome_2022,Post NMDA Receptor Activation Events R-HSA-438064,4/61,0.000210940939665722,0.0025741945179545,0,0,15.138825324180017,128.1339937121721,RPS6KA3;PRKAA2;SRC;MAPT
Reactome_2022,Abacavir Transmembrane Transport R-HSA-2161517,2/5,0.00022586768599568456,0.0027104122319482,0,0,141.1418439716312,1184.964987580801,ABCB1;ABCG2
Reactome_2022,Signaling By ALK R-HSA-201556,3/26,0.00025717547174507096,0.0030355137648598,0,0,27.883590462833094,230.47884186791404,PIK3CA;SRC;HIF1A
Reactome_2022,Regulation Of IGF Transport And Uptake By IGFBPs R-HSA-381426,5/123,0.000317039919747133,0.0035242645377848,0,0,9.213075060532688,74.224981333471,APP;KLK1;MMP1;MMP2;KLK2
Reactome_2022,Costimulation By CD28 Family R-HSA-388841,4/68,0.0003208563224514985,0.0035242645377848,0,0,13.478260869565217,108.42610042953902,PIK3CA;SRC;FYN;MTOR
Reactome_2022,Downstream Signal Transduction R-HSA-186763,3/28,0.00032179542822181363,0.0035242645377848,0,0,25.65032258064516,206.2694937675109,PIK3CA;SRC;STAT1
Reactome_2022,RAF/MAP Kinase Cascade R-HSA-5673001,7/271,0.0003312859151910026,0.0035242645377848,0,0,5.851208716377256,46.88297814017956,PSMB5;PIK3CA;FLT3;SRC;KIT;FYN;FGFR1
Reactome_2022,Activated NTRK2 Signals Thru FYN R-HSA-9032500,2/6,0.0003377420182043853,0.0035242645377848,0,0,105.85106382978724,846.0917098504582,SRC;FYN
Reactome_2022,Activated NTRK3 Signals Thru PI3K R-HSA-9603381,2/6,0.0003377420182043853,0.0035242645377848,0,0,105.85106382978724,846.0917098504582,PIK3CA;SRC
Reactome_2022,Estrogen Biosynthesis R-HSA-193144,2/6,0.0003377420182043853,0.0035242645377848,0,0,105.85106382978724,846.0917098504582,HSD17B1;CYP19A1
Reactome_2022,FLT3 Signaling Thru SRC Family Kinases R-HSA-9706374,2/6,0.0003377420182043853,0.0035242645377848,0,0,105.85106382978724,846.0917098504582,FLT3;FYN
Reactome_2022,MAPK1/MAPK3 Signaling R-HSA-5684996,7/277,0.0003779343572788755,0.0038873248177255,0,0,5.719434040782355,45.07365879682451,PSMB5;PIK3CA;FLT3;SRC;KIT;FYN;FGFR1
Reactome_2022,FGFR1 Mutant Receptor Activation R-HSA-1839124,3/30,0.00039604353236937927,0.003994401025061,0,0,23.747909199522105,186.04079823243575,PIK3CA;STAT1;FGFR1
Reactome_2022,Regulation Of RUNX2 Expression And Activity R-HSA-8939902,4/72,0.0003994401025061017,0.003994401025061,0,0,12.682864450127877,99.24908020357051,GSK3B;PSMB5;STAT1;ESR1
Reactome_2022,Innate Immune System R-HSA-168249,14/1035,0.0004102942146206069,0.0040467374592717,0,0,3.157616874895488,24.625104821002587,APP;SRC;MAPK14;MMP9;MMP12;RPS6KA3;PKM;PSMB5;TTR;PIK3CA;STING1;ALOX5;BCL2;FYN
Reactome_2022,Cellular Response To Hypoxia R-HSA-1234174,4/73,0.0004210531679688076,0.0040967335261829,0,0,12.498424700693132,97.14714862183554,PSMB5;CA9;HIF1A;VEGFA
Reactome_2022,Signaling By NTRKs R-HSA-166520,5/132,0.0004387367523345086,0.0041469050269239,0,0,8.556286233451587,66.15387657132062,RPS6KA3;PIK3CA;SRC;FYN;MAPK14
Reactome_2022,Signaling By NOTCH R-HSA-157118,6/203,0.0004410092586116909,0.0041469050269239,0,0,6.669035532994924,51.52793416901543,PSMB5;STAT1;SIRT6;HIF1A;HDAC6;ST3GAL3
Reactome_2022,Activation Of NMDA Receptors And Postsynaptic Events R-HSA-442755,4/74,0.00044348845426825725,0.0041469050269239,0,0,12.319254658385091,95.11497922752076,RPS6KA3;PRKAA2;SRC;MAPT
Reactome_2022,Metabolism Of Proteins R-HSA-392499,20/1890,0.0005626504288097779,0.0051823855433951,0,0,2.537855333520968,18.9903959359163,ACHE;APP;DNMT1;KLK1;MMP1;MMP2;RPSA;KLK2;HIF1A;ESR1;ADAMTS4;BACE1;MMP12;DPP4;RAD52;ADAMTS5;PSMB5;TTR;SNCA;ST3GAL3
Reactome_2022,Amyloid Fiber Formation R-HSA-977225,4/79,0.0005686228582336353,0.0051823855433951,0,0,11.495072463768116,85.89455132922436,BACE1;APP;TTR;SNCA
Reactome_2022,Signaling By FGFR1 In Disease R-HSA-5655302,3/36,0.000682126294766358,0.0060633448423676,0,0,19.424242424242426,141.60847168791395,PIK3CA;STAT1;FGFR1
Reactome_2022,Transcriptional Regulation By AP-2 (TFAP2) Family Of Transcription Factors R-HSA-8864260,3/36,0.000682126294766358,0.0060633448423676,0,0,19.424242424242426,141.60847168791395,KIT;ESR1;VEGFA
Reactome_2022,FLT3 Signaling R-HSA-9607240,3/37,0.0007397419343401823,0.0064952950332308,0,0,18.85199240986717,135.9079565533667,PIK3CA;FLT3;FYN
Reactome_2022,EPH-Ephrin Signaling R-HSA-2682334,4/91,0.0009681046371414644,0.0083772622304622,0,0,9.903548225887056,68.73231205726461,SRC;MMP2;FYN;MMP9
Reactome_2022,Abacavir ADME R-HSA-2161522,2/10,0.0010006174330829,0.0083772622304622,0,0,52.91489361702128,365.49047439590856,ABCB1;ABCG2
Reactome_2022,Activation Of AMPK Downstream Of NMDARs R-HSA-9619483,2/10,0.0010006174330829,0.0083772622304622,0,0,52.91489361702128,365.49047439590856,PRKAA2;MAPT
Reactome_2022,Activation Of PPARGC1A (PGC-1alpha) By Phosphorylation R-HSA-2151209,2/10,0.0010006174330829,0.0083772622304622,0,0,52.91489361702128,365.49047439590856,PRKAA2;MAPK14
Reactome_2022,Drug ADME R-HSA-9748784,4/95,0.0011364494404558,0.0094050988175653,0,0,9.46631629240325,64.1801704620759,ABCC1;ABCB1;XDH;ABCG2
Reactome_2022,Signaling By PDGFRA Extracellular Domain Mutants R-HSA-9673770,2/11,0.0012191569333951,0.0099558352061644,0,0,47.033096926713945,315.5730647708604,PIK3CA;STAT1
Reactome_2022,PI3K Cascade R-HSA-109704,3/44,0.0012306518518731,0.0099558352061644,0,0,15.627852084972462,104.70991096419613,PIK3CA;FLT3;FGFR1
Reactome_2022,PECAM1 Interactions R-HSA-210990,2/12,0.0014584201472092,0.01153914841748,0,0,42.327659574468086,276.41661242727787,SRC;FYN
Reactome_2022,p38MAPK Events R-HSA-171007,2/12,0.0014584201472092,0.01153914841748,0,0,42.327659574468086,276.41661242727787,SRC;MAPK14
Reactome_2022,IRS-mediated Signaling R-HSA-112399,3/47,0.0014911419622017,0.0116698066607093,0,0,14.560117302052786,94.76034521616964,PIK3CA;FLT3;FGFR1
Reactome_2022,Signaling By ERBB2 R-HSA-1227986,3/49,0.0016825893967761,0.0127522564808296,0,0,13.925666199158483,88.94909779620225,PIK3CA;SRC;FYN
Reactome_2022,Signaling By FGFR1 R-HSA-5654736,3/49,0.0016825893967761,0.0127522564808296,0,0,13.925666199158483,88.94909779620225,PIK3CA;SRC;FGFR1
Reactome_2022,Netrin-1 Signaling R-HSA-373752,3/49,0.0016825893967761,0.0127522564808296,0,0,13.925666199158483,88.94909779620225,SRC;FYN;MAPK14
Reactome_2022,FCGR Activation R-HSA-2029481,2/13,0.0017182072819512,0.0128865546146341,0,0,38.47775628626693,244.9676276502863,SRC;FYN
Reactome_2022,IRS-related Events Triggered By IGF1R R-HSA-2428928,3/51,0.0018887419901292,0.0140195281741555,0,0,13.344086021505376,83.69202965543494,PIK3CA;FLT3;FGFR1
Reactome_2022,Signaling By PDGF R-HSA-186797,3/52,0.0019974552526144,0.0141805405157737,0,0,13.071099407504937,81.24840214579592,PIK3CA;SRC;STAT1
Reactome_2022,IGF1R Signaling Cascade R-HSA-2428924,3/52,0.0019974552526144,0.0141805405157737,0,0,13.071099407504937,81.24840214579592,PIK3CA;FLT3;FGFR1
Reactome_2022,DCC Mediated Attractive Signaling R-HSA-418885,2/14,0.0019983199495877,0.0141805405157737,0,0,35.269503546099294,219.2157820877061,SRC;FYN
Reactome_2022,Role Of LAT2/NTAL/LAB On Calcium Mobilization R-HSA-2730905,2/14,0.0019983199495877,0.0141805405157737,0,0,35.269503546099294,219.2157820877061,PIK3CA;FYN
Reactome_2022,SARS-CoV Infections R-HSA-9679506,7/369,0.0020089099064012,0.0141805405157737,0,0,4.245887392141039,26.36765295107483,GSK3B;KDM1A;STING1;STAT1;RPSA;ST3GAL3;VEGFA
Reactome_2022,"Nucleotide-binding Domain, Leucine Rich Repeat Containing NLR Signaling Pathways R-HSA-168643",3/53,0.0021099899675299,0.0144685026344914,0,0,12.809032258064516,78.91737109678841,APP;BCL2;MAPK14
Reactome_2022,Signaling By Type 1 Insulin-like Growth Factor 1 Receptor (IGF1R) R-HSA-2404192,3/53,0.0021099899675299,0.0144685026344914,0,0,12.809032258064516,78.91737109678841,PIK3CA;FLT3;FGFR1
Reactome_2022,Insulin Receptor Signaling Cascade R-HSA-74751,3/53,0.0021099899675299,0.0144685026344914,0,0,12.809032258064516,78.91737109678841,PIK3CA;FLT3;FGFR1
Reactome_2022,Signaling By NTRK1 (TRKA) R-HSA-187037,4/114,0.002222755364757,0.0149568585292063,0,0,7.823715415019762,47.7951376926109,RPS6KA3;PIK3CA;SRC;MAPK14
Reactome_2022,Macroautophagy R-HSA-1632852,4/114,0.002222755364757,0.0149568585292063,0,0,7.823715415019762,47.7951376926109,PRKAA2;SRC;HDAC6;MTOR
Reactome_2022,EPHA-mediated Growth Cone Collapse R-HSA-3928663,2/15,0.0022985611577693,0.0151831562715038,0,0,32.55482815057283,197.78594479007495,SRC;FYN
Reactome_2022,Signaling By FLT3 ITD And TKD Mutants R-HSA-9703648,2/15,0.0022985611577693,0.0151831562715038,0,0,32.55482815057283,197.78594479007495,PIK3CA;FLT3
Reactome_2022,Signaling By ERBB4 R-HSA-1236394,3/57,0.002599258732796,0.0165393808491163,0,0,11.857825567502989,70.58405029921917,PIK3CA;SRC;ESR1
Reactome_2022,NCAM Signaling For Neurite Out-Growth R-HSA-375165,3/57,0.002599258732796,0.0165393808491163,0,0,11.857825567502989,70.58405029921917,SRC;FYN;FGFR1
Reactome_2022,CRMPs In Sema3A Signaling R-HSA-399956,2/16,0.00261873530111,0.0165393808491163,0,0,30.227963525835865,179.70717131978577,GSK3B;FYN
Reactome_2022,Signaling By NTRK3 (TRKC) R-HSA-9034015,2/16,0.00261873530111,0.0165393808491163,0,0,30.227963525835865,179.70717131978577,PIK3CA;SRC
Reactome_2022,Heme Degradation R-HSA-189483,2/16,0.00261873530111,0.0165393808491163,0,0,30.227963525835865,179.70717131978577,ABCC1;ABCG2
Reactome_2022,TCF Dependent Signaling In Response To WNT R-HSA-201681,5/198,0.0026682584202949,0.0167056179357596,0,0,5.611512839492114,33.25567293802176,GSK3B;PSMB5;TERT;SOST;CSNK1E
Reactome_2022,Signaling By Cytosolic FGFR1 Fusion Mutants R-HSA-1839117,2/17,0.0029586481540932,0.0182070655636506,0,0,28.21134751773049,164.2753203692656,PIK3CA;STAT1
Reactome_2022,GAB1 Signalosome R-HSA-180292,2/17,0.0029586481540932,0.0182070655636506,0,0,28.21134751773049,164.2753203692656,PIK3CA;SRC
Reactome_2022,Platelet Degranulation R-HSA-114608,4/125,0.0031016621195662,0.0189193481064266,0,0,7.1085159899389145,41.05748852006977,APP;TTR;SERPINE1;VEGFA
Reactome_2022,Selective Autophagy R-HSA-9663891,3/61,0.0031532246844044,0.0189193481064266,0,0,11.03781979977753,63.57044273872647,PRKAA2;SRC;HDAC6
Reactome_2022,Signaling By FGFR In Disease R-HSA-1226099,3/61,0.0031532246844044,0.0189193481064266,0,0,11.03781979977753,63.57044273872647,PIK3CA;STAT1;FGFR1
Reactome_2022,Regulation Of Signaling By CBL R-HSA-912631,2/18,0.0033181068615317,0.0195822700024821,0,0,26.4468085106383,150.96792713266765,PIK3CA;FYN
Reactome_2022,Ephrin Signaling R-HSA-3928664,2/18,0.0033181068615317,0.0195822700024821,0,0,26.4468085106383,150.96792713266765,SRC;FYN
Reactome_2022,Autophagy R-HSA-9612973,4/128,0.0033772198700035,0.0197690919219717,0,0,6.935483870967742,39.46777492892892,PRKAA2;SRC;HDAC6;MTOR
Reactome_2022,Response To Elevated Platelet Cytosolic Ca2+ R-HSA-76005,4/130,0.0035699137147418,0.0207285312468882,0,0,6.824706694271912,38.45868170637832,APP;TTR;SERPINE1;VEGFA
Reactome_2022,Signaling To RAS R-HSA-167044,2/19,0.0036969199300382,0.0212942587970203,0,0,24.88986232790989,139.38958235666968,SRC;MAPK14
Reactome_2022,Cell Surface Interactions At Vascular Wall R-HSA-202733,4/134,0.0039774701016689,0.0227284005809656,0,0,6.613377926421404,36.55286273839602,PIK3CA;MMP1;SRC;FYN
Reactome_2022,Circadian Clock R-HSA-400253,3/69,0.0044654510785828,0.0247979538785444,0,0,9.695992179863149,52.46874707193491,SERPINE1;CSNK1E;HIF1A
Reactome_2022,PI-3K cascade:FGFR1 R-HSA-5654689,2/21,0.0045118499417907,0.0247979538785444,0,0,22.267637178051512,120.2685777556432,PIK3CA;FGFR1
Reactome_2022,CTLA4 Inhibitory Signaling R-HSA-389513,2/21,0.0045118499417907,0.0247979538785444,0,0,22.267637178051512,120.2685777556432,SRC;FYN
Reactome_2022,Synthesis Of Leukotrienes (LT) And Eoxins (EX) R-HSA-2142691,2/21,0.0045118499417907,0.0247979538785444,0,0,22.267637178051512,120.2685777556432,ABCC1;ALOX5
Reactome_2022,Inflammasomes R-HSA-622312,2/21,0.0045118499417907,0.0247979538785444,0,0,22.267637178051512,120.2685777556432,APP;BCL2
Reactome_2022,ERK/MAPK Targets R-HSA-198753,2/22,0.0049475906363984,0.026783949309826,0,0,21.153191489361703,112.29921711841662,RPS6KA3;MAPK14
Reactome_2022,Nephrin Family Interactions R-HSA-373753,2/22,0.0049475906363984,0.026783949309826,0,0,21.153191489361703,112.29921711841662,PIK3CA;FYN
Reactome_2022,Developmental Biology R-HSA-1266738,12/1073,0.0052200155540184,0.0280478447678603,0,0,2.5370943853507475,13.333077693767889,GSK3B;RPS6KA3;PSMB5;PIK3CA;SRC;MMP2;CDK2;RPSA;FYN;MAPK14;MMP9;FGFR1
Reactome_2022,Telomere Extension By Telomerase R-HSA-171319,2/23,0.0054019331785707,0.0285984697689037,0,0,20.144883485309016,105.1764043129469,TERT;CDK2
Reactome_2022,Canonical Retinoid Cycle In Rods (Twilight Vision) R-HSA-2453902,2/23,0.0054019331785707,0.0285984697689037,0,0,20.144883485309016,105.1764043129469,TTR;HSD17B1
Reactome_2022,Mitotic G1 Phase And G1/S Transition R-HSA-453279,4/147,0.0055174183500652,0.0289966511828248,0,0,6.008209182122226,31.24175778620365,PSMB5;SRC;CDK2;DYRK1A
Reactome_2022,RUNX2 Regulates Osteoblast Differentiation R-HSA-8940973,2/24,0.0058746927635266,0.0306505709401389,0,0,19.22823984526112,98.77742005697412,SRC;HDAC6
Reactome_2022,Signaling By Insulin Receptor R-HSA-74752,3/77,0.0060649738722234,0.0314156920000064,0,0,8.644289450741063,44.1310429963081,PIK3CA;FLT3;FGFR1
Reactome_2022,Infectious Disease R-HSA-5663205,11/961,0.0063048870738517,0.032276717233421,0,0,2.581969040247678,13.081365973380391,GSK3B;PSMB5;KDM1A;STING1;SRC;STAT1;RPSA;FYN;MAPK14;ST3GAL3;VEGFA
Reactome_2022,ADP Signaling Thru P2Y Purinoceptor 1 R-HSA-418592,2/25,0.0063656858988136,0.032276717233421,0,0,18.39130434782609,93.00176010517843,SRC;MAPK14
Reactome_2022,Cyclin A/B1/B2 Associated Events During G2/M Transition R-HSA-69273,2/25,0.0063656858988136,0.032276717233421,0,0,18.39130434782609,93.00176010517843,PLK1;CDK2
Reactome_2022,Transmission Across Chemical Synapses R-HSA-112315,5/246,0.0066687532052093,0.0335769392150401,0,0,4.482923715288861,22.4608929391211,ACHE;RPS6KA3;PRKAA2;SRC;MAPT
Reactome_2022,Regulation Of APC/C Activators Between G1/S And Early Anaphase R-HSA-176408,3/80,0.0067420477233622,0.0336722461962504,0,0,8.306242144951822,41.52615707146557,PSMB5;PLK1;CDK2
Reactome_2022,Diseases Of Metabolism R-HSA-5668914,5/247,0.0067812162478559,0.0336722461962504,0,0,4.464172191444919,22.29228492287282,ADAMTS4;ADAMTS5;CYP1B1;CYP19A1;ST3GAL3
Reactome_2022,Constitutive Signaling By AKT1 E17K In Cancer R-HSA-5674400,2/26,0.0068747303967701,0.0339027800388666,0,0,17.624113475177303,87.76637294514885,GSK3B;MTOR
Reactome_2022,Transcriptional Regulation By TP53 R-HSA-3700989,6/354,0.0071976468058123,0.0352537802733666,0,0,3.746360153256705,18.484545262926552,DYRK2;PRKAA2;CDK2;MAPKAPK5;MAPK14;MTOR
Reactome_2022,Neutrophil Degranulation R-HSA-6798695,7/468,0.0073292309043855,0.0352926136654308,0,0,3.3171902800458213,16.306924921300077,MMP12;PKM;TTR;STING1;ALOX5;MAPK14;MMP9
Reactome_2022,Endogenous Sterols R-HSA-211976,2/27,0.0074016453659445,0.0352926136654308,0,0,16.918297872340425,83.0020652995721,CYP1B1;CYP19A1
Reactome_2022,FLT3 Signaling In Disease R-HSA-9682385,2/27,0.0074016453659445,0.0352926136654308,0,0,16.918297872340425,83.0020652995721,PIK3CA;FLT3
Reactome_2022,G0 And Early G1 R-HSA-1538133,2/27,0.0074016453659445,0.0352926136654308,0,0,16.918297872340425,83.0020652995721,CDK2;DYRK1A
Reactome_2022,Paracetamol ADME R-HSA-9753281,2/28,0.0079462512056703,0.0369116185037589,0,0,16.266775777414075,78.65075568636239,ABCC1;ABCG2
Reactome_2022,Recycling Pathway Of L1 R-HSA-437239,2/28,0.0079462512056703,0.0369116185037589,0,0,16.266775777414075,78.65075568636239,RPS6KA3;SRC
Reactome_2022,DAP12 Signaling R-HSA-2424491,2/28,0.0079462512056703,0.0369116185037589,0,0,16.266775777414075,78.65075568636239,PIK3CA;FYN
Reactome_2022,Metabolism Of Porphyrins R-HSA-189445,2/28,0.0079462512056703,0.0369116185037589,0,0,16.266775777414075,78.65075568636239,ABCC1;ABCG2
Reactome_2022,Signaling By FGFR R-HSA-190236,3/86,0.0082265737933977,0.0378020776515947,0,0,7.703458997279441,36.97957408731587,PIK3CA;SRC;FGFR1
Reactome_2022,Cellular Senescence R-HSA-2559583,4/165,0.0082429530434727,0.0378020776515947,0,0,5.331623008371591,25.58324182355596,RPS6KA3;CDK2;MAPKAPK5;MAPK14
Reactome_2022,APC/C-mediated Degradation Of Cell Cycle Proteins R-HSA-174143,3/87,0.0084911618318685,0.0382876631779273,0,0,7.61136712749616,36.29655050656309,PSMB5;PLK1;CDK2
Reactome_2022,Fcgamma Receptor (FCGR) Dependent Phagocytosis R-HSA-2029480,3/87,0.0084911618318685,0.0382876631779273,0,0,7.61136712749616,36.29655050656309,PIK3CA;SRC;FYN
Reactome_2022,Energy Dependent Regulation Of mTOR By LKB1-AMPK R-HSA-380972,2/29,0.0085083695950949,0.0382876631779273,0,0,15.663514578408195,74.66335234524666,PRKAA2;MTOR
Reactome_2022,Peptide Hormone Metabolism R-HSA-2980736,3/89,0.0090352399874704,0.039897761645204,0,0,7.433608402100525,34.98719074188787,MMP12;DPP4;ACHE
Reactome_2022,Downstream Signaling Of Activated FGFR1 R-HSA-5654687,2/30,0.009087823485852,0.039897761645204,0,0,15.103343465045592,70.99809661026983,PIK3CA;FGFR1
Reactome_2022,Translation Of Structural Proteins R-HSA-9683701,2/30,0.009087823485852,0.039897761645204,0,0,15.103343465045592,70.99809661026983,GSK3B;ST3GAL3
Reactome_2022,MAPK Targets/ Nuclear Events Mediated By MAP Kinases R-HSA-450282,2/30,0.009087823485852,0.039897761645204,0,0,15.103343465045592,70.99809661026983,RPS6KA3;MAPK14
Reactome_2022,MAPK6/MAPK4 Signaling R-HSA-5687128,3/90,0.0093147685615091,0.0406462628138583,0,0,7.347793845012977,34.35941646878212,PSMB5;MMP2;MAPKAPK5
Reactome_2022,RHO GTPase Effectors R-HSA-195258,5/269,0.0096043628892677,0.0415047304081497,0,0,4.087579087579088,18.989003227711223,KDM1A;SRC;PLK1;KLK2;MAPK14
Reactome_2022,RUNX2 Regulates Bone Development R-HSA-8941326,2/31,0.0096844370952349,0.0415047304081497,0,0,14.581804842259722,67.61925731038481,SRC;HDAC6
Reactome_2022,Downregulation Of SMAD2/3:SMAD4 Transcriptional Activity R-HSA-2173795,2/31,0.0096844370952349,0.0415047304081497,0,0,14.581804842259722,67.61925731038481,STAT1;SERPINE1
Reactome_2022,GPVI-mediated Activation Cascade R-HSA-114604,2/32,0.0102980358970329,0.0436152108580217,0,0,14.095035460992907,64.49609274272176,PIK3CA;FYN
Reactome_2022,Nuclear Signaling By ERBB4 R-HSA-1251985,2/32,0.0102980358970329,0.0436152108580217,0,0,14.095035460992907,64.49609274272176,SRC;ESR1
Reactome_2022,Organelle Biogenesis And Maintenance R-HSA-1852241,5/275,0.0104963666254829,0.0441952278967702,0,0,3.9955229955229954,18.20650398625648,PRKAA2;PLK1;CSNK1E;MAPK14;HDAC6
Reactome_2022,Neuronal System R-HSA-112316,6/386,0.0107528709298448,0.0449627517782662,0,0,3.425263157894737,15.52528783648336,KCNH2;ACHE;RPS6KA3;PRKAA2;SRC;MAPT
Reactome_2022,Signal Amplification R-HSA-392518,2/33,0.010928446612773,0.0449627517782662,0,0,13.639670555936856,61.60201862094402,SRC;MAPK14
Reactome_2022,Signaling To ERKs R-HSA-187687,2/33,0.010928446612773,0.0449627517782662,0,0,13.639670555936856,61.60201862094402,SRC;MAPK14
Reactome_2022,Negative Regulation Of FGFR1 Signaling R-HSA-5654726,2/33,0.010928446612773,0.0449627517782662,0,0,13.639670555936856,61.60201862094402,SRC;FGFR1
Reactome_2022,MyD88 Cascade Initiated On Plasma Membrane R-HSA-975871,3/96,0.0110979069043523,0.0454005282450777,0,0,6.871661463753035,30.92933969739665,APP;RPS6KA3;MAPK14
Reactome_2022,G2/M Transition R-HSA-69275,4/182,0.0115154781987984,0.0463019888437468,0,0,4.818270639960918,21.509064739350915,PSMB5;PLK1;CDK2;CSNK1E
Reactome_2022,Neurotransmitter Receptors And Postsynaptic Signal Transmission R-HSA-112314,4/182,0.0115154781987984,0.0463019888437468,0,0,4.818270639960918,21.509064739350915,RPS6KA3;PRKAA2;SRC;MAPT
Reactome_2022,EPHB-mediated Forward Signaling R-HSA-3928662,2/34,0.0115754972109367,0.0463019888437468,0,0,13.212765957446807,58.91393603867177,SRC;FYN
Reactome_2022,Metabolic Disorders Of Biological Oxidation Enzymes R-HSA-5579029,2/34,0.0115754972109367,0.0463019888437468,0,0,13.212765957446807,58.91393603867177,CYP1B1;CYP19A1
Reactome_2022,SARS-CoV-2 Infection R-HSA-9694516,5/283,0.0117720169420629,0.0468279126977088,0,0,3.87896276385485,17.23046900250048,GSK3B;STING1;STAT1;RPSA;ST3GAL3
Reactome_2022,Mitotic G2-G2/M Phases R-HSA-453274,4/184,0.0119479884203184,0.0471846998486157,0,0,4.764251207729469,21.092256489866152,PSMB5;PLK1;CDK2;CSNK1E
Reactome_2022,Cellular Response To Heat Stress R-HSA-3371556,3/99,0.0120583121835351,0.0471846998486157,0,0,6.655913978494624,29.4058349396503,GSK3B;HDAC6;MTOR
Reactome_2022,L1CAM Interactions R-HSA-373760,3/99,0.0120583121835351,0.0471846998486157,0,0,6.655913978494624,29.4058349396503,RPS6KA3;SRC;FGFR1
Reactome_2022,Metabolism Of Steroid Hormones R-HSA-196071,2/35,0.0122390168869593,0.047632930587085,0,0,12.811734364925854,56.411684848762775,HSD17B1;CYP19A1
Reactome_2022,TRAF6 Mediated Induction Of NFkB And MAP Kinases Upon TLR7/8 Or 9 Activation R-HSA-975138,3/101,0.0127243362978483,0.0492506833712138,0,0,6.519420671494404,28.452309138616958,APP;RPS6KA3;MAPK14
Reactome_2022,Activated PKN1 Stimulates Transcription Of Androgen Receptor Regulated KLK2 And KLK3 R-HSA-5625886,2/36,0.0129188360685873,0.0492506833712138,0,0,12.434292866082604,54.07759605240032,KDM1A;KLK2
Reactome_2022,Regulation Of TP53 Degradation R-HSA-6804757,2/36,0.0129188360685873,0.0492506833712138,0,0,12.434292866082604,54.07759605240032,CDK2;MTOR
Reactome_2022,"Cell Cycle, Mitotic R-HSA-69278",7/523,0.012977268328079,0.0492506833712138,0,0,2.955230380628865,12.8391640063623,GSK3B;PSMB5;SRC;PLK1;CDK2;DYRK1A;CSNK1E
Reactome_2022,ABC-family Proteins Mediated Transport R-HSA-382556,3/102,0.0130651118387525,0.0492506833712138,0,0,6.453242098403389,27.99293694442775,ABCC1;ABCB1;PSMB5
Reactome_2022,MyD88 Dependent Cascade Initiated On Endosome R-HSA-975155,3/102,0.0130651118387525,0.0492506833712138,0,0,6.453242098403389,27.99293694442775,APP;RPS6KA3;MAPK14
Reactome_2022,Cell Cycle R-HSA-1640170,8/654,0.0133633445497126,0.0497730742243441,0,0,2.71010413734872,11.69474924012046,GSK3B;PSMB5;TERT;SRC;PLK1;CDK2;DYRK1A;CSNK1E
Reactome_2022,Toll Like Receptor 3 (TLR3) Cascade R-HSA-168164,3/103,0.0134110783326705,0.0497730742243441,0,0,6.388387096774194,27.544643648093786,APP;RPS6KA3;MAPK14
Reactome_2022,Toll Like Receptor 7/8 (TLR7/8) Cascade R-HSA-168181,3/103,0.0134110783326705,0.0497730742243441,0,0,6.388387096774194,27.544643648093786,APP;RPS6KA3;MAPK14
