Gene_set,Term,Overlap,P-value,Adjusted P-value,Old P-value,Old Adjusted P-value,Odds Ratio,Combined Score,Genes
GO_Biological_Process_2025,Protein Phosphorylation (GO:0006468),18/373,1.800667233515073e-13,2.9386889250965994e-10,0,0,12.707908992416035,372.9192943112606,GSK3B;DYRK3;DYRK2;PRKAA2;FLT3;SRC;PLK1;DYRK1A;DYRK1B;CSNK1E;MAPK14;CLK3;KIT;CDK2;KDR;MAPKAPK5;FYN;FGFR1
GO_Biological_Process_2025,Cellular Component Disassembly (GO:0022411),9/49,1.615931998917465e-12,1.3186005111166512e-09,0,0,51.37241379310345,1394.8180186440002,ADAMTS4;MMP12;ADAMTS5;DYRK3;MMP14;MMP13;MMP1;MMP2;MMP9
GO_Biological_Process_2025,Extracellular Matrix Disassembly (GO:0022617),8/45,3.898337997983679e-11,2.120695870903121e-08,0,0,48.81326781326781,1169.9508243236828,ADAMTS4;MMP12;ADAMTS5;MMP14;MMP13;MMP1;MMP2;MMP9
GO_Biological_Process_2025,Cell Surface Receptor Protein Tyrosine Kinase Signaling Pathway (GO:0007169),14/296,1.4357242865860674e-10,5.857755089271157e-08,0,0,11.879778585019892,269.24545777806395,GSK3B;FLT3;SRC;MMP2;MAPK14;MMP9;PGF;VEGFA;PIK3CA;AXL;KIT;KDR;FYN;FGFR1
GO_Biological_Process_2025,Phosphorylation (GO:0016310),13/298,1.8354970429661615e-09,4.998998224754417e-07,0,0,10.781948848023674,216.88914957932167,GSK3B;DYRK3;DYRK2;PRKAA2;PLK1;DYRK1A;DYRK1B;CSNK1E;CLK3;CDK2;FYN;NADK;FGFR1
GO_Biological_Process_2025,Response to Amyloid-Beta (GO:1904645),7/45,1.8378669943950062e-09,4.998998224754417e-07,0,0,41.11827321111768,827.0800928276894,MMP12;APP;GSK3B;MMP13;MMP2;FYN;MMP9
GO_Biological_Process_2025,External Encapsulating Structure Organization (GO:0045229),9/111,3.1163474032549924e-09,6.357348702640187e-07,0,0,20.08316430020284,393.3609907341095,ADAMTS4;MMP12;APP;ADAMTS5;MMP14;MMP13;MMP1;MMP2;MMP9
GO_Biological_Process_2025,Extracellular Structure Organization (GO:0043062),9/111,3.1163474032549924e-09,6.357348702640187e-07,0,0,20.08316430020284,393.3609907341095,ADAMTS4;MMP12;APP;ADAMTS5;MMP14;MMP13;MMP1;MMP2;MMP9
GO_Biological_Process_2025,Cellular Response to Oxygen-Containing Compound (GO:1901701),14/384,4.1986787553716044e-09,7.401799129070494e-07,0,0,9.013711272247855,173.860933307954,APP;GSK3B;ABCC1;SRC;SERPINE1;MAPK14;MMP9;ESR1;ESR2;MTOR;AXL;CDK2;FYN;MAPT
GO_Biological_Process_2025,Vascular Endothelial Growth Factor Receptor Signaling Pathway (GO:0048010),6/29,4.5354161330088814e-09,7.401799129070494e-07,0,0,57.62608695652174,1107.0748678692498,SRC;KDR;FYN;MAPK14;PGF;VEGFA
GO_Biological_Process_2025,+ Reg of Phosphatidylinositol 3-Kinase/Prot Kinase B Signal Transduction (GO:0051897),10/162,5.702568071564378e-09,8.131853408944818e-07,0,0,15.11015911872705,286.82631723241866,APP;PIK3CA;FLT3;SRC;AXL;KIT;KDR;MTOR;VEGFA;FGFR1
GO_Biological_Process_2025,Positive Regulation of Cellular Process (GO:0048522),17/622,6.0862673368876685e-09,8.131853408944818e-07,0,0,6.864379119154723,129.85504450694123,APP;GSK3B;PRKAA2;FLT3;PGF;MTOR;VEGFA;DPP4;RPS6KA3;MMP14;FUT7;KIT;CDK2;KDR;BCL2;MAPT;FGFR1
GO_Biological_Process_2025,Protein Modification Process (GO:0036211),16/545,6.576555735070516e-09,8.131853408944818e-07,0,0,7.325141776937619,138.00387402370978,GSK3B;DYRK3;DYRK2;PRKAA2;PLK1;DYRK1A;DYRK1B;SIRT6;CSNK1E;FUT4;CLK3;FUT7;CDK2;FYN;ST3GAL3;FGFR1
GO_Biological_Process_2025,Collagen Catabolic Process (GO:0030574),6/31,6.975854640026192e-09,8.131853408944818e-07,0,0,53.010666666666665,995.5833109991146,MMP12;MMP14;MMP13;MMP1;MMP2;MMP9
GO_Biological_Process_2025,Extracellular Matrix Organization (GO:0030198),10/182,1.7430546259818572e-08,1.8964434330682608e-06,0,0,13.339643050297456,238.31327852559244,ADAMTS4;MMP12;APP;ADAMTS5;MMP14;MMP13;MMP1;MMP2;CYP1B1;MMP9
GO_Biological_Process_2025,Positive Regulation of Protein Localization (GO:1903829),8/102,3.1724706126863314e-08,3.235920024940058e-06,0,0,19.158607350096712,330.79577312780407,GSK3B;PRKAA2;PIK3CA;PLK1;SIRT6;FYN;MAPT;SNCA
GO_Biological_Process_2025,Negative Regulation of Macromolecule Biosynthetic Process (GO:0010558),10/202,4.6882320686387536e-08,4.500702785893202e-06,0,0,11.937984496124033,201.46095188309005,APP;GSK3B;DNMT1;PRKAA2;TERT;KDR;MAPT;HIF1A;ESR1;VEGFA
GO_Biological_Process_2025,Negative Regulation of Apoptotic Process (GO:0043066),14/475,6.066793557248781e-08,5.500559491905562e-06,0,0,7.200730120099466,119.66065679030694,GSK3B;PRKAA2;SRC;SERPINE1;PLK1;MMP9;MTOR;VEGFA;RPS6KA3;PIK3CA;AXL;KDR;BCL2;SNCA
GO_Biological_Process_2025,Peptidyl-Tyrosine Modification (GO:0018212),6/46,8.375512704111165e-08,7.194124596373378e-06,0,0,33.10666666666667,539.4853314751873,FLT3;SRC;KDR;DYRK1A;FYN;FGFR1
GO_Biological_Process_2025,Regulation of Phosphatidylinositol 3-Kinase/Protein Kinase B Signal Transduction (GO:0051896),10/219,1.0015938954997013e-07,7.955657465624441e-06,0,0,10.957494158228553,176.59648774051828,APP;PIK3CA;FLT3;SRC;AXL;KIT;KDR;MTOR;VEGFA;FGFR1
GO_Biological_Process_2025,Cellular Response to UV-A (GO:0071492),4/10,1.023705923885498e-07,7.955657465624441e-06,0,0,144.18840579710144,2320.6642827406263,MMP12;MMP1;MMP2;MMP9
GO_Biological_Process_2025,Negative Regulation of Gene Expression (GO:0010629),12/364,1.7452484850275308e-07,1.2946570579840594e-05,0,0,7.935064935064935,123.47912220864428,APP;GSK3B;DNMT1;PRKAA2;TERT;KDR;SIRT6;MAPT;HIF1A;ESR1;HDAC6;VEGFA
GO_Biological_Process_2025,Protein Metabolic Process (GO:0019538),15/614,2.247009231832585e-07,1.594399594065556e-05,0,0,5.968280467445743,91.36539497256196,ACHE;APP;MMP1;MMP2;RPSA;MMP9;ADAMTS4;BACE1;MMP12;DPP4;ADAMTS5;MMP14;PSMB5;MAPT;SNCA
GO_Biological_Process_2025,Response to UV-A (GO:0070141),4/13,3.447220435019351e-07,2.2557348878974668e-05,0,0,96.11111111111111,1430.1840238375923,MMP12;MMP1;MMP2;MMP9
GO_Biological_Process_2025,Peptidyl-Tyrosine Phosphorylation (GO:0018108),6/58,3.455476237588031e-07,2.2557348878974668e-05,0,0,25.45128205128205,378.6676195240596,FLT3;SRC;KDR;DYRK1A;FYN;FGFR1
GO_Biological_Process_2025,Protein Autophosphorylation (GO:0046777),8/140,3.7220660786885436e-07,2.3363122463152696e-05,0,0,13.617079889807162,201.5847552138269,GSK3B;FLT3;SRC;KIT;KDR;DYRK1A;MAPKAPK5;FGFR1
GO_Biological_Process_2025,Vascular Endothelial Growth Factor Signaling Pathway (GO:0038084),4/14,4.808385229685052e-07,2.9064017388318536e-05,0,0,86.49565217391304,1258.3157688971037,PIK3CA;KDR;PGF;VEGFA
GO_Biological_Process_2025,Positive Regulation of Cell Population Proliferation (GO:0008284),13/484,5.390939525188746e-07,3.142147608967155e-05,0,0,6.46225666999207,93.2721801474153,KDM1A;FLT3;STAT1;SIRT6;PGF;VEGFA;DPP4;TERT;KIT;CDK2;KDR;BCL2;FGFR1
GO_Biological_Process_2025,Positive Regulation of Carbohydrate Metabolic Process (GO:0045913),5/34,5.71543811502344e-07,3.216412070247673e-05,0,0,37.65630920803335,541.30660919866,APP;PRKAA2;HIF1A;MTOR;SNCA
GO_Biological_Process_2025,Cellular Response to Vascular Endothelial Growth Factor Stimulus (GO:0035924),5/36,7.685018810601416e-07,4.045790548032746e-05,0,0,35.22332506203474,495.90295290040615,PIK3CA;KDR;MAPK14;PGF;VEGFA
GO_Biological_Process_2025,Positive Regulation of Epithelial Cell Migration (GO:0010634),5/36,7.685018810601416e-07,4.045790548032746e-05,0,0,35.22332506203474,495.90295290040615,SRC;HIF1A;MMP9;HDAC6;MTOR
GO_Biological_Process_2025,Regulation of Apoptotic Process (GO:0042981),15/704,1.260816204573031e-06,6.430162643322457e-05,0,0,5.164489598451863,70.15314211766906,APP;GSK3B;PRKAA2;FLT3;SRC;STAT1;PLK1;MMP9;MTOR;VEGFA;RPS6KA3;AXL;BCL2;CYP1B1;SNCA
GO_Biological_Process_2025,Regulation of Glycolytic Process (GO:0006110),5/42,1.6951117477845482e-06,8.383098098134493e-05,0,0,29.5025245025245,392.0225207849912,APP;PRKAA2;SIRT6;HIF1A;MTOR
GO_Biological_Process_2025,Cellular Response to UV (GO:0034644),6/77,1.8811559162986812e-06,9.029548398233673e-05,0,0,18.622535211267607,245.512504404874,MMP12;KDM1A;MMP1;MMP2;MAPK14;MMP9
GO_Biological_Process_2025,Response to Cytokine (GO:0034097),7/123,2.122822198451505e-06,9.730423989047974e-05,0,0,13.416892677256875,175.2617043856514,MMP12;APP;FLT3;SRC;STAT1;BCL2;SNCA
GO_Biological_Process_2025,Regulation of Microtubule-Based Process (GO:0032886),5/44,2.1477338397126552e-06,9.730423989047974e-05,0,0,27.98675683291068,365.2578865305792,GSK3B;PRKAA2;MAPT;HDAC6;SNCA
GO_Biological_Process_2025,Negative Regulation of Programmed Cell Death (GO:0043069),11/382,2.206039752418965e-06,9.730423989047974e-05,0,0,6.813477088948787,88.74084880284782,GSK3B;RPS6KA3;PRKAA2;SRC;AXL;PLK1;BCL2;MMP9;MTOR;SNCA;VEGFA
GO_Biological_Process_2025,Endothelial Cell Migration (GO:0043542),5/45,2.407064473418073e-06,0.00010337708475311304,0,0,27.285714285714285,352.9980856030166,DPP4;PIK3CA;STAT1;CYP1B1;VEGFA
GO_Biological_Process_2025,Positive Regulation of Angiogenesis (GO:0045766),7/126,2.494189773965349e-06,0.00010437224900285768,0,0,13.076668869795109,168.70925307619132,PKM;SERPINE1;KDR;CYP1B1;SIRT6;HIF1A;VEGFA
GO_Biological_Process_2025,Proteolysis (GO:0006508),10/321,3.2835576136019805e-06,0.00013396915063496078,0,0,7.325581395348837,92.49706213481554,ADAMTS4;BACE1;MMP12;DPP4;ADAMTS5;MMP14;PSMB5;MMP1;MMP2;MMP9
GO_Biological_Process_2025,Positive Regulation of Blood Vessel Endothelial Cell Migration (GO:0043536),5/50,4.095992102721715e-06,0.00016304046613760582,0,0,24.247863247863247,300.8069062761304,KDR;MAPK14;HIF1A;VEGFA;FGFR1
GO_Biological_Process_2025,Regulation of Gene Expression (GO:0010468),18/1127,5.969070287620757e-06,0.00023194101689040652,0,0,3.911007837969065,47.04519795168035,APP;GSK3B;DNMT1;PRKAA2;KDM1A;MAPK14;HIF1A;CLK4;ESR1;HDAC6;CLK3;ESR2;VEGFA;TTR;TERT;CDK2;KDR;MAPT
GO_Biological_Process_2025,Negative Regulation of Protein Localization to Nucleus (GO:1900181),4/26,6.87126839580342e-06,0.0002607886051616554,0,0,39.29249011857708,467.1154816483118,APP;GSK3B;SIRT6;MTOR
GO_Biological_Process_2025,Regulation of Blood Vessel Endothelial Cell Migration (GO:0043535),5/57,7.882805664504412e-06,0.00029146323581826666,0,0,20.976331360946745,246.48923396706851,KDR;MAPK14;HIF1A;VEGFA;FGFR1
GO_Biological_Process_2025,Regulation of Protein Localization to Cell Periphery (GO:1904375),4/27,8.036670105283089e-06,0.00029146323581826666,0,0,37.582230623818525,440.89577795842285,MMP14;PLK1;SIRT6;SNCA
GO_Biological_Process_2025,Cellular Response to Chemical Stress (GO:0062197),6/100,8.656062433137354e-06,0.00030610519186155305,0,0,14.04964539007092,163.78023747893883,RAD52;PRKAA2;PIK3CA;HIF1A;MTOR;SNCA
GO_Biological_Process_2025,Axonal Transport of Mitochondrion (GO:0019896),3/9,8.815529422483452e-06,0.00030610519186155305,0,0,106.97849462365592,1245.1222372746392,MAPT;HIF1A;HDAC6
GO_Biological_Process_2025,Regulation of Reactive Oxygen Species Metabolic Process (GO:2000377),5/61,1.1031802594913874e-05,0.0003750812882270717,0,0,19.474097331240188,222.2915301477248,CBR1;ALOX5;CYP1B1;MAPK14;SNCA
GO_Biological_Process_2025,Positive Regulation of Protein-Containing Complex Assembly (GO:0031334),6/105,1.146340356595656e-05,0.0003818015228498185,0,0,13.336700336700336,151.7229828182744,GSK3B;MMP1;SRC;HDAC6;SNCA;VEGFA
GO_Biological_Process_2025,Regulation of Macroautophagy (GO:0016241),6/106,1.2104520379777814e-05,0.0003950915451959478,0,0,13.202666666666667,149.4796888058574,PRKAA2;PIK3CA;STING1;KDR;HDAC6;MTOR
GO_Biological_Process_2025,Positive Regulation of Nitric-Oxide Synthase Activity (GO:0051000),3/10,1.254978550947344e-05,0.0004011597537731712,0,0,91.69124423963132,1034.809684557288,TERT;ESR1;HIF1A
GO_Biological_Process_2025,Negative Regulation of Intracellular Signal Transduction (GO:1902532),9/297,1.302785965072186e-05,0.0004011597537731712,0,0,7.045977011494253,79.25611186054748,GSK3B;PRKAA2;SRC;STAT1;BCL2;MAPKAPK5;MAPK14;MMP9;ESR1
GO_Biological_Process_2025,Positive Regulation of Cell Differentiation (GO:0045597),9/297,1.302785965072186e-05,0.0004011597537731712,0,0,7.045977011494253,79.25611186054748,APP;GSK3B;RPS6KA3;KDM1A;KDR;SIRT6;MAPK14;MTOR;FGFR1
GO_Biological_Process_2025,Regulation of Cellular Response to Stress (GO:0080135),6/111,1.576005166868447e-05,0.00047630378376468615,0,0,12.57079365079365,139.00824090805884,GSK3B;DYRK3;MMP14;ALOX5;MAPT;MTOR
GO_Biological_Process_2025,Regulation of miRNA Transcription (GO:1902893),5/66,1.6261614033840974e-05,0.0004825264382405176,0,0,17.873356152044675,197.0841933817101,APP;TERT;HIF1A;ESR1;VEGFA
GO_Biological_Process_2025,Regulation of Mitochondrial Depolarization (GO:0051900),3/11,1.719590425575834e-05,0.0005011377811678145,0,0,80.2258064516129,880.1444324729835,SRC;BCL2;KDR
GO_Biological_Process_2025,Peptidyl-Serine Phosphorylation (GO:0018105),5/70,2.169191135640508e-05,0.0006103655057526395,0,0,16.770076077768387,180.08665457276737,GSK3B;PLK1;CDK2;DYRK1A;MAPK14
GO_Biological_Process_2025,Positive Regulation of Endothelial Cell Proliferation (GO:0001938),5/70,2.169191135640508e-05,0.0006103655057526395,0,0,16.770076077768387,180.08665457276737,KDR;SIRT6;HIF1A;VEGFA;FGFR1
GO_Biological_Process_2025,Cellular Response to Reactive Oxygen Species (GO:0034614),5/71,2.3247151233343055e-05,0.0006332854129986668,0,0,16.515151515151516,176.20556784135502,SRC;CYP1B1;FYN;MAPT;HDAC6
GO_Biological_Process_2025,Regulation of Protein Localization to Membrane (GO:1905475),4/35,2.3282551948480395e-05,0.0006332854129986668,0,0,27.872370266479663,297.3370477191675,MMP14;PIK3CA;FYN;SIRT6
GO_Biological_Process_2025,Negative Regulation of Extrinsic Apoptotic Signaling Pathway (GO:2001237),5/72,2.488771674267869e-05,0.0006658484217057643,0,0,16.26783664097097,172.45755158028575,GSK3B;TERT;SRC;SERPINE1;BCL2
GO_Biological_Process_2025,Cellular Response to Oxidative Stress (GO:0034599),6/121,2.5741300135703023e-05,0.0006775774487333442,0,0,11.471884057971014,121.2281464425057,RAD52;PRKAA2;SRC;MAPT;HIF1A;SNCA
GO_Biological_Process_2025,Response to Iron Ion (GO:0010039),3/13,2.9599170340151376e-05,0.0007667594602401119,0,0,64.1741935483871,669.1933597211495,BCL2;HIF1A;SNCA
GO_Biological_Process_2025,Peptidyl-Serine Modification (GO:0018209),5/75,3.035417296538876e-05,0.0007740314106174133,0,0,15.56828885400314,161.95031663675692,GSK3B;PLK1;CDK2;DYRK1A;MAPK14
GO_Biological_Process_2025,Positive Regulation of DNA-templated Transcription (GO:0045893),18/1274,3.124853939631912e-05,0.0007791148228539291,0,0,3.426261636452719,35.54245501709379,KCNH2;APP;KDM1A;STAT1;DYRK1A;DYRK1B;HIF1A;ESR1;ESR2;MTOR;VEGFA;MMP12;RPS6KA3;PKM;TERT;STING1;MAPKAPK5;SOST
GO_Biological_Process_2025,Regulation of Protein-Containing Complex Assembly (GO:0043254),6/126,3.235868387425286e-05,0.0007791148228539291,0,0,10.991111111111111,113.63301060097264,GSK3B;MMP1;SRC;SOST;HDAC6;VEGFA
GO_Biological_Process_2025,Regulation of Microtubule Cytoskeleton Organization (GO:0070507),4/38,3.246311761891371e-05,0.0007791148228539291,0,0,25.40920716112532,262.61447101876826,GSK3B;PRKAA2;MAPT;SNCA
GO_Biological_Process_2025,Positive Regulation of Protein Binding (GO:0032092),4/38,3.246311761891371e-05,0.0007791148228539291,0,0,25.40920716112532,262.61447101876826,GSK3B;TERT;STING1;MMP9
GO_Biological_Process_2025,Regulation of Protein Binding (GO:0043393),5/78,3.670947793186724e-05,0.0008682589563015556,0,0,14.926238145416228,152.4338425907523,GSK3B;KDM1A;TERT;STING1;CSNK1E
GO_Biological_Process_2025,Positive Regulation of Endothelial Cell Chemotaxis (GO:2001028),3/14,3.75406132297874e-05,0.0008752325827287576,0,0,58.33724340175953,594.4615967797359,KDR;VEGFA;FGFR1
GO_Biological_Process_2025,Negative Regulation of Cellular Component Organization (GO:0051129),5/80,4.1487692263073774e-05,0.000940387691296339,0,0,14.526739926739928,146.57645822935868,GSK3B;SRC;SOST;HDAC6;VEGFA
GO_Biological_Process_2025,Regulation of TOR Signaling (GO:0032006),5/80,4.1487692263073774e-05,0.000940387691296339,0,0,14.526739926739928,146.57645822935868,GSK3B;DYRK3;PRKAA2;PIK3CA;MAPKAPK5
GO_Biological_Process_2025,Amyloid-Beta Metabolic Process (GO:0050435),3/15,4.676253544823681e-05,0.0010175527713536,0,0,53.473118279569896,533.1498864494959,BACE1;MMP12;DYRK1A
GO_Biological_Process_2025,Regulation of Nitric-Oxide Synthase Activity (GO:0050999),3/15,4.676253544823681e-05,0.0010175527713536,0,0,53.473118279569896,533.1498864494959,TERT;ESR1;HIF1A
GO_Biological_Process_2025,Regulation of Cellular Response to Heat (GO:1900034),3/15,4.676253544823681e-05,0.0010175527713536,0,0,53.473118279569896,533.1498864494959,GSK3B;MAPT;MTOR
GO_Biological_Process_2025,Protein Destabilization (GO:0031648),4/42,4.850807582792026e-05,0.001041647101989,0,0,22.72997711670481,225.794598036873,PLK1;SIRT6;MTOR;SNCA
GO_Biological_Process_2025,Ephrin Receptor Signaling Pathway (GO:0048013),4/43,5.328731260591136e-05,0.0011294142100369,0,0,22.14604236343367,217.9128998788356,SRC;MMP2;FYN;MMP9
GO_Biological_Process_2025,Positive Regulation of Positive Chemotaxis (GO:0050927),3/16,5.735371733283438e-05,0.0012000162395793,0,0,49.35732009925558,482.03705760975896,KDR;PGF;VEGFA
GO_Biological_Process_2025,Negative Regulation of Protein Localization (GO:1903828),4/44,5.840131181021411e-05,0.0012064676060034,0,0,21.591304347826085,210.47575293214624,APP;GSK3B;SIRT6;MTOR
GO_Biological_Process_2025,Regulation of Endothelial Cell Proliferation (GO:0001936),5/87,6.210268946520382e-05,0.0012668948650901,0,0,13.281961940498526,128.6586631213917,STAT1;ALOX5;KDR;HIF1A;VEGFA
GO_Biological_Process_2025,Positive Regulation of Endothelial Cell Migration (GO:0010595),5/88,6.559556552669035e-05,0.0013055117431653,0,0,13.121276314047398,126.38416577431452,KDR;MAPK14;HIF1A;VEGFA;FGFR1
GO_Biological_Process_2025,Positive Regulation of Ubiquitin-Dependent Protein Catabolic Process (GO:2000060),5/88,6.559556552669035e-05,0.0013055117431653,0,0,13.121276314047398,126.38416577431452,GSK3B;PLK1;SIRT6;CSNK1E;MTOR
GO_Biological_Process_2025,Regulation of Endothelial Cell Chemotaxis (GO:2001026),3/17,6.94016149133282e-05,0.0013072944984148,0,0,45.8294930875576,438.8449133069964,KDR;VEGFA;FGFR1
GO_Biological_Process_2025,Negative Regulation of Inflammatory Response to Antigenic Stimulus (GO:0002862),3/17,6.94016149133282e-05,0.0013072944984148,0,0,45.8294930875576,438.8449133069964,SRC;FYN;MAPK14
GO_Biological_Process_2025,Prostanoid Biosynthetic Process (GO:0046457),3/17,6.94016149133282e-05,0.0013072944984148,0,0,45.8294930875576,438.8449133069964,CBR1;PTGS1;PTGES
GO_Biological_Process_2025,Mononuclear Cell Differentiation (GO:1903131),4/46,6.96903317169676e-05,0.0013072944984148,0,0,20.561076604554867,196.79929533726016,FLT3;AXL;MMP9;VEGFA
GO_Biological_Process_2025,Regulation of Cell-Cell Adhesion (GO:0022407),4/46,6.96903317169676e-05,0.0013072944984148,0,0,20.561076604554867,196.79929533726016,DPP4;FUT7;SRC;FUT4
GO_Biological_Process_2025,Regulation of Angiogenesis (GO:0045765),7/211,7.091858372888046e-05,0.0013152173709719,0,0,7.595285305133289,72.5651890654865,STAT1;ALOX5;SERPINE1;KDR;CYP1B1;HIF1A;VEGFA
GO_Biological_Process_2025,Positive Regulation of Metabolic Process (GO:0009893),6/147,7.659538027907798e-05,0.0013981660011806,0,0,9.34420803782506,88.55481468808925,ACHE;CBR1;KDM1A;SIRT6;MAPK14;VEGFA
GO_Biological_Process_2025,Regulation of Cell Population Proliferation (GO:0042127),13/769,7.710474271216865e-05,0.0013981660011806,0,0,3.96704277427169,37.56926673892245,APP;FLT3;STAT1;PGF;VEGFA;DPP4;ADORA3;KIT;CDK2;KDR;BCL2;CYP1B1;FGFR1
GO_Biological_Process_2025,Regulation of Inflammatory Response to Antigenic Stimulus (GO:0002861),3/18,8.299237239090204e-05,0.0014883906784829,0,0,42.77204301075269,401.91870215095247,SRC;FYN;MAPK14
GO_Biological_Process_2025,Positive Regulation of Smooth Muscle Cell Proliferation (GO:0048661),4/49,8.949412055196608e-05,0.0015875478776174,0,0,19.18743961352657,178.85260283531898,DNMT1;STAT1;MMP2;MMP9
GO_Biological_Process_2025,Microglial Cell Activation (GO:0001774),3/19,9.821083440888516e-05,0.0016871587553189,0,0,40.096774193548384,370.02883113531794,APP;MAPT;SNCA
GO_Biological_Process_2025,Positive Regulation of Glycolytic Process (GO:0045821),3/19,9.821083440888516e-05,0.0016871587553189,0,0,40.096774193548384,370.02883113531794,PRKAA2;HIF1A;MTOR
GO_Biological_Process_2025,Positive Regulation of Purine Nucleotide Catabolic Process (GO:0033123),3/19,9.821083440888516e-05,0.0016871587553189,0,0,40.096774193548384,370.02883113531794,PRKAA2;HIF1A;MTOR
GO_Biological_Process_2025,Positive Regulation of Reactive Oxygen Species Metabolic Process (GO:2000379),4/52,0.00011310014961873378,0.0019174427685037,0,0,17.985507246376812,163.43856425036432,APP;CBR1;MAPT;MAPK14
GO_Biological_Process_2025,Xenobiotic Transport (GO:0042908),3/20,0.00011514055840279767,0.0019174427685037,0,0,37.73624288425047,342.2434558750413,ABCC1;ABCB1;ABCG2
GO_Biological_Process_2025,Positive Regulation of Monooxygenase Activity (GO:0032770),3/20,0.00011514055840279767,0.0019174427685037,0,0,37.73624288425047,342.2434558750413,TERT;ESR1;HIF1A
GO_Biological_Process_2025,Response to Lipopolysaccharide (GO:0032496),6/161,0.0001264291373981544,0.0020841651740786,0,0,8.494193548387097,76.2424252617549,RPS6KA3;AXL;SERPINE1;MAPK14;MMP9;SNCA
GO_Biological_Process_2025,Positive Regulation of Vascular Associated Smooth Muscle Cell Proliferation (GO:1904707),3/21,0.00013386382669438416,0.0021839549684669,0,0,35.63799283154122,317.8441209569836,DNMT1;MMP2;MMP9
GO_Biological_Process_2025,Cellular Response to Lipid (GO:0071396),7/234,0.0001351589778279209,0.0021839549684669,0,0,6.817749839132802,60.7397346016036,GSK3B;AXL;SERPINE1;MAPK14;MMP9;ESR1;ESR2
GO_Biological_Process_2025,Regulation of Protein Localization to Nucleus (GO:1900180),4/56,0.00015120840471506613,0.0023958457912134,0,0,16.598662207357858,146.01596668657348,APP;GSK3B;PLK1;MTOR
GO_Biological_Process_2025,Positive Regulation of Leukocyte Chemotaxis (GO:0002690),4/56,0.00015120840471506613,0.0023958457912134,0,0,16.598662207357858,146.01596668657348,APP;SERPINE1;PGF;VEGFA
GO_Biological_Process_2025,Oligosaccharide Biosynthetic Process (GO:0009312),3/22,0.0001544616586009299,0.002400775493683,0,0,33.76061120543294,296.26842648702603,FUT7;FUT4;ST3GAL3
GO_Biological_Process_2025,Regulation of Anoikis (GO:2000209),3/22,0.0001544616586009299,0.002400775493683,0,0,33.76061120543294,296.26842648702603,PIK3CA;SRC;BCL2
GO_Biological_Process_2025,Cellular Response to Nitrogen Compound (GO:1901699),6/169,0.00016475279097034792,0.0025270578712382,0,0,8.074028629856851,70.33338371807606,APP;GSK3B;ABCC1;SRC;FYN;MTOR
GO_Biological_Process_2025,Positive Regulation of Cell Growth (GO:0030307),5/107,0.00016568332856770374,0.0025270578712382,0,0,10.666882137470372,92.8598197743526,RPS6KA3;MMP14;BCL2;MAPT;MTOR
GO_Biological_Process_2025,Positive Regulation of Developmental Process (GO:0051094),7/245,0.0001793660544180918,0.0026810812153939,0,0,6.4990085922009255,56.060980018155135,GSK3B;RPS6KA3;SRC;KDR;SIRT6;VEGFA;FGFR1
GO_Biological_Process_2025,Regulation of Proteasomal Ubiquitin-Dependent Protein Catabolic Process (GO:0032434),5/109,0.000180710130939544,0.0026810812153939,0,0,10.460693153000843,90.1567004860622,GSK3B;PLK1;CDK2;SIRT6;CSNK1E
GO_Biological_Process_2025,Positive Regulation of Vasculature Development (GO:1904018),5/109,0.000180710130939544,0.0026810812153939,0,0,10.460693153000843,90.1567004860622,SERPINE1;KDR;CYP1B1;HIF1A;VEGFA
GO_Biological_Process_2025,Response to Interleukin-1 (GO:0070555),4/59,0.0001853209131647286,0.0027003904489717,0,0,15.690909090909091,134.83859663356074,APP;SRC;HIF1A;SNCA
GO_Biological_Process_2025,Negative Regulation of Protein-Containing Complex Assembly (GO:0031333),4/59,0.0001853209131647286,0.0027003904489717,0,0,15.690909090909091,134.83859663356074,GSK3B;SRC;SOST;HDAC6
GO_Biological_Process_2025,Response to Reactive Oxygen Species (GO:0000302),4/60,0.00019783206393177684,0.0028321221783917,0,0,15.409937888198758,131.41736878183218,SRC;FYN;MAPT;HIF1A
GO_Biological_Process_2025,Negative Regulation of Intrinsic Apoptotic Signaling Pathway (GO:2001243),4/60,0.00019783206393177684,0.0028321221783917,0,0,15.409937888198758,131.41736878183218,SRC;BCL2;FYN;MMP9
GO_Biological_Process_2025,Axo-Dendritic Transport (GO:0008088),2/5,0.00022586768599568456,0.0030976139793693,0,0,141.1418439716312,1184.964987580801,APP;MAPT
GO_Biological_Process_2025,Regulation of Tubulin Deacetylation (GO:0090043),2/5,0.00022586768599568456,0.0030976139793693,0,0,141.1418439716312,1184.964987580801,PRKAA2;MAPT
GO_Biological_Process_2025,Vascular Endothelial Growth Factor Receptor-2 Signaling Pathway (GO:0036324),2/5,0.00022586768599568456,0.0030976139793693,0,0,141.1418439716312,1184.964987580801,KDR;VEGFA
GO_Biological_Process_2025,Xenobiotic Transport Across Blood-Brain Barrier (GO:1990962),2/5,0.00022586768599568456,0.0030976139793693,0,0,141.1418439716312,1184.964987580801,ABCC1;ABCG2
GO_Biological_Process_2025,Regulation of Blood Vessel Branching (GO:1905553),2/5,0.00022586768599568456,0.0030976139793693,0,0,141.1418439716312,1184.964987580801,SIRT6;VEGFA
GO_Biological_Process_2025,Negative Regulation of miRNA Transcription (GO:1902894),3/25,0.00022829403505000175,0.00310479887668,0,0,29.1524926686217,244.44003997862916,HIF1A;ESR1;VEGFA
GO_Biological_Process_2025,Protein Processing (GO:0016485),5/115,0.00023208680712686748,0.0031302947870334,0,0,9.887112887112886,82.73930646382321,BACE1;MMP12;MMP14;KLK1;KLK2
GO_Biological_Process_2025,Positive Regulation of Gene Expression (GO:0010628),9/436,0.0002486664165041544,0.0033048060621098,0,0,4.718646531535169,39.16192677772673,APP;GSK3B;DNMT1;TTR;DYRK1A;MAPK14;HIF1A;MTOR;VEGFA
GO_Biological_Process_2025,Positive Regulation of Cell Migration (GO:0030335),8/344,0.00025149561746093423,0.0033048060621098,0,0,5.294372294372295,43.88020756658382,MMP14;SRC;KIT;KDR;HIF1A;HDAC6;MTOR;VEGFA
GO_Biological_Process_2025,Epigenetic Regulation of Gene Expression (GO:0040029),4/64,0.00025402157912753743,0.0033048060621098,0,0,14.379710144927536,119.03655398446324,APP;KDM1A;SIRT6;HDAC6
GO_Biological_Process_2025,Positive Regulation of Binding (GO:0051099),4/64,0.00025402157912753743,0.0033048060621098,0,0,14.379710144927536,119.03655398446324,GSK3B;TERT;STING1;MMP9
GO_Biological_Process_2025,Amyloid Fibril Formation (GO:1990000),3/26,0.00025717547174507096,0.0033048060621098,0,0,27.883590462833094,230.47884186791404,BACE1;MAPT;SNCA
GO_Biological_Process_2025,Negative Regulation of Macroautophagy (GO:0016242),3/26,0.00025717547174507096,0.0033048060621098,0,0,27.883590462833094,230.47884186791404,PIK3CA;HDAC6;MTOR
GO_Biological_Process_2025,Negative Regulation of Autophagy (GO:0010507),4/65,0.00026968954146275857,0.0034385416536501,0,0,14.143264433357093,116.23272886658492,PIK3CA;BCL2;MTOR;SNCA
GO_Biological_Process_2025,Cardiac Muscle Cell Differentiation (GO:0055007),3/27,0.00028831803960752,0.0035646593987838,0,0,26.72043010752688,217.81015335035795,TTR;SIRT6;VEGFA
GO_Biological_Process_2025,Zymogen Activation (GO:0031638),3/27,0.00028831803960752,0.0035646593987838,0,0,26.72043010752688,217.81015335035795,MMP14;KLK1;KLK2
GO_Biological_Process_2025,Negative Regulation of miRNA Metabolic Process (GO:2000629),3/27,0.00028831803960752,0.0035646593987838,0,0,26.72043010752688,217.81015335035795,HIF1A;ESR1;VEGFA
GO_Biological_Process_2025,Positive Regulation of Erythrocyte Differentiation (GO:0045648),3/27,0.00028831803960752,0.0035646593987838,0,0,26.72043010752688,217.81015335035795,STAT1;MAPK14;HIF1A
GO_Biological_Process_2025,Positive Regulation of Macromolecule Biosynthetic Process (GO:0010557),8/355,0.00031070376136070203,0.0038125454025613,0,0,5.1236573225045845,41.38209264331018,APP;GSK3B;DNMT1;DYRK2;TTR;MAPK14;HIF1A;VEGFA
GO_Biological_Process_2025,Carbohydrate Biosynthetic Process (GO:0016051),3/28,0.00032179542822181363,0.0038615451386617,0,0,25.65032258064516,206.2694937675109,FUT7;FUT4;ST3GAL3
GO_Biological_Process_2025,Positive Regulation of ATP Metabolic Process (GO:1903580),3/28,0.00032179542822181363,0.0038615451386617,0,0,25.65032258064516,206.2694937675109,PRKAA2;HIF1A;MTOR
GO_Biological_Process_2025,Positive Regulation of Leukocyte Migration (GO:0002687),3/28,0.00032179542822181363,0.0038615451386617,0,0,25.65032258064516,206.2694937675109,FUT7;FUT4;VEGFA
GO_Biological_Process_2025,Vascular Wound Healing (GO:0061042),2/6,0.0003377420182043853,0.0039371069550682,0,0,105.85106382978724,846.0917098504582,KDR;VEGFA
GO_Biological_Process_2025,Inclusion Body Assembly (GO:0070841),2/6,0.0003377420182043853,0.0039371069550682,0,0,105.85106382978724,846.0917098504582,MAPT;HDAC6
GO_Biological_Process_2025,Lymphocyte Migration Into Lymphoid Organs (GO:0097021),2/6,0.0003377420182043853,0.0039371069550682,0,0,105.85106382978724,846.0917098504582,FUT7;FUT4
GO_Biological_Process_2025,Positive Regulation of Leukocyte Tethering or Rolling (GO:1903238),2/6,0.0003377420182043853,0.0039371069550682,0,0,105.85106382978724,846.0917098504582,FUT7;FUT4
GO_Biological_Process_2025,Regulation of Supramolecular Fiber Organization (GO:1902903),3/29,0.000357680146189944,0.0041399574367516,0,0,24.662531017369727,195.71867497954932,APP;PIK3CA;MAPT
GO_Biological_Process_2025,Positive Regulation of Proteasomal Ubiquitin-Dependent Protein Catabolic Process (GO:0032436),4/71,0.0003786315229962856,0.0043515960952812,0,0,12.872809863724854,101.42418743806252,GSK3B;PLK1;SIRT6;CSNK1E
GO_Biological_Process_2025,Negative Regulation of Cell-Matrix Adhesion (GO:0001953),3/30,0.00039604353236937927,0.0045198814323554,0,0,23.747909199522105,186.04079823243575,MMP12;SRC;SERPINE1
GO_Biological_Process_2025,Estrogen Metabolic Process (GO:0008210),3/31,0.00043695576712756887,0.0049521653607791,0,0,22.898617511520737,177.1363451644625,HSD17B1;CYP1B1;CYP19A1
GO_Biological_Process_2025,Myeloid Leukocyte Differentiation (GO:0002573),4/74,0.00044348845426825725,0.0049915390163158,0,0,12.319254658385091,95.11497922752076,KIT;MAPK14;MMP9;VEGFA
GO_Biological_Process_2025,Regulation of Positive Chemotaxis (GO:0050926),2/7,0.0004713603714468496,0.0051977035554139,0,0,84.67659574468085,648.6132088589799,KDR;VEGFA
GO_Biological_Process_2025,Estrogen Biosynthetic Process (GO:0006703),2/7,0.0004713603714468496,0.0051977035554139,0,0,84.67659574468085,648.6132088589799,HSD17B1;CYP19A1
GO_Biological_Process_2025,Positive Regulation of Myotube Differentiation (GO:0010831),2/7,0.0004713603714468496,0.0051977035554139,0,0,84.67659574468085,648.6132088589799,MMP14;MAPK14
GO_Biological_Process_2025,Endodermal Cell Differentiation (GO:0035987),3/32,0.0004804858837601796,0.0052627715590376,0,0,22.10789766407119,168.92009463381,MMP14;MMP2;MMP9
GO_Biological_Process_2025,Cellular Response to Cytokine Stimulus (GO:0071345),7/289,0.00048700809857693664,0.005298648112517,0,0,5.47270698860467,41.7415938602456,MMP12;GSK3B;FLT3;STAT1;AXL;KIT;HIF1A
GO_Biological_Process_2025,Regulation of Cell Migration (GO:0030334),9/479,0.0004935039015296134,0.0053337640218299,0,0,4.277476155539252,32.56861701454242,GSK3B;MMP14;SRC;ADORA3;SERPINE1;KIT;KDR;CYP1B1;VEGFA
GO_Biological_Process_2025,Cellular Response to Hypoxia (GO:0071456),4/77,0.0005159058528728614,0.005539199683477,0,0,11.81119714115545,89.40587565056511,TERT;HIF1A;MTOR;VEGFA
GO_Biological_Process_2025,Response to Estradiol (GO:0032355),3/33,0.0005267017789872392,0.0055816708006959,0,0,21.36989247311828,161.3186695641108,CYP19A1;ESR1;ESR2
GO_Biological_Process_2025,Regulation of Cell Adhesion Mediated by Integrin (GO:0033628),3/33,0.0005267017789872392,0.0055816708006959,0,0,21.36989247311828,161.3186695641108,DPP4;SERPINE1;CYP1B1
GO_Biological_Process_2025,Cellular Response to Decreased Oxygen Levels (GO:0036294),4/78,0.0005418085003865976,0.005704719178264,0,0,11.650998824911868,87.62247775314965,TERT;HIF1A;MTOR;VEGFA
GO_Biological_Process_2025,Regulation of Cytoskeleton Organization (GO:0051493),5/139,0.0005554711982026847,0.0058110833042742,0,0,8.106445793012957,60.76343545976968,GSK3B;PRKAA2;MAPT;MTOR;SNCA
GO_Biological_Process_2025,Positive Regulation of Growth (GO:0045927),4/79,0.0005686228582336353,0.0059107802843139,0,0,11.495072463768116,85.89455132922436,RPS6KA3;MMP14;BCL2;MTOR
GO_Biological_Process_2025,Cardiac Muscle Contraction (GO:0060048),3/34,0.0005756702248675736,0.005946163335341,0,0,20.679500520291363,154.2685690429783,KCNH2;TTR;PIK3CA
GO_Biological_Process_2025,Anoikis (GO:0043276),2/8,0.0006265158123586112,0.0063603082365441,0,0,70.56028368794327,520.4058388914005,PIK3CA;MTOR
GO_Biological_Process_2025,Cellular Response to Hydrogen Peroxide (GO:0070301),3/35,0.0006274568787277046,0.0063603082365441,0,0,20.032258064516128,147.71457783436244,CYP1B1;FYN;HDAC6
GO_Biological_Process_2025,Macrophage Activation (GO:0042116),3/35,0.0006274568787277046,0.0063603082365441,0,0,20.032258064516128,147.71457783436244,APP;MAPT;SNCA
GO_Biological_Process_2025,Cellular Response to Amyloid-Beta (GO:1904646),3/36,0.000682126294766358,0.0068201543986332,0,0,19.424242424242426,141.60847168791395,APP;GSK3B;FYN
GO_Biological_Process_2025,Endoderm Formation (GO:0001706),3/36,0.000682126294766358,0.0068201543986332,0,0,19.424242424242426,141.60847168791395,MMP14;MMP2;MMP9
GO_Biological_Process_2025,Sphingolipid Biosynthetic Process (GO:0030148),4/83,0.0006853586528038355,0.0068201543986332,0,0,10.910842047330766,79.49168468433906,ABCC1;FUT4;ABCG2;ST3GAL3
GO_Biological_Process_2025,Regulation of Cold-Induced Thermogenesis (GO:0120161),5/148,0.0007381353786407764,0.0072726435954408,0,0,7.592791823561054,54.75453223496638,ACHE;ADAMTS5;KDM1A;SIRT6;VEGFA
GO_Biological_Process_2025,Positive Regulation of Myeloid Cell Differentiation (GO:0045639),3/37,0.0007397419343401823,0.0072726435954408,0,0,18.85199240986717,135.9079565533667,STAT1;MAPK14;HIF1A
GO_Biological_Process_2025,Positive Regulation of Multicellular Organismal Process (GO:0051240),8/407,0.0007648610393264284,0.0073212326973705,0,0,4.444064707222602,31.889792357984746,ACHE;APP;KDM1A;TERT;SERPINE1;SIRT6;MTOR;VEGFA
GO_Biological_Process_2025,Cellular Response to Growth Factor Stimulus (GO:0071363),5/150,0.0007841834596511247,0.0073212326973705,0,0,7.487305797650626,53.54073214270287,KDR;MAPT;MAPK14;VEGFA;FGFR1
GO_Biological_Process_2025,Regulation of Erythrocyte Differentiation (GO:0045646),3/38,0.0008003661767667638,0.0073212326973705,0,0,18.312442396313365,130.5757939927757,STAT1;MAPK14;HIF1A
GO_Biological_Process_2025,Regulation of Sprouting Angiogenesis (GO:1903670),3/38,0.0008003661767667638,0.0073212326973705,0,0,18.312442396313365,130.5757939927757,PKM;ALOX5;VEGFA
GO_Biological_Process_2025,Regulation of Vascular Associated Smooth Muscle Cell Proliferation (GO:1904705),3/38,0.0008003661767667638,0.0073212326973705,0,0,18.312442396313365,130.5757939927757,DNMT1;MMP2;MMP9
GO_Biological_Process_2025,Regulation of Dendritic Spine Maintenance (GO:1902950),2/9,0.0008030028509983682,0.0073212326973705,0,0,60.47720364741642,431.03024068559233,APP;FYN
GO_Biological_Process_2025,L-fucose Catabolic Process (GO:0042355),2/9,0.0008030028509983682,0.0073212326973705,0,0,60.47720364741642,431.03024068559233,FUT7;FUT4
GO_Biological_Process_2025,L-fucose Metabolic Process (GO:0042354),2/9,0.0008030028509983682,0.0073212326973705,0,0,60.47720364741642,431.03024068559233,FUT7;FUT4
GO_Biological_Process_2025,Amyloid-Beta Formation (GO:0034205),2/9,0.0008030028509983682,0.0073212326973705,0,0,60.47720364741642,431.03024068559233,BACE1;DYRK1A
GO_Biological_Process_2025,Fucose Catabolic Process (GO:0019317),2/9,0.0008030028509983682,0.0073212326973705,0,0,60.47720364741642,431.03024068559233,FUT7;FUT4
GO_Biological_Process_2025,Hormone Catabolic Process (GO:0042447),2/9,0.0008030028509983682,0.0073212326973705,0,0,60.47720364741642,431.03024068559233,MMP12;CYP19A1
GO_Biological_Process_2025,Negative Regulation of Cell Adhesion Mediated by Integrin (GO:0033629),2/9,0.0008030028509983682,0.0073212326973705,0,0,60.47720364741642,431.03024068559233,SERPINE1;CYP1B1
GO_Biological_Process_2025,Positive Regulation of Keratinocyte Migration (GO:0051549),2/9,0.0008030028509983682,0.0073212326973705,0,0,60.47720364741642,431.03024068559233,MMP9;MTOR
GO_Biological_Process_2025,Positive Regulation of Biosynthetic Process (GO:0009891),4/87,0.0008181306515515025,0.0074177179074002,0,0,10.38292299633316,73.80688885487221,APP;HIF1A;ESR1;MTOR
GO_Biological_Process_2025,Regulation of Autophagy (GO:0010506),6/230,0.0008487371662355012,0.0076527019629631,0,0,5.857142857142857,41.42031442850468,GSK3B;PRKAA2;BCL2;MAPT;HDAC6;MTOR
GO_Biological_Process_2025,Axonal Transport (GO:0098930),3/39,0.0008640603299861161,0.0077480574644908,0,0,17.802867383512545,125.57907592571075,MAPT;HIF1A;HDAC6
GO_Biological_Process_2025,DNA Damage Response (GO:0006974),8/421,0.0009514378619900102,0.0084849540479109,0,0,4.290336781862206,29.85017337852123,DYRK2;KDM1A;CDK2;BCL2;CSNK1E;MAPT;MAPK14;MTOR
GO_Biological_Process_2025,Angiogenesis Involved in Wound Healing (GO:0060055),2/10,0.0010006174330829,0.0086426774403206,0,0,52.91489361702128,365.49047439590856,KDR;VEGFA
GO_Biological_Process_2025,Angiotensin-Activated Signaling Pathway (GO:0038166),2/10,0.0010006174330829,0.0086426774403206,0,0,52.91489361702128,365.49047439590856,CA2;SRC
GO_Biological_Process_2025,Induction of Positive Chemotaxis (GO:0050930),2/10,0.0010006174330829,0.0086426774403206,0,0,52.91489361702128,365.49047439590856,PGF;VEGFA
GO_Biological_Process_2025,Negative Regulation of Smooth Muscle Cell Apoptotic Process (GO:0034392),2/10,0.0010006174330829,0.0086426774403206,0,0,52.91489361702128,365.49047439590856,DNMT1;ESR1
GO_Biological_Process_2025,Positive Regulation of Neuroblast Proliferation (GO:0002052),2/10,0.0010006174330829,0.0086426774403206,0,0,52.91489361702128,365.49047439590856,KDM1A;VEGFA
GO_Biological_Process_2025,Heart Contraction (GO:0060047),3/41,0.0010008983065077,0.0086426774403206,0,0,16.864176570458405,116.47846233095048,KCNH2;TTR;PIK3CA
GO_Biological_Process_2025,Positive Regulation of Cellular Component Biogenesis (GO:0044089),4/93,0.0010499075996333,0.0090181536979037,0,0,9.680019540791402,66.39576822357638,GSK3B;MMP1;CDK2;VEGFA
GO_Biological_Process_2025,Response to Hydrogen Peroxide (GO:0042542),3/42,0.0010741594826058,0.0091781585110616,0,0,16.43093465674111,112.32543153803216,CYP1B1;FYN;HDAC6
GO_Biological_Process_2025,Cellular Response to Peptide Hormone Stimulus (GO:0071375),4/94,0.0010925770271054,0.0092869047303959,0,0,9.571980676328502,65.27340500607497,PKM;PIK3CA;SRC;MTOR
GO_Biological_Process_2025,Positive Regulation of Intracellular Signal Transduction (GO:1902533),10/652,0.001148274102469,0.0096803282585252,0,0,3.488734333115989,23.616970476890938,APP;PIK3CA;FLT3;SRC;AXL;KIT;KDR;MTOR;VEGFA;FGFR1
GO_Biological_Process_2025,Regulation of Epithelial Cell Migration (GO:0010632),3/43,0.0011507252954374,0.0096803282585252,0,0,16.019354838709678,108.40878671592486,SRC;HIF1A;HDAC6
GO_Biological_Process_2025,Regulation of Keratinocyte Migration (GO:0051547),2/11,0.0012191569333951,0.0098937134101325,0,0,47.033096926713945,315.5730647708604,MMP9;MTOR
GO_Biological_Process_2025,Regulation of Leukocyte Cell-Cell Adhesion (GO:1903037),2/11,0.0012191569333951,0.0098937134101325,0,0,47.033096926713945,315.5730647708604,FUT7;FUT4
GO_Biological_Process_2025,Regulation of Leukocyte Tethering or Rolling (GO:1903236),2/11,0.0012191569333951,0.0098937134101325,0,0,47.033096926713945,315.5730647708604,FUT7;FUT4
GO_Biological_Process_2025,Cellular Response to UV-B (GO:0071493),2/11,0.0012191569333951,0.0098937134101325,0,0,47.033096926713945,315.5730647708604,MMP12;MAPK14
GO_Biological_Process_2025,Ketone Biosynthetic Process (GO:0042181),2/11,0.0012191569333951,0.0098937134101325,0,0,47.033096926713945,315.5730647708604,HSD17B1;SIRT6
GO_Biological_Process_2025,Negative Regulation of calcineurin-NFAT Signaling Cascade (GO:0070885),2/11,0.0012191569333951,0.0098937134101325,0,0,47.033096926713945,315.5730647708604,GSK3B;DYRK2
GO_Biological_Process_2025,Negative Regulation of Calcineurin-Mediated Signaling (GO:0106057),2/11,0.0012191569333951,0.0098937134101325,0,0,47.033096926713945,315.5730647708604,GSK3B;DYRK2
GO_Biological_Process_2025,Regulation of Protein Localization (GO:0032880),4/97,0.0012278762424571,0.0098937134101325,0,0,9.261804581580176,62.076960260230734,PRKAA2;KDM1A;CSNK1E;MAPT
GO_Biological_Process_2025,Organelle Disassembly (GO:1903008),3/44,0.0012306518518731,0.0098937134101325,0,0,15.627852084972462,104.70991096419613,DYRK3;PRKAA2;HDAC6
GO_Biological_Process_2025,Positive Regulation of Proteasomal Protein Catabolic Process (GO:1901800),4/98,0.0012754671084421,0.0101673741785062,0,0,9.16281221091582,61.06503793919952,GSK3B;PLK1;SIRT6;CSNK1E
GO_Biological_Process_2025,Regulation of Inflammatory Response (GO:0050727),6/249,0.001277151781001,0.0101673741785062,0,0,5.393964334705076,35.94064701883247,APP;ALOX5;SERPINE1;MMP9;PTGES;SNCA
GO_Biological_Process_2025,Positive Regulation of Cell-Matrix Adhesion (GO:0001954),3/45,0.001313994248473,0.0103412102457739,0,0,15.254992319508448,101.21204943569812,GSK3B;KDR;VEGFA
GO_Biological_Process_2025,Regulation of Protein Secretion (GO:0050708),4/99,0.0013243339101511,0.0103412102457739,0,0,9.065903890160182,60.07834580555352,ACHE;TTR;ALOX5;SIRT6
GO_Biological_Process_2025,Positive Regulation of Autophagy (GO:0010508),4/99,0.0013243339101511,0.0103412102457739,0,0,9.065903890160182,60.07834580555352,GSK3B;PRKAA2;STING1;KDR
GO_Biological_Process_2025,Positive Regulation of Cold-Induced Thermogenesis (GO:0120162),4/99,0.0013243339101511,0.0103412102457739,0,0,9.065903890160182,60.07834580555352,ACHE;KDM1A;SIRT6;VEGFA
GO_Biological_Process_2025,Regulation of Intrinsic Apoptotic Signaling Pathway (GO:2001242),3/46,0.0014008065828257,0.0108346746121877,0,0,14.89947486871718,97.90008497345548,SRC;BCL2;MMP9
GO_Biological_Process_2025,Positive Regulation of Chemotaxis (GO:0050921),3/46,0.0014008065828257,0.0108346746121877,0,0,14.89947486871718,97.90008497345548,KDR;VEGFA;FGFR1
GO_Biological_Process_2025,Astrocyte Activation (GO:0048143),2/12,0.0014584201472092,0.0109683948398412,0,0,42.327659574468086,276.41661242727787,APP;MAPT
GO_Biological_Process_2025,Branching Involved in Blood Vessel Morphogenesis (GO:0001569),2/12,0.0014584201472092,0.0109683948398412,0,0,42.327659574468086,276.41661242727787,KDR;VEGFA
GO_Biological_Process_2025,Cellular Response to Angiotensin (GO:1904385),2/12,0.0014584201472092,0.0109683948398412,0,0,42.327659574468086,276.41661242727787,CA2;SRC
GO_Biological_Process_2025,Negative Regulation of Microtubule Polymerization (GO:0031115),2/12,0.0014584201472092,0.0109683948398412,0,0,42.327659574468086,276.41661242727787,DYRK1A;SNCA
GO_Biological_Process_2025,Peptidyl-Tyrosine Autophosphorylation (GO:0038083),2/12,0.0014584201472092,0.0109683948398412,0,0,42.327659574468086,276.41661242727787,DYRK1A;KDR
GO_Biological_Process_2025,Positive Regulation of Vascular Endothelial Cell Proliferation (GO:1905564),2/12,0.0014584201472092,0.0109683948398412,0,0,42.327659574468086,276.41661242727787,SIRT6;FGFR1
GO_Biological_Process_2025,Positive Regulation of Signal Transduction (GO:0009967),6/256,0.0014709411936721,0.0110118166425362,0,0,5.241066666666667,34.18146539502461,APP;TERT;SRC;AXL;HIF1A;VEGFA
GO_Biological_Process_2025,Positive Regulation of Cytokine-Mediated Signaling Pathway (GO:0001961),3/47,0.0014911419622017,0.0111120716087363,0,0,14.560117302052786,94.76034521616964,STING1;AXL;HIF1A
GO_Biological_Process_2025,Erythrocyte Differentiation (GO:0030218),3/48,0.0015850525143587,0.0116458703551409,0,0,14.23584229390681,91.78043611536052,DYRK3;KIT;VEGFA
GO_Biological_Process_2025,Nuclear Receptor-Mediated Steroid Hormone Signaling Pathway (GO:0030518),3/48,0.0015850525143587,0.0116458703551409,0,0,14.23584229390681,91.78043611536052,SRC;ESR1;ESR2
GO_Biological_Process_2025,Oligosaccharide Metabolic Process (GO:0009311),3/48,0.0015850525143587,0.0116458703551409,0,0,14.23584229390681,91.78043611536052,FUT7;FUT4;ST3GAL3
GO_Biological_Process_2025,Regulation of MAPK Cascade (GO:0043408),6/260,0.0015913168438703,0.0116458703551409,0,0,5.15748031496063,33.23064313541926,APP;FLT3;KIT;KDR;VEGFA;FGFR1
GO_Biological_Process_2025,Arachidonate Metabolic Process (GO:0019369),3/49,0.0016825893967761,0.0120866995006223,0,0,13.925666199158483,88.94909779620225,ALOX5;CYP1B1;PTGS1
GO_Biological_Process_2025,Epidermal Growth Factor Receptor Signaling Pathway (GO:0007173),3/49,0.0016825893967761,0.0120866995006223,0,0,13.925666199158483,88.94909779620225,PIK3CA;SRC;HDAC6
GO_Biological_Process_2025,Protein Localization to Chromosome (GO:0034502),3/49,0.0016825893967761,0.0120866995006223,0,0,13.925666199158483,88.94909779620225,PLK1;SIRT6;ESR1
GO_Biological_Process_2025,Steroid Metabolic Process (GO:0008202),4/106,0.001703653188163,0.0120866995006223,0,0,8.44075021312873,53.80961716461471,CBR1;HSD17B1;CYP1B1;CYP19A1
GO_Biological_Process_2025,Cardiac Cell Development (GO:0055006),2/13,0.0017182072819512,0.0120866995006223,0,0,38.47775628626693,244.9676276502863,TTR;VEGFA
GO_Biological_Process_2025,Embryonic Hemopoiesis (GO:0035162),2/13,0.0017182072819512,0.0120866995006223,0,0,38.47775628626693,244.9676276502863,KIT;KDR
GO_Biological_Process_2025,"Negative Regulation of DNA Damage Response, Signal Transduction by P53 Class Mediator (GO:0043518)",2/13,0.0017182072819512,0.0120866995006223,0,0,38.47775628626693,244.9676276502863,KDM1A;DYRK1A
GO_Biological_Process_2025,Positive Regulation of Protein Export From Nucleus (GO:0046827),2/13,0.0017182072819512,0.0120866995006223,0,0,38.47775628626693,244.9676276502863,GSK3B;SIRT6
GO_Biological_Process_2025,Protein Deacetylation (GO:0006476),2/13,0.0017182072819512,0.0120866995006223,0,0,38.47775628626693,244.9676276502863,SIRT6;HDAC6
GO_Biological_Process_2025,Cellular Response to Insulin Stimulus (GO:0032869),4/108,0.001824546374544,0.0127250413814351,0,0,8.277591973244148,52.2020037281825,GSK3B;PKM;PIK3CA;MTOR
GO_Biological_Process_2025,Positive Regulation of DNA Metabolic Process (GO:0051054),4/108,0.001824546374544,0.0127250413814351,0,0,8.277591973244148,52.2020037281825,CDK2;SIRT6;MAPKAPK5;VEGFA
GO_Biological_Process_2025,Blood Vessel Morphogenesis (GO:0048514),3/51,0.0018887419901292,0.013006020792789,0,0,13.344086021505376,83.69202965543494,KDR;CYP1B1;VEGFA
GO_Biological_Process_2025,Epithelial to Mesenchymal Transition (GO:0001837),3/51,0.0018887419901292,0.013006020792789,0,0,13.344086021505376,83.69202965543494,GSK3B;HIF1A;FGFR1
GO_Biological_Process_2025,Macromolecule Glycosylation (GO:0043413),3/51,0.0018887419901292,0.013006020792789,0,0,13.344086021505376,83.69202965543494,FUT7;FUT4;ST3GAL3
GO_Biological_Process_2025,Regulation of Telomere Maintenance (GO:0032204),3/52,0.0019974552526144,0.0135321915258389,0,0,13.071099407504937,81.24840214579592,SRC;SIRT6;MAPKAPK5
GO_Biological_Process_2025,Response to Muscle Stretch (GO:0035994),2/14,0.0019983199495877,0.0135321915258389,0,0,35.269503546099294,219.2157820877061,TTR;PIK3CA
GO_Biological_Process_2025,Extrinsic Apoptotic Signaling Pathway in Absence of Ligand (GO:0097192),2/14,0.0019983199495877,0.0135321915258389,0,0,35.269503546099294,219.2157820877061,GSK3B;BCL2
GO_Biological_Process_2025,Fucosylation (GO:0036065),2/14,0.0019983199495877,0.0135321915258389,0,0,35.269503546099294,219.2157820877061,FUT7;FUT4
GO_Biological_Process_2025,Positive Regulation of Cellular Component Organization (GO:0051130),4/111,0.0020168554924576,0.013601273403681,0,0,8.044290938642828,49.9246044562647,GSK3B;MMP1;SNCA;VEGFA
GO_Biological_Process_2025,Regulation of Focal Adhesion Assembly (GO:0051893),3/53,0.0021099899675299,0.0141127197828235,0,0,12.809032258064516,78.91737109678841,SRC;KDR;VEGFA
GO_Biological_Process_2025,Regulation of Microtubule Polymerization (GO:0031113),3/53,0.0021099899675299,0.0141127197828235,0,0,12.809032258064516,78.91737109678841,DYRK1A;MAPT;SNCA
GO_Biological_Process_2025,Regulation of Signal Transduction by P53 Class Mediator (GO:1901796),3/54,0.0022263925859746,0.0148305008175943,0,0,12.557242251739403,76.69175823690271,DYRK2;MAPKAPK5;MTOR
GO_Biological_Process_2025,Amyloid Precursor Protein Catabolic Process (GO:0042987),2/15,0.0022985611577693,0.0150050072379182,0,0,32.55482815057283,197.78594479007495,BACE1;DYRK1A
GO_Biological_Process_2025,Regulation of Neuroblast Proliferation (GO:1902692),2/15,0.0022985611577693,0.0150050072379182,0,0,32.55482815057283,197.78594479007495,KDM1A;VEGFA
GO_Biological_Process_2025,Astrocyte Development (GO:0014002),2/15,0.0022985611577693,0.0150050072379182,0,0,32.55482815057283,197.78594479007495,APP;MAPT
GO_Biological_Process_2025,Mitotic Recombination (GO:0006312),2/15,0.0022985611577693,0.0150050072379182,0,0,32.55482815057283,197.78594479007495,RAD52;TERT
GO_Biological_Process_2025,Prostaglandin Biosynthetic Process (GO:0001516),2/15,0.0022985611577693,0.0150050072379182,0,0,32.55482815057283,197.78594479007495,PTGS1;PTGES
GO_Biological_Process_2025,Regulation of Cytokine Production Involved in Inflammatory Response (GO:1900015),3/55,0.0023467086457697,0.0151977321821281,0,0,12.3151364764268,74.56496801057935,ALOX5;MAPK14;HIF1A
GO_Biological_Process_2025,Striated Muscle Contraction (GO:0006941),3/55,0.0023467086457697,0.0151977321821281,0,0,12.3151364764268,74.56496801057935,KCNH2;TTR;PIK3CA
GO_Biological_Process_2025,Protein Complex Oligomerization (GO:0051259),4/116,0.0023678082581693,0.0152737671040808,0,0,7.683229813664596,46.45119810332112,APP;STING1;MAPT;SNCA
GO_Biological_Process_2025,Positive Regulation of Epithelial Cell Proliferation (GO:0050679),4/118,0.0025192540691523,0.0161867033104592,0,0,7.547673531655225,45.163711709479344,MMP12;KDR;HIF1A;VEGFA
GO_Biological_Process_2025,Positive Regulation of Transcription by RNA Polymerase II (GO:0045944),12/983,0.0025866270488792,0.0162500989027059,0,0,2.785493600117699,16.59430110460314,MMP12;APP;RPS6KA3;PKM;KDM1A;STING1;STAT1;MAPKAPK5;HIF1A;ESR1;ESR2;VEGFA
GO_Biological_Process_2025,Heart Morphogenesis (GO:0003007),3/57,0.002599258732796,0.0162500989027059,0,0,11.857825567502989,70.58405029921917,ADAMTS5;TTR;VEGFA
GO_Biological_Process_2025,Regulation of Stem Cell Proliferation (GO:0072091),2/16,0.00261873530111,0.0162500989027059,0,0,30.227963525835865,179.70717131978577,KDM1A;TERT
GO_Biological_Process_2025,Regulation of Superoxide Anion Generation (GO:0032928),2/16,0.00261873530111,0.0162500989027059,0,0,30.227963525835865,179.70717131978577,APP;MAPT
GO_Biological_Process_2025,Response to UV-B (GO:0010224),2/16,0.00261873530111,0.0162500989027059,0,0,30.227963525835865,179.70717131978577,MMP12;MAPK14
GO_Biological_Process_2025,Mitochondrion Transport Along Microtubule (GO:0047497),2/16,0.00261873530111,0.0162500989027059,0,0,30.227963525835865,179.70717131978577,MAPT;HIF1A
GO_Biological_Process_2025,Mitotic Chromosome Condensation (GO:0007076),2/16,0.00261873530111,0.0162500989027059,0,0,30.227963525835865,179.70717131978577,TTR;PLK1
GO_Biological_Process_2025,Negative Regulation of Intrinsic Apoptotic Signaling Pathway by P53 Class Mediator (GO:1902254),2/16,0.00261873530111,0.0162500989027059,0,0,30.227963525835865,179.70717131978577,KDM1A;BCL2
GO_Biological_Process_2025,Positive Regulation of Superoxide Anion Generation (GO:0032930),2/16,0.00261873530111,0.0162500989027059,0,0,30.227963525835865,179.70717131978577,APP;MAPT
GO_Biological_Process_2025,Negative Regulation of Transcription by RNA Polymerase II (GO:0000122),10/732,0.0026883921393139,0.0166191514066679,0,0,3.0892868646524514,18.284908109722306,APP;KDM1A;SRC;STAT1;PLK1;SIRT6;ESR1;ESR2;SNCA;VEGFA
GO_Biological_Process_2025,ERBB Signaling Pathway (GO:0038127),3/58,0.0027315793537999,0.0166963951513163,0,0,11.641642228739004,68.71916258682624,PIK3CA;SRC;HDAC6
GO_Biological_Process_2025,Sprouting Angiogenesis (GO:0002040),3/58,0.0027315793537999,0.0166963951513163,0,0,11.641642228739004,68.71916258682624,KDR;PGF;VEGFA
GO_Biological_Process_2025,Mesenchymal Cell Differentiation (GO:0048762),3/58,0.0027315793537999,0.0166963951513163,0,0,11.641642228739004,68.71916258682624,GSK3B;HIF1A;FGFR1
GO_Biological_Process_2025,Enzyme-Linked Receptor Protein Signaling Pathway (GO:0007167),4/121,0.002758714184943,0.0167368830848587,0,0,7.3530286138981795,43.33132837696098,FLT3;AXL;KDR;FYN
GO_Biological_Process_2025,Negative Regulation of Inflammatory Response (GO:0050728),4/121,0.002758714184943,0.0167368830848587,0,0,7.3530286138981795,43.33132837696098,SRC;ALOX5;FYN;MAPK14
GO_Biological_Process_2025,Negative Regulation of DNA-binding Transcription Factor Activity (GO:0043433),4/122,0.0028418810672584,0.0171775922287623,0,0,7.290346352247605,42.74540829097191,KDM1A;ADORA3;CYP1B1;ESR1
GO_Biological_Process_2025,Renal System Development (GO:0072001),3/59,0.0028679866225398,0.0172714175940405,0,0,11.433179723502304,66.9314921484465,MMP12;STAT1;VEGFA
GO_Biological_Process_2025,Cellular Response to Molecule of Bacterial Origin (GO:0071219),4/123,0.002926749985352,0.0173065010303947,0,0,7.228717573986116,42.17134576305843,AXL;SERPINE1;MAPK14;MMP9
GO_Biological_Process_2025,TORC1 Signaling (GO:0038202),2/17,0.0029586481540932,0.0173065010303947,0,0,28.21134751773049,164.2753203692656,RPS6KA3;MTOR
GO_Biological_Process_2025,Negative Regulation of Anoikis (GO:2000811),2/17,0.0029586481540932,0.0173065010303947,0,0,28.21134751773049,164.2753203692656,PIK3CA;SRC
GO_Biological_Process_2025,Negative Regulation of Cation Transmembrane Transport (GO:1904063),2/17,0.0029586481540932,0.0173065010303947,0,0,28.21134751773049,164.2753203692656,KCNH2;MMP9
GO_Biological_Process_2025,Negative Regulation of Cellular Senescence (GO:2000773),2/17,0.0029586481540932,0.0173065010303947,0,0,28.21134751773049,164.2753203692656,TERT;SIRT6
GO_Biological_Process_2025,Neuron Projection Organization (GO:0106027),2/17,0.0029586481540932,0.0173065010303947,0,0,28.21134751773049,164.2753203692656,APP;GSK3B
GO_Biological_Process_2025,Positive Regulation of Cell Migration Involved in Sprouting Angiogenesis (GO:0090050),2/17,0.0029586481540932,0.0173065010303947,0,0,28.21134751773049,164.2753203692656,KDR;VEGFA
GO_Biological_Process_2025,Positive Regulation of Leukocyte Adhesion to Vascular Endothelial Cell (GO:1904996),2/17,0.0029586481540932,0.0173065010303947,0,0,28.21134751773049,164.2753203692656,FUT7;FUT4
GO_Biological_Process_2025,Cellular Response to Lipopolysaccharide (GO:0071222),4/125,0.0031016621195662,0.0180782592111862,0,0,7.1085159899389145,41.05748852006977,AXL;SERPINE1;MAPK14;MMP9
GO_Biological_Process_2025,Negative Regulation of DNA-templated Transcription (GO:0045892),12/1006,0.0031229495883325,0.0181375577514545,0,0,2.7177349813164704,15.678551531156204,APP;KDM1A;SRC;STAT1;PLK1;SIRT6;HIF1A;ESR1;HDAC6;ESR2;SNCA;VEGFA
GO_Biological_Process_2025,Protein Localization to Nucleus (GO:0034504),4/127,0.0032835862433066,0.0186729324069646,0,0,6.992223400494875,39.98726064341961,MMP12;TERT;PLK1;SIRT6
GO_Biological_Process_2025,Amyloid Precursor Protein Metabolic Process (GO:0042982),2/18,0.0033181068615317,0.0186729324069646,0,0,26.4468085106383,150.96792713266765,BACE1;ACHE
GO_Biological_Process_2025,Regulation of Vascular Endothelial Cell Proliferation (GO:1905562),2/18,0.0033181068615317,0.0186729324069646,0,0,26.4468085106383,150.96792713266765,SIRT6;FGFR1
GO_Biological_Process_2025,Estrogen Receptor Signaling Pathway (GO:0030520),2/18,0.0033181068615317,0.0186729324069646,0,0,26.4468085106383,150.96792713266765,ESR1;ESR2
GO_Biological_Process_2025,Transepithelial Transport (GO:0070633),2/18,0.0033181068615317,0.0186729324069646,0,0,26.4468085106383,150.96792713266765,ABCC1;ABCG2
GO_Biological_Process_2025,Positive Regulation of Focal Adhesion Assembly (GO:0051894),2/18,0.0033181068615317,0.0186729324069646,0,0,26.4468085106383,150.96792713266765,KDR;VEGFA
GO_Biological_Process_2025,Positive Regulation of Sprouting Angiogenesis (GO:1903672),2/18,0.0033181068615317,0.0186729324069646,0,0,26.4468085106383,150.96792713266765,PKM;VEGFA
GO_Biological_Process_2025,Positive Regulation of Stem Cell Proliferation (GO:2000648),2/18,0.0033181068615317,0.0186729324069646,0,0,26.4468085106383,150.96792713266765,KDM1A;TERT
GO_Biological_Process_2025,Protein Deacylation (GO:0035601),2/18,0.0033181068615317,0.0186729324069646,0,0,26.4468085106383,150.96792713266765,SIRT6;HDAC6
GO_Biological_Process_2025,Regulation of Intracellular Signal Transduction (GO:1902531),6/302,0.0033566452199287,0.0188248969035177,0,0,4.416216216216216,25.15835905644984,DYRK2;KDR;MAPKAPK5;MAPT;MTOR;VEGFA
GO_Biological_Process_2025,Positive Regulation of Peptidyl-Tyrosine Phosphorylation (GO:0050731),3/63,0.003455291549789,0.0193117664700536,0,0,10.668817204301074,60.46923895267782,FLT3;KIT;VEGFA
GO_Biological_Process_2025,Regulation of Neuron Apoptotic Process (GO:0043523),4/129,0.0034726568224441,0.0193425799803032,0,0,6.879652173913043,38.95833734110742,BACE1;APP;GSK3B;BCL2
GO_Biological_Process_2025,Positive Regulation of Neurogenesis (GO:0050769),3/64,0.0036127316692558,0.0200543472252569,0,0,10.493389740877843,59.00738511459594,MMP12;KDM1A;VEGFA
GO_Biological_Process_2025,Signaling Receptor Ligand Precursor Processing (GO:0140448),2/19,0.0036969199300382,0.0203830179926433,0,0,24.88986232790989,139.38958235666968,DPP4;MMP12
GO_Biological_Process_2025,Positive Regulation of Axon Extension (GO:0045773),2/19,0.0036969199300382,0.0203830179926433,0,0,24.88986232790989,139.38958235666968,MAPT;VEGFA
GO_Biological_Process_2025,Positive Regulation of Apoptotic Process (GO:0043065),6/313,0.0039967075259822,0.021961706001357,0,0,4.255591748099891,23.50058781825032,BACE1;APP;GSK3B;BCL2;CYP1B1;SNCA
GO_Biological_Process_2025,Cellular Response to Lectin (GO:1990858),2/20,0.0040948972210907,0.0221287161086758,0,0,23.505910165484632,129.23581519530129,SRC;FYN
GO_Biological_Process_2025,Stimulatory C-type Lectin Receptor Signaling Pathway (GO:0002223),2/20,0.0040948972210907,0.0221287161086758,0,0,23.505910165484632,129.23581519530129,SRC;FYN
GO_Biological_Process_2025,Positive Regulation of Monocyte Chemotaxis (GO:0090026),2/20,0.0040948972210907,0.0221287161086758,0,0,23.505910165484632,129.23581519530129,APP;SERPINE1
GO_Biological_Process_2025,Presynaptic Endocytosis (GO:0140238),2/20,0.0040948972210907,0.0221287161086758,0,0,23.505910165484632,129.23581519530129,SYNJ2;SNCA
GO_Biological_Process_2025,Regulation of Cell Cycle G2/M Phase Transition (GO:1902749),2/20,0.0040948972210907,0.0221287161086758,0,0,23.505910165484632,129.23581519530129,DYRK3;CDK2
GO_Biological_Process_2025,Regulation of Cell Growth (GO:0001558),5/222,0.0043460389620716,0.0234083682709604,0,0,4.984807818909202,27.109829629225647,RPS6KA3;MMP14;BCL2;ESR2;MTOR
GO_Biological_Process_2025,Cell Junction Organization (GO:0034330),3/69,0.0044654510785828,0.0239069451461119,0,0,9.695992179863149,52.46874707193491,APP;MAPT;SNCA
GO_Biological_Process_2025,Regulation of Systemic Arterial Blood Pressure (GO:0003073),2/21,0.0045118499417907,0.0239069451461119,0,0,22.267637178051512,120.2685777556432,KLK1;KLK2
GO_Biological_Process_2025,Cellular Response to Estradiol Stimulus (GO:0071392),2/21,0.0045118499417907,0.0239069451461119,0,0,22.267637178051512,120.2685777556432,ESR1;ESR2
GO_Biological_Process_2025,Sensory Perception of Pain (GO:0019233),2/21,0.0045118499417907,0.0239069451461119,0,0,22.267637178051512,120.2685777556432,MMP12;PTGES
GO_Biological_Process_2025,Negative Regulation of Signal Transduction by P53 Class Mediator (GO:1901797),2/21,0.0045118499417907,0.0239069451461119,0,0,22.267637178051512,120.2685777556432,KDM1A;DYRK1A
GO_Biological_Process_2025,Negative Regulation of Cell Motility (GO:2000146),4/139,0.0045298232622391,0.0239245034432825,0,0,6.36682769726248,34.362229755258646,GSK3B;ADORA3;SERPINE1;CYP1B1
GO_Biological_Process_2025,Negative Regulation of TOR Signaling (GO:0032007),3/70,0.0046493401598271,0.0243978236039802,0,0,9.550794415021668,51.2976030457789,GSK3B;PRKAA2;MAPKAPK5
GO_Biological_Process_2025,Negative Regulation of Immune Response (GO:0050777),3/70,0.0046493401598271,0.0243978236039802,0,0,9.550794415021668,51.2976030457789,SRC;FYN;MAPK14
GO_Biological_Process_2025,Positive Regulation of Cytokine Production (GO:0001819),6/325,0.0047937975294037,0.0250752486153428,0,0,4.09299895506792,21.858384142882567,APP;STING1;SERPINE1;CYP1B1;MAPK14;HIF1A
GO_Biological_Process_2025,Fc-gamma Receptor Signaling Pathway Involved in Phagocytosis (GO:0038096),2/22,0.0049475906363984,0.02547150762966,0,0,21.153191489361703,112.29921711841662,SRC;FYN
GO_Biological_Process_2025,Cell Migration Involved in Sprouting Angiogenesis (GO:0002042),2/22,0.0049475906363984,0.02547150762966,0,0,21.153191489361703,112.29921711841662,KDR;VEGFA
GO_Biological_Process_2025,Steroid Hormone Biosynthetic Process (GO:0120178),2/22,0.0049475906363984,0.02547150762966,0,0,21.153191489361703,112.29921711841662,HSD17B1;CYP19A1
GO_Biological_Process_2025,Positive Regulation of Neural Precursor Cell Proliferation (GO:2000179),2/22,0.0049475906363984,0.02547150762966,0,0,21.153191489361703,112.29921711841662,KDM1A;VEGFA
GO_Biological_Process_2025,Regulation of Biosynthetic Process (GO:0009889),2/22,0.0049475906363984,0.02547150762966,0,0,21.153191489361703,112.29921711841662,ALOX5;SNCA
GO_Biological_Process_2025,Positive Regulation of Protein Transport (GO:0051222),3/73,0.0052282833821959,0.0267885588747547,0,0,9.140092165898617,48.01904884848528,ACHE;APP;TTR
GO_Biological_Process_2025,Positive Regulation of RNA Biosynthetic Process (GO:1902680),8/555,0.005236244044759,0.0267885588747547,0,0,3.217051686887153,16.8964406649628,KCNH2;STAT1;DYRK1A;DYRK1B;SOST;HIF1A;ESR1;ESR2
GO_Biological_Process_2025,Negative Regulation of Hippo Signaling (GO:0035331),2/23,0.0054019331785707,0.0270428065872005,0,0,20.144883485309016,105.1764043129469,SRC;MAPK14
GO_Biological_Process_2025,Negative Regulation of Oxidative Stress-Induced Intrinsic Apoptotic Signaling Pathway (GO:1902176),2/23,0.0054019331785707,0.0270428065872005,0,0,20.144883485309016,105.1764043129469,FYN;HIF1A
GO_Biological_Process_2025,Phosphatidylinositol-Mediated Signaling (GO:0048015),2/23,0.0054019331785707,0.0270428065872005,0,0,20.144883485309016,105.1764043129469,PIK3CA;FGFR1
GO_Biological_Process_2025,Positive Regulation of Cell-Substrate Junction Organization (GO:0150117),2/23,0.0054019331785707,0.0270428065872005,0,0,20.144883485309016,105.1764043129469,KDR;VEGFA
GO_Biological_Process_2025,Positive Regulation of Phosphate Metabolic Process (GO:0045937),2/23,0.0054019331785707,0.0270428065872005,0,0,20.144883485309016,105.1764043129469,SRC;SNCA
GO_Biological_Process_2025,Positive Regulation of Tyrosine Phosphorylation of STAT Protein (GO:0042531),2/23,0.0054019331785707,0.0270428065872005,0,0,20.144883485309016,105.1764043129469,FLT3;KIT
GO_Biological_Process_2025,Prostanoid Metabolic Process (GO:0006692),2/23,0.0054019331785707,0.0270428065872005,0,0,20.144883485309016,105.1764043129469,CBR1;PTGES
GO_Biological_Process_2025,Negative Regulation of Apoptotic Signaling Pathway (GO:2001234),3/74,0.0054304585113902,0.0271024718366634,0,0,9.010904134484326,46.99845841376069,SRC;BCL2;MMP9
GO_Biological_Process_2025,Import Into Nucleus (GO:0051170),3/75,0.0056372798281507,0.027629678933935,0,0,8.885304659498209,46.01124963529802,MMP12;TERT;SIRT6
GO_Biological_Process_2025,Positive Regulation of Protein Serine/Threonine Kinase Activity (GO:0071902),3/75,0.0056372798281507,0.027629678933935,0,0,8.885304659498209,46.01124963529802,FLT3;SRC;FGFR1
GO_Biological_Process_2025,Positive Regulation of Secretion by Cell (GO:1903532),3/75,0.0056372798281507,0.027629678933935,0,0,8.885304659498209,46.01124963529802,ACHE;TTR;SNCA
GO_Biological_Process_2025,Glycoprotein Biosynthetic Process (GO:0009101),3/76,0.0058487757270354,0.027629678933935,0,0,8.763146266018559,45.055917352368986,FUT7;FUT4;ST3GAL3
GO_Biological_Process_2025,Lymphocyte Differentiation (GO:0030098),3/76,0.0058487757270354,0.027629678933935,0,0,8.763146266018559,45.055917352368986,FLT3;AXL;KIT
GO_Biological_Process_2025,Negative Regulation of Supramolecular Fiber Organization (GO:1902904),3/76,0.0058487757270354,0.027629678933935,0,0,8.763146266018559,45.055917352368986,PIK3CA;DYRK1A;SNCA
GO_Biological_Process_2025,Positive Regulation of Protein Secretion (GO:0050714),3/76,0.0058487757270354,0.027629678933935,0,0,8.763146266018559,45.055917352368986,ACHE;TTR;SIRT6
GO_Biological_Process_2025,Positive Regulation of Protein Ubiquitination (GO:0031398),3/76,0.0058487757270354,0.027629678933935,0,0,8.763146266018559,45.055917352368986,GSK3B;KDM1A;PLK1
GO_Biological_Process_2025,Fc Receptor Mediated Stimulatory Signaling Pathway (GO:0002431),2/24,0.0058746927635266,0.027629678933935,0,0,19.22823984526112,98.77742005697412,SRC;FYN
GO_Biological_Process_2025,Regulation of Intracellular Steroid Hormone Receptor Signaling Pathway (GO:0033143),2/24,0.0058746927635266,0.027629678933935,0,0,19.22823984526112,98.77742005697412,KDM1A;HDAC6
GO_Biological_Process_2025,Regulation of Myotube Differentiation (GO:0010830),2/24,0.0058746927635266,0.027629678933935,0,0,19.22823984526112,98.77742005697412,MMP14;MAPK14
GO_Biological_Process_2025,Cellular Response to Steroid Hormone Stimulus (GO:0071383),2/24,0.0058746927635266,0.027629678933935,0,0,19.22823984526112,98.77742005697412,SRC;ESR1
GO_Biological_Process_2025,Macrophage Differentiation (GO:0030225),2/24,0.0058746927635266,0.027629678933935,0,0,19.22823984526112,98.77742005697412,MMP9;VEGFA
GO_Biological_Process_2025,Negative Regulation of Extrinsic Apoptotic Signaling Pathway in Absence of Ligand (GO:2001240),2/24,0.0058746927635266,0.027629678933935,0,0,19.22823984526112,98.77742005697412,TERT;BCL2
GO_Biological_Process_2025,Negative Regulation of Extrinsic Apoptotic Signaling Pathway via Death Domain Receptors (GO:1902042),2/24,0.0058746927635266,0.027629678933935,0,0,19.22823984526112,98.77742005697412,GSK3B;SERPINE1
GO_Biological_Process_2025,Negative Regulation of Response to Wounding (GO:1903035),2/24,0.0058746927635266,0.027629678933935,0,0,19.22823984526112,98.77742005697412,ALOX5;SERPINE1
GO_Biological_Process_2025,Negative Regulation of Signal Transduction in Absence of Ligand (GO:1901099),2/24,0.0058746927635266,0.027629678933935,0,0,19.22823984526112,98.77742005697412,TERT;BCL2
GO_Biological_Process_2025,Positive Regulation of Morphogenesis of an Epithelium (GO:1905332),2/24,0.0058746927635266,0.027629678933935,0,0,19.22823984526112,98.77742005697412,SIRT6;VEGFA
GO_Biological_Process_2025,Positive Regulation of Receptor Internalization (GO:0002092),2/24,0.0058746927635266,0.027629678933935,0,0,19.22823984526112,98.77742005697412,APP;VEGFA
GO_Biological_Process_2025,Positive Regulation of Striated Muscle Cell Differentiation (GO:0051155),2/24,0.0058746927635266,0.027629678933935,0,0,19.22823984526112,98.77742005697412,MMP14;MAPK14
GO_Biological_Process_2025,Positive Regulation of Macroautophagy (GO:0016239),3/78,0.0062859012116959,0.0292642236249684,0,0,8.528602150537635,43.235288538110304,PRKAA2;STING1;KDR
GO_Biological_Process_2025,Regulation of Protein Export From Nucleus (GO:0046825),2/25,0.0063656858988136,0.0292642236249684,0,0,18.39130434782609,93.00176010517843,GSK3B;SIRT6
GO_Biological_Process_2025,Cardiac Muscle Cell Development (GO:0055013),2/25,0.0063656858988136,0.0292642236249684,0,0,18.39130434782609,93.00176010517843,TTR;VEGFA
GO_Biological_Process_2025,Steroid Biosynthetic Process (GO:0006694),2/25,0.0063656858988136,0.0292642236249684,0,0,18.39130434782609,93.00176010517843,HSD17B1;CYP19A1
GO_Biological_Process_2025,Icosanoid Biosynthetic Process (GO:0046456),2/25,0.0063656858988136,0.0292642236249684,0,0,18.39130434782609,93.00176010517843,CBR1;ALOX5
GO_Biological_Process_2025,Lipid Translocation (GO:0034204),2/25,0.0063656858988136,0.0292642236249684,0,0,18.39130434782609,93.00176010517843,ABCC1;ABCB1
GO_Biological_Process_2025,Negative Regulation of Intrinsic Apoptotic Signaling Pathway in Response to DNA Damage (GO:1902230),2/25,0.0063656858988136,0.0292642236249684,0,0,18.39130434782609,93.00176010517843,KDM1A;BCL2
GO_Biological_Process_2025,Positive Regulation of Neutrophil Migration (GO:1902624),2/25,0.0063656858988136,0.0292642236249684,0,0,18.39130434782609,93.00176010517843,FUT7;FUT4
GO_Biological_Process_2025,Sphingolipid Metabolic Process (GO:0006665),3/79,0.0065115839843962,0.029850856917232,0,0,8.415959252971138,42.36739094198903,ABCC1;FUT7;ABCG2
GO_Biological_Process_2025,Regulation of Double-Strand Break Repair via Homologous Recombination (GO:0010569),3/80,0.0067420477233622,0.0307346980014724,0,0,8.306242144951822,41.52615707146557,KDM1A;PLK1;SIRT6
GO_Biological_Process_2025,Protein Import Into Nucleus (GO:0006606),3/80,0.0067420477233622,0.0307346980014724,0,0,8.306242144951822,41.52615707146557,MMP12;TERT;SIRT6
GO_Biological_Process_2025,Regulation of Glycogen Biosynthetic Process (GO:0005979),2/26,0.0068747303967701,0.0309078788086196,0,0,17.624113475177303,87.76637294514885,GSK3B;DYRK2
GO_Biological_Process_2025,Blood Vessel Endothelial Cell Migration (GO:0043534),2/26,0.0068747303967701,0.0309078788086196,0,0,17.624113475177303,87.76637294514885,KDR;VEGFA
GO_Biological_Process_2025,Hormone Biosynthetic Process (GO:0042446),2/26,0.0068747303967701,0.0309078788086196,0,0,17.624113475177303,87.76637294514885,HSD17B1;CYP19A1
GO_Biological_Process_2025,Myeloid Cell Development (GO:0061515),2/26,0.0068747303967701,0.0309078788086196,0,0,17.624113475177303,87.76637294514885,APP;KIT
GO_Biological_Process_2025,Negative Regulation of Endothelial Cell Apoptotic Process (GO:2000352),2/26,0.0068747303967701,0.0309078788086196,0,0,17.624113475177303,87.76637294514885,SERPINE1;KDR
GO_Biological_Process_2025,Positive Regulation of Organelle Organization (GO:0010638),3/81,0.0069773172714288,0.0311972103752655,0,0,8.19933829611249,40.71045898559802,GSK3B;KDR;MMP9
GO_Biological_Process_2025,Regulation of Catabolic Process (GO:0009894),3/81,0.0069773172714288,0.0311972103752655,0,0,8.19933829611249,40.71045898559802,SIRT6;MAPT;HDAC6
GO_Biological_Process_2025,Response to Insulin (GO:0032868),3/82,0.0072174167778395,0.0321825797306944,0,0,8.095140873826052,39.91922962884147,PKM;PIK3CA;MTOR
GO_Biological_Process_2025,Epithelium Development (GO:0060429),4/159,0.0072535501554979,0.0322555690838491,0,0,5.5396914446002805,27.289983938110005,CBR1;STAT1;KDR;VEGFA
GO_Biological_Process_2025,Regulation of Mitochondrial Fission (GO:0090140),2/27,0.0074016453659445,0.0325201628088599,0,0,16.918297872340425,83.0020652995721,KDR;MAPT
GO_Biological_Process_2025,Regulation of Reactive Oxygen Species Biosynthetic Process (GO:1903426),2/27,0.0074016453659445,0.0325201628088599,0,0,16.918297872340425,83.0020652995721,ALOX5;SNCA
GO_Biological_Process_2025,Striated Muscle Cell Development (GO:0055002),2/27,0.0074016453659445,0.0325201628088599,0,0,16.918297872340425,83.0020652995721,TTR;VEGFA
GO_Biological_Process_2025,Positive Regulation of Vascular Endothelial Growth Factor Production (GO:0010575),2/27,0.0074016453659445,0.0325201628088599,0,0,16.918297872340425,83.0020652995721,CYP1B1;HIF1A
GO_Biological_Process_2025,Skeletal System Development (GO:0001501),4/160,0.0074126841696666,0.0325201628088599,0,0,5.503901895206243,26.994231769856466,ADAMTS4;RPS6KA3;MMP14;FGFR1
GO_Biological_Process_2025,Vascular Transport (GO:0010232),3/84,0.0077121988854748,0.0337434546410052,0,0,7.894464356829948,38.406189632086594,ABCC1;ABCB1;ABCG2
GO_Biological_Process_2025,Regulation of Extrinsic Apoptotic Signaling Pathway in Absence of Ligand (GO:2001239),2/28,0.0079462512056703,0.0341260470227452,0,0,16.266775777414075,78.65075568636239,TERT;BCL2
GO_Biological_Process_2025,Regulation of Monocyte Chemotaxis (GO:0090025),2/28,0.0079462512056703,0.0341260470227452,0,0,16.266775777414075,78.65075568636239,APP;SERPINE1
GO_Biological_Process_2025,Regulation of Tyrosine Phosphorylation of STAT Protein (GO:0042509),2/28,0.0079462512056703,0.0341260470227452,0,0,16.266775777414075,78.65075568636239,FLT3;KIT
GO_Biological_Process_2025,Hematopoietic Progenitor Cell Differentiation (GO:0002244),2/28,0.0079462512056703,0.0341260470227452,0,0,16.266775777414075,78.65075568636239,FLT3;KIT
GO_Biological_Process_2025,Negative Regulation of Protein Polymerization (GO:0032272),2/28,0.0079462512056703,0.0341260470227452,0,0,16.266775777414075,78.65075568636239,DYRK1A;SNCA
GO_Biological_Process_2025,Positive Regulation of G Protein-Coupled Receptor Signaling Pathway (GO:0045745),2/28,0.0079462512056703,0.0341260470227452,0,0,16.266775777414075,78.65075568636239,APP;HIF1A
GO_Biological_Process_2025,Regulation of Calcium Ion Transmembrane Transport (GO:1903169),2/28,0.0079462512056703,0.0341260470227452,0,0,16.266775777414075,78.65075568636239,APP;FYN
GO_Biological_Process_2025,Positive Regulation of Endocytosis (GO:0045807),3/85,0.0079669264189129,0.0341260470227452,0,0,7.797797010228167,37.682514881754805,AXL;SERPINE1;SNCA
GO_Biological_Process_2025,Positive Regulation of MAPK Cascade (GO:0043410),6/362,0.0079917983861638,0.0341429711157576,0,0,3.660674157303371,17.67863817604339,APP;FLT3;KIT;KDR;VEGFA;FGFR1
GO_Biological_Process_2025,Transport Across Blood-Brain Barrier (GO:0150104),3/86,0.0082265737933977,0.0350542256679506,0,0,7.703458997279441,36.97957408731587,ABCC1;ABCB1;ABCG2
GO_Biological_Process_2025,Nervous System Development (GO:0007399),7/480,0.0083653003802354,0.0353324661048218,0,0,3.231037841176331,15.456196288799868,ACHE;APP;RPS6KA3;AXL;DYRK1A;MAPT;VEGFA
GO_Biological_Process_2025,Fc-gamma Receptor Signaling Pathway (GO:0038094),2/29,0.0085083695950949,0.0353324661048218,0,0,15.663514578408195,74.66335234524666,SRC;FYN
GO_Biological_Process_2025,Regulation of Long-Term Synaptic Potentiation (GO:1900271),2/29,0.0085083695950949,0.0353324661048218,0,0,15.663514578408195,74.66335234524666,APP;GSK3B
GO_Biological_Process_2025,Regulation of Plasma Membrane Bounded Cell Projection Organization (GO:0120035),2/29,0.0085083695950949,0.0353324661048218,0,0,15.663514578408195,74.66335234524666,APP;GSK3B
GO_Biological_Process_2025,Camera-Type Eye Development (GO:0043010),2/29,0.0085083695950949,0.0353324661048218,0,0,15.663514578408195,74.66335234524666,CYP1B1;VEGFA
GO_Biological_Process_2025,Regulation of Vascular Endothelial Growth Factor Production (GO:0010574),2/29,0.0085083695950949,0.0353324661048218,0,0,15.663514578408195,74.66335234524666,CYP1B1;HIF1A
GO_Biological_Process_2025,Synaptic Vesicle Endocytosis (GO:0048488),2/29,0.0085083695950949,0.0353324661048218,0,0,15.663514578408195,74.66335234524666,SYNJ2;SNCA
GO_Biological_Process_2025,Negative Regulation of Wound Healing (GO:0061045),2/29,0.0085083695950949,0.0353324661048218,0,0,15.663514578408195,74.66335234524666,ALOX5;SERPINE1
GO_Biological_Process_2025,Positive Regulation of Defense Response to Virus by Host (GO:0002230),2/29,0.0085083695950949,0.0353324661048218,0,0,15.663514578408195,74.66335234524666,STING1;STAT1
GO_Biological_Process_2025,Regulation of Androgen Receptor Signaling Pathway (GO:0060765),2/29,0.0085083695950949,0.0353324661048218,0,0,15.663514578408195,74.66335234524666,KDM1A;HDAC6
GO_Biological_Process_2025,Cellular Response to Hormone Stimulus (GO:0032870),3/89,0.0090352399874704,0.0372646430374636,0,0,7.433608402100525,34.98719074188787,SRC;SOST;ESR1
GO_Biological_Process_2025,Cellular Response to Acid Chemical (GO:0071229),2/30,0.009087823485852,0.0372646430374636,0,0,15.103343465045592,70.99809661026983,MTOR;VEGFA
GO_Biological_Process_2025,Glycosphingolipid Biosynthetic Process (GO:0006688),2/30,0.009087823485852,0.0372646430374636,0,0,15.103343465045592,70.99809661026983,FUT4;ST3GAL3
GO_Biological_Process_2025,Positive Regulation of Nitric Oxide Biosynthetic Process (GO:0045429),2/30,0.009087823485852,0.0372646430374636,0,0,15.103343465045592,70.99809661026983,APP;ESR1
GO_Biological_Process_2025,Prostaglandin Metabolic Process (GO:0006693),2/30,0.009087823485852,0.0372646430374636,0,0,15.103343465045592,70.99809661026983,PTGS1;PTGES
GO_Biological_Process_2025,Establishment of Protein Localization to Organelle (GO:0072594),3/90,0.0093147685615091,0.0380995044921879,0,0,7.347793845012977,34.35941646878212,MMP12;TERT;SIRT6
GO_Biological_Process_2025,Regulation of Epithelial to Mesenchymal Transition (GO:0010717),3/91,0.0095993147289394,0.0391212904441173,0,0,7.263929618768328,33.74867874381312,GSK3B;KDM1A;MTOR
GO_Biological_Process_2025,Chromosome Condensation (GO:0030261),2/31,0.0096844370952349,0.0391212904441173,0,0,14.581804842259722,67.61925731038481,TTR;PLK1
GO_Biological_Process_2025,Innate Immune Response Activating Cell Surface Receptor Signaling Pathway (GO:0002220),2/31,0.0096844370952349,0.0391212904441173,0,0,14.581804842259722,67.61925731038481,SRC;FYN
GO_Biological_Process_2025,Positive Regulation of Lamellipodium Organization (GO:1902745),2/31,0.0096844370952349,0.0391212904441173,0,0,14.581804842259722,67.61925731038481,PIK3CA;SRC
GO_Biological_Process_2025,Positive Regulation of Nitric Oxide Metabolic Process (GO:1904407),2/31,0.0096844370952349,0.0391212904441173,0,0,14.581804842259722,67.61925731038481,APP;ESR1
GO_Biological_Process_2025,Positive Regulation of DNA-binding Transcription Factor Activity (GO:0051091),4/174,0.0098868426505807,0.0397504397552278,0,0,5.047058823529412,23.30000158690932,STING1;KIT;ESR1;ESR2
GO_Biological_Process_2025,Glucose Homeostasis (GO:0042593),3/92,0.0098888961645971,0.0397504397552278,0,0,7.181949981877492,33.154342735740734,PRKAA2;ALOX5;HIF1A
GO_Biological_Process_2025,Negative Regulation of Angiogenesis (GO:0016525),3/93,0.0101835299327531,0.0408342035632753,0,0,7.101792114695341,32.57580379183859,STAT1;ALOX5;SERPINE1
GO_Biological_Process_2025,Regulation of Extrinsic Apoptotic Signaling Pathway via Death Domain Receptors (GO:1902041),2/32,0.0102980358970329,0.0409912063023358,0,0,14.095035460992907,64.49609274272176,GSK3B;SERPINE1
GO_Biological_Process_2025,TOR Signaling (GO:0031929),2/32,0.0102980358970329,0.0409912063023358,0,0,14.095035460992907,64.49609274272176,RPS6KA3;MTOR
GO_Biological_Process_2025,Regulation of Cell Migration Involved in Sprouting Angiogenesis (GO:0090049),2/32,0.0102980358970329,0.0409912063023358,0,0,14.095035460992907,64.49609274272176,KDR;VEGFA
GO_Biological_Process_2025,Lipid Biosynthetic Process (GO:0008610),3/94,0.0104832324988093,0.0415258141700407,0,0,7.02339595887983,32.01248569235427,PRKAA2;HSD17B1;CYP19A1
GO_Biological_Process_2025,Positive Regulation of Phosphorylation (GO:0042327),3/94,0.0104832324988093,0.0415258141700407,0,0,7.02339595887983,32.01248569235427,KDR;MMP9;VEGFA
GO_Biological_Process_2025,Vasculogenesis (GO:0001570),2/33,0.010928446612773,0.0429764454748087,0,0,13.639670555936856,61.60201862094402,KDR;VEGFA
GO_Biological_Process_2025,Protein Localization to Chromatin (GO:0071168),2/33,0.010928446612773,0.0429764454748087,0,0,13.639670555936856,61.60201862094402,PLK1;ESR1
GO_Biological_Process_2025,Regulation of calcineurin-NFAT Signaling Cascade (GO:0070884),2/33,0.010928446612773,0.0429764454748087,0,0,13.639670555936856,61.60201862094402,GSK3B;DYRK2
GO_Biological_Process_2025,B Cell Activation (GO:0042113),3/96,0.0110979069043523,0.0435379424709206,0,0,6.871661463753035,30.92933969739665,FLT3;KIT;BCL2
GO_Biological_Process_2025,Regulation of TORC1 Signaling (GO:1903432),3/97,0.0114129087181845,0.044666347789154,0,0,6.798215511324639,30.408487463309,DYRK3;PRKAA2;SRC
GO_Biological_Process_2025,Regulation of Developmental Growth (GO:0048638),2/34,0.0115754972109367,0.0448722362191181,0,0,13.212765957446807,58.91393603867177,APP;GSK3B
GO_Biological_Process_2025,Synaptic Vesicle Recycling (GO:0036465),2/34,0.0115754972109367,0.0448722362191181,0,0,13.212765957446807,58.91393603867177,SYNJ2;SNCA
GO_Biological_Process_2025,Negative Regulation of Microtubule Polymerization or Depolymerization (GO:0031111),2/34,0.0115754972109367,0.0448722362191181,0,0,13.212765957446807,58.91393603867177,DYRK1A;SNCA
GO_Biological_Process_2025,"Regulation of DNA Damage Response, Signal Transduction by P53 Class Mediator (GO:0043516)",2/34,0.0115754972109367,0.0448722362191181,0,0,13.212765957446807,58.91393603867177,KDM1A;DYRK1A
GO_Biological_Process_2025,Positive Regulation of Catabolic Process (GO:0009896),4/183,0.01173044919321,0.0452678962865737,0,0,4.79111003157639,21.299202195638077,GSK3B;PRKAA2;MTOR;SNCA
GO_Biological_Process_2025,Positive Regulation of Protein Modification Process (GO:0031401),3/98,0.0117330392948656,0.0452678962865737,0,0,6.726315789473684,29.900804658388942,KDR;MMP9;VEGFA
GO_Biological_Process_2025,Negative Regulation of Cell Migration (GO:0030336),4/184,0.0119479884203184,0.0459884837310368,0,0,4.764251207729469,21.092256489866152,GSK3B;ADORA3;SERPINE1;CYP1B1
GO_Biological_Process_2025,Regulation of Mitochondrial Membrane Potential (GO:0051881),2/35,0.0122390168869593,0.0465596166888523,0,0,12.811734364925854,56.411684848762775,BCL2;MAPT
GO_Biological_Process_2025,Phospholipid Translocation (GO:0045332),2/35,0.0122390168869593,0.0465596166888523,0,0,12.811734364925854,56.411684848762775,ABCC1;ABCB1
GO_Biological_Process_2025,Positive Regulation of Macromolecule Metabolic Process (GO:0010604),2/35,0.0122390168869593,0.0465596166888523,0,0,12.811734364925854,56.411684848762775,APP;SNCA
GO_Biological_Process_2025,Positive Regulation of Mononuclear Cell Migration (GO:0071677),2/35,0.0122390168869593,0.0465596166888523,0,0,12.811734364925854,56.411684848762775,APP;SERPINE1
GO_Biological_Process_2025,Regulation of Cellular Senescence (GO:2000772),2/35,0.0122390168869593,0.0465596166888523,0,0,12.811734364925854,56.411684848762775,TERT;SIRT6
GO_Biological_Process_2025,Hemopoiesis (GO:0030097),3/101,0.0127243362978483,0.048293294972299,0,0,6.519420671494404,28.452309138616958,FLT3;KIT;KDR
GO_Biological_Process_2025,Cellular Response to Heat (GO:0034605),2/36,0.0129188360685873,0.0488044918146631,0,0,12.434292866082604,54.07759605240032,MAPT;HDAC6
GO_Biological_Process_2025,Regulation of Blood Circulation (GO:1903522),2/36,0.0129188360685873,0.0488044918146631,0,0,12.434292866082604,54.07759605240032,APP;ADORA3
GO_Biological_Process_2025,Detection of Chemical Stimulus Involved in Sensory Perception of Bitter Taste (GO:0001580),2/37,0.0136147863977474,0.0513148531203784,0,0,12.078419452887536,51.89612303112963,TAS2R31;CA6
GO_Biological_Process_2025,Regulation of RNA Splicing (GO:0043484),3/104,0.0137622465847819,0.051751120798074,0,0,6.324816352603002,27.107063574474683,DYRK1A;CLK4;CLK3
GO_Biological_Process_2025,Negative Regulation of Cellular Process (GO:0048523),7/531,0.0140047937134357,0.0525421226214417,0,0,2.9089115704605883,12.416268991309655,APP;TERT;ADORA3;ALOX5;CYP1B1;SIRT6;ESR2
GO_Biological_Process_2025,Regulation of Defense Response to Virus by Host (GO:0050691),2/38,0.014326700730156,0.0532600810742931,0,0,11.742316784869976,49.85353592007293,STING1;STAT1
GO_Biological_Process_2025,Sensory Perception of Bitter Taste (GO:0050913),2/38,0.014326700730156,0.0532600810742931,0,0,11.742316784869976,49.85353592007293,TAS2R31;CA6
GO_Biological_Process_2025,Negative Regulation of Endothelial Cell Proliferation (GO:0001937),2/38,0.014326700730156,0.0532600810742931,0,0,11.742316784869976,49.85353592007293,STAT1;ALOX5
GO_Biological_Process_2025,Positive Regulation of Receptor Signaling Pathway via JAK-STAT (GO:0046427),2/38,0.014326700730156,0.0532600810742931,0,0,11.742316784869976,49.85353592007293,KIT;CYP1B1
GO_Biological_Process_2025,Glycosphingolipid Metabolic Process (GO:0006687),2/39,0.0150544131229961,0.0554600501506313,0,0,11.424381828637149,47.93766694355468,FUT4;ST3GAL3
GO_Biological_Process_2025,Positive Regulation of Lymphocyte Differentiation (GO:0045621),2/39,0.0150544131229961,0.0554600501506313,0,0,11.424381828637149,47.93766694355468,MMP14;AXL
GO_Biological_Process_2025,Positive Regulation of Neuron Apoptotic Process (GO:0043525),2/39,0.0150544131229961,0.0554600501506313,0,0,11.424381828637149,47.93766694355468,BACE1;GSK3B
GO_Biological_Process_2025,Regulation of Axon Extension (GO:0030516),2/39,0.0150544131229961,0.0554600501506313,0,0,11.424381828637149,47.93766694355468,GSK3B;MAPT
GO_Biological_Process_2025,Defense Response to Virus (GO:0051607),4/198,0.0152689618670987,0.0561237517277144,0,0,4.417301658449126,18.472860226607835,STING1;STAT1;BCL2;RPSA
GO_Biological_Process_2025,G2/M Transition of Mitotic Cell Cycle (GO:0000086),2/40,0.0157977588307422,0.0574208071531656,0,0,11.123180291153416,46.13769709919681,PLK1;CDK2
GO_Biological_Process_2025,Branching Morphogenesis of an Epithelial Tube (GO:0048754),2/40,0.0157977588307422,0.0574208071531656,0,0,11.123180291153416,46.13769709919681,KDR;VEGFA
GO_Biological_Process_2025,Cellular Response to Amino Acid Stimulus (GO:0071230),2/40,0.0157977588307422,0.0574208071531656,0,0,11.123180291153416,46.13769709919681,FYN;MTOR
GO_Biological_Process_2025,Regulation of DNA Binding (GO:0051101),2/40,0.0157977588307422,0.0574208071531656,0,0,11.123180291153416,46.13769709919681,KDM1A;MMP9
GO_Biological_Process_2025,Regulation of DNA Recombination (GO:0000018),2/40,0.0157977588307422,0.0574208071531656,0,0,11.123180291153416,46.13769709919681,KDM1A;SIRT6
GO_Biological_Process_2025,"Negative Regulation of Gene Expression, Epigenetic (GO:0045814)",3/110,0.015979031663423,0.0579467241020668,0,0,5.968344889960808,24.68792695929391,DNMT1;SIRT6;HDAC6
GO_Biological_Process_2025,Regulation of Translation (GO:0006417),4/201,0.0160489701557194,0.0579467241020668,0,0,4.349370999779298,17.97208199506887,APP;RPS6KA3;MAPKAPK5;MTOR
GO_Biological_Process_2025,Regulation of Cell Differentiation (GO:0045595),4/201,0.0160489701557194,0.0579467241020668,0,0,4.349370999779298,17.97208199506887,GSK3B;RPS6KA3;ALOX5;FGFR1
GO_Biological_Process_2025,Positive Regulation of Protein Metabolic Process (GO:0051247),4/202,0.0163144444288797,0.0587752170153018,0,0,4.327184892402284,17.80941391121555,APP;GSK3B;PLK1;MTOR
GO_Biological_Process_2025,Regulation of Heart Rate by Cardiac Conduction (GO:0086091),2/41,0.0165565742985047,0.0592551080157011,0,0,10.837424986361157,44.44397661035724,KCNH2;SRC
GO_Biological_Process_2025,Regulation of Hippo Signaling (GO:0035330),2/41,0.0165565742985047,0.0592551080157011,0,0,10.837424986361157,44.44397661035724,SRC;MAPK14
GO_Biological_Process_2025,Detection of Chemical Stimulus Involved in Sensory Perception of Taste (GO:0050912),2/41,0.0165565742985047,0.0592551080157011,0,0,10.837424986361157,44.44397661035724,TAS2R31;CA6
GO_Biological_Process_2025,Regulation of Wnt Signaling Pathway (GO:0030111),3/112,0.0167599794435415,0.0598518303104154,0,0,5.858242083456644,23.952954163899737,APP;TERT;SOST
GO_Biological_Process_2025,Regulation of Primary Metabolic Process (GO:0080090),3/113,0.0171583638940424,0.0611407202512604,0,0,5.804692082111437,23.59763787355669,SIRT6;CLK4;CLK3
GO_Biological_Process_2025,Lysosome Localization (GO:0032418),2/42,0.0173306971443836,0.0613529235133059,0,0,10.565957446808511,42.8478731064877,KIT;HDAC6
GO_Biological_Process_2025,Positive Regulation of Neuron Differentiation (GO:0045666),2/42,0.0173306971443836,0.0613529235133059,0,0,10.565957446808511,42.8478731064877,APP;FGFR1
GO_Biological_Process_2025,Positive Regulation of Receptor Signaling Pathway via STAT (GO:1904894),2/42,0.0173306971443836,0.0613529235133059,0,0,10.565957446808511,42.8478731064877,KIT;CYP1B1
GO_Biological_Process_2025,Antigen Receptor-Mediated Signaling Pathway (GO:0050851),3/114,0.0175620298876538,0.0620373003823614,0,0,5.752106945655333,23.2501088844641,PIK3CA;BCL2;FYN
GO_Biological_Process_2025,Positive Regulation of Inflammatory Response (GO:0050729),3/115,0.0179709827103319,0.0633228796423562,0,0,5.700460829493087,22.91013436536435,APP;SERPINE1;SNCA
GO_Biological_Process_2025,Cell Cycle G2/M Phase Transition (GO:0044839),2/43,0.0181199661721693,0.0633228796423562,0,0,10.307732226258432,41.3416426617247,PLK1;CDK2
GO_Biological_Process_2025,Skeletal System Morphogenesis (GO:0048705),2/43,0.0181199661721693,0.0633228796423562,0,0,10.307732226258432,41.3416426617247,MMP13;FGFR1
GO_Biological_Process_2025,Positive Regulation of Receptor-Mediated Endocytosis (GO:0048260),2/43,0.0181199661721693,0.0633228796423562,0,0,10.307732226258432,41.3416426617247,SERPINE1;VEGFA
GO_Biological_Process_2025,Regulation of Chemokine Production (GO:0032642),2/43,0.0181199661721693,0.0633228796423562,0,0,10.307732226258432,41.3416426617247,APP;HIF1A
GO_Biological_Process_2025,Negative Regulation of Canonical Wnt Signaling Pathway (GO:0090090),3/117,0.0188047676629399,0.06543290091007,0,0,5.599886813808715,22.25196135461999,APP;GSK3B;SOST
GO_Biological_Process_2025,Regulation of Signal Transduction (GO:0009966),4/211,0.0188284272515725,0.06543290091007,0,0,4.137156059651334,16.434386865282885,APP;FUT7;SRC;FYN
GO_Biological_Process_2025,Negative Regulation of Organelle Organization (GO:0010639),2/44,0.0189242213416379,0.06543290091007,0,0,10.061803444782168,39.91831983611252,MAPT;MTOR
GO_Biological_Process_2025,Negative Regulation of Protein Modification Process (GO:0031400),2/44,0.0189242213416379,0.06543290091007,0,0,10.061803444782168,39.91831983611252,PRKAA2;MAPT
GO_Biological_Process_2025,Positive Regulation of Wound Healing (GO:0090303),2/44,0.0189242213416379,0.06543290091007,0,0,10.061803444782168,39.91831983611252,SERPINE1;MTOR
GO_Biological_Process_2025,Regulation of Nitric Oxide Biosynthetic Process (GO:0045428),2/45,0.0197433037754554,0.0679844859302033,0,0,9.827313211281544,38.57162350571695,APP;ESR1
GO_Biological_Process_2025,Protein-Containing Complex Assembly (GO:0065003),5/323,0.0197454940753164,0.0679844859302033,0,0,3.384131591678761,13.282141065525469,PSMB5;STING1;SRC;MAPT;SNCA
GO_Biological_Process_2025,Regulation of Canonical Wnt Signaling Pathway (GO:0060828),4/216,0.0203234253429137,0.0698270108623898,0,0,4.038556193601313,15.73413860338774,APP;GSK3B;SOST;CSNK1E
GO_Biological_Process_2025,Positive Regulation of Nucleocytoplasmic Transport (GO:0046824),2/46,0.0205770557533158,0.0705499054399401,0,0,9.60348162475822,37.29587593759746,GSK3B;SIRT6
GO_Biological_Process_2025,Regulation of Endothelial Cell Apoptotic Process (GO:2000351),2/47,0.0214253206888574,0.0726946431688469,0,0,9.389598108747045,36.08593299874094,SERPINE1;KDR
GO_Biological_Process_2025,Cardiac Conduction (GO:0061337),2/47,0.0214253206888574,0.0726946431688469,0,0,9.389598108747045,36.08593299874094,KCNH2;SRC
GO_Biological_Process_2025,Intracellular Glucose Homeostasis (GO:0001678),2/47,0.0214253206888574,0.0726946431688469,0,0,9.389598108747045,36.08593299874094,PRKAA2;HIF1A
GO_Biological_Process_2025,Positive Regulation of Chromosome Organization (GO:2001252),2/47,0.0214253206888574,0.0726946431688469,0,0,9.389598108747045,36.08593299874094,SIRT6;MAPKAPK5
GO_Biological_Process_2025,Positive Regulation of miRNA Transcription (GO:1902895),2/47,0.0214253206888574,0.0726946431688469,0,0,9.389598108747045,36.08593299874094,TERT;HIF1A
GO_Biological_Process_2025,Regulation of Mitotic Cell Cycle (GO:0007346),3/124,0.0218901111470153,0.0741175547550396,0,0,5.27406025059984,20.155983070060085,APP;PLK1;CDK2
GO_Biological_Process_2025,Regulation of Wound Healing (GO:0061041),2/49,0.0231647687999635,0.0741823335129867,0,0,8.989135355364418,33.845197946063955,ALOX5;SERPINE1
GO_Biological_Process_2025,Positive Regulation of Epithelial to Mesenchymal Transition (GO:0010718),2/49,0.0231647687999635,0.0741823335129867,0,0,8.989135355364418,33.845197946063955,KDM1A;MTOR
GO_Biological_Process_2025,Positive Regulation of Transport (GO:0051050),2/49,0.0231647687999635,0.0741823335129867,0,0,8.989135355364418,33.845197946063955,GSK3B;SNCA
GO_Biological_Process_2025,Supramolecular Fiber Organization (GO:0097435),5/339,0.0237365076980073,0.0741823335129867,0,0,3.2193854050141475,12.042887001409143,BACE1;APP;CYP1B1;MAPT;SNCA
GO_Biological_Process_2025,DNA Double-Strand Break Processing Involved in Repair via Single-Strand Annealing (GO:0010792),1/5,0.0237728924186838,0.0741823335129867,0,0,52.36842105263158,195.81648814874995,RAD52
GO_Biological_Process_2025,Regulation of Hormone Biosynthetic Process (GO:0046885),1/5,0.0237728924186838,0.0741823335129867,0,0,52.36842105263158,195.81648814874995,HIF1A
GO_Biological_Process_2025,Regulation of Inositol Phosphate Biosynthetic Process (GO:0010919),1/5,0.0237728924186838,0.0741823335129867,0,0,52.36842105263158,195.81648814874995,SNCA
GO_Biological_Process_2025,Regulation of Mast Cell Chemotaxis (GO:0060753),1/5,0.0237728924186838,0.0741823335129867,0,0,52.36842105263158,195.81648814874995,VEGFA
GO_Biological_Process_2025,Regulation of Monoatomic Anion Transport (GO:0044070),1/5,0.0237728924186838,0.0741823335129867,0,0,52.36842105263158,195.81648814874995,CA2
GO_Biological_Process_2025,Regulation of Pentose-Phosphate Shunt (GO:0043456),1/5,0.0237728924186838,0.0741823335129867,0,0,52.36842105263158,195.81648814874995,MTOR
GO_Biological_Process_2025,Regulation of Peptidyl-Lysine Acetylation (GO:2000756),1/5,0.0237728924186838,0.0741823335129867,0,0,52.36842105263158,195.81648814874995,PRKAA2
GO_Biological_Process_2025,Bradykinin Catabolic Process (GO:0010815),1/5,0.0237728924186838,0.0741823335129867,0,0,52.36842105263158,195.81648814874995,MMP12
GO_Biological_Process_2025,Regulation of Synaptic Vesicle Recycling (GO:1903421),1/5,0.0237728924186838,0.0741823335129867,0,0,52.36842105263158,195.81648814874995,SNCA
GO_Biological_Process_2025,Regulation of Transforming Growth Factor Beta2 Production (GO:0032909),1/5,0.0237728924186838,0.0741823335129867,0,0,52.36842105263158,195.81648814874995,HIF1A
GO_Biological_Process_2025,Cilium Disassembly (GO:0061523),1/5,0.0237728924186838,0.0741823335129867,0,0,52.36842105263158,195.81648814874995,HDAC6
GO_Biological_Process_2025,Signal Complex Assembly (GO:0007172),1/5,0.0237728924186838,0.0741823335129867,0,0,52.36842105263158,195.81648814874995,SRC
GO_Biological_Process_2025,Skeletal Muscle Thin Filament Assembly (GO:0030240),1/5,0.0237728924186838,0.0741823335129867,0,0,52.36842105263158,195.81648814874995,TTR
GO_Biological_Process_2025,Dopamine Biosynthetic Process (GO:0042416),1/5,0.0237728924186838,0.0741823335129867,0,0,52.36842105263158,195.81648814874995,SNCA
GO_Biological_Process_2025,Double-Strand Break Repair via Single-Strand Annealing (GO:0045002),1/5,0.0237728924186838,0.0741823335129867,0,0,52.36842105263158,195.81648814874995,RAD52
GO_Biological_Process_2025,Striated Muscle Hypertrophy (GO:0014897),1/5,0.0237728924186838,0.0741823335129867,0,0,52.36842105263158,195.81648814874995,TTR
GO_Biological_Process_2025,Erythropoietin-Mediated Signaling Pathway (GO:0038162),1/5,0.0237728924186838,0.0741823335129867,0,0,52.36842105263158,195.81648814874995,KIT
GO_Biological_Process_2025,Establishment of Protein Localization to Telomere (GO:0070200),1/5,0.0237728924186838,0.0741823335129867,0,0,52.36842105263158,195.81648814874995,TERT
GO_Biological_Process_2025,Venous Blood Vessel Morphogenesis (GO:0048845),1/5,0.0237728924186838,0.0741823335129867,0,0,52.36842105263158,195.81648814874995,VEGFA
GO_Biological_Process_2025,Intracellular Distribution of Mitochondria (GO:0048312),1/5,0.0237728924186838,0.0741823335129867,0,0,52.36842105263158,195.81648814874995,MAPT
GO_Biological_Process_2025,Intracellular Oxygen Homeostasis (GO:0032364),1/5,0.0237728924186838,0.0741823335129867,0,0,52.36842105263158,195.81648814874995,HIF1A
GO_Biological_Process_2025,Melanin Metabolic Process (GO:0006582),1/5,0.0237728924186838,0.0741823335129867,0,0,52.36842105263158,195.81648814874995,TYR
GO_Biological_Process_2025,Membrane Repolarization During Ventricular Cardiac Muscle Cell Action Potential (GO:0098915),1/5,0.0237728924186838,0.0741823335129867,0,0,52.36842105263158,195.81648814874995,KCNH2
GO_Biological_Process_2025,Mesenchymal Cell Differentiation Involved in Kidney Development (GO:0072161),1/5,0.0237728924186838,0.0741823335129867,0,0,52.36842105263158,195.81648814874995,STAT1
GO_Biological_Process_2025,Metaphase/Anaphase Transition of Mitotic Cell Cycle (GO:0007091),1/5,0.0237728924186838,0.0741823335129867,0,0,52.36842105263158,195.81648814874995,PLK1
GO_Biological_Process_2025,Negative Regulation of Actin Filament Depolymerization (GO:0030835),1/5,0.0237728924186838,0.0741823335129867,0,0,52.36842105263158,195.81648814874995,PIK3CA
GO_Biological_Process_2025,Negative Regulation of Protein Localization to Chromatin (GO:0120186),1/5,0.0237728924186838,0.0741823335129867,0,0,52.36842105263158,195.81648814874995,SIRT6
GO_Biological_Process_2025,Nucleic Acid Biosynthetic Process (GO:0141187),1/5,0.0237728924186838,0.0741823335129867,0,0,52.36842105263158,195.81648814874995,TERT
GO_Biological_Process_2025,Plus-End-Directed Organelle Transport Along Microtubule (GO:0072386),1/5,0.0237728924186838,0.0741823335129867,0,0,52.36842105263158,195.81648814874995,MAPT
GO_Biological_Process_2025,Positive Regulation of Neuroepithelial Cell Differentiation (GO:1902913),1/5,0.0237728924186838,0.0741823335129867,0,0,52.36842105263158,195.81648814874995,SERPINE1
GO_Biological_Process_2025,Positive Regulation of Odontoblast Differentiation (GO:1901331),1/5,0.0237728924186838,0.0741823335129867,0,0,52.36842105263158,195.81648814874995,SERPINE1
GO_Biological_Process_2025,Positive Regulation of Protein Localization to Cilium (GO:1903566),1/5,0.0237728924186838,0.0741823335129867,0,0,52.36842105263158,195.81648814874995,GSK3B
GO_Biological_Process_2025,Positive Regulation of Vascular Associated Smooth Muscle Cell Differentiation (GO:1905065),1/5,0.0237728924186838,0.0741823335129867,0,0,52.36842105263158,195.81648814874995,KIT
GO_Biological_Process_2025,Purine Ribonucleoside Catabolic Process (GO:0046130),1/5,0.0237728924186838,0.0741823335129867,0,0,52.36842105263158,195.81648814874995,XDH
GO_Biological_Process_2025,Receptor-Mediated Virion Attachment to Host Cell (GO:0046813),1/5,0.0237728924186838,0.0741823335129867,0,0,52.36842105263158,195.81648814874995,DPP4
GO_Biological_Process_2025,Regulation of G Protein-Coupled Receptor Internalization (GO:1904020),1/5,0.0237728924186838,0.0741823335129867,0,0,52.36842105263158,195.81648814874995,APP
GO_Biological_Process_2025,Regulation of Axon Extension Involved in Axon Guidance (GO:0048841),1/5,0.0237728924186838,0.0741823335129867,0,0,52.36842105263158,195.81648814874995,VEGFA
GO_Biological_Process_2025,Negative Regulation of Protein Binding (GO:0032091),2/50,0.0240556444712905,0.0749213965212712,0,0,8.801418439716311,32.80628046281635,KDM1A;CSNK1E
GO_Biological_Process_2025,Positive Regulation of Defense Response (GO:0031349),3/130,0.0247419087750397,0.0769119907064093,0,0,5.023368046736094,18.582728212879044,APP;SERPINE1;SNCA
GO_Biological_Process_2025,Cardiac Muscle Tissue Development (GO:0048738),2/51,0.0249604180826957,0.0772967785786708,0,0,8.621363438992619,31.816831277622374,TTR;SIRT6
GO_Biological_Process_2025,Insulin Receptor Signaling Pathway (GO:0008286),2/51,0.0249604180826957,0.0772967785786708,0,0,8.621363438992619,31.816831277622374,GSK3B;PIK3CA
GO_Biological_Process_2025,Epithelial Cell Differentiation (GO:0030855),3/132,0.0257350126339482,0.0795375290419072,0,0,4.9449862465616405,18.098169281493263,CBR1;KDR;VEGFA
GO_Biological_Process_2025,Sensory Perception (GO:0007600),2/52,0.0258789386772381,0.0795375290419072,0,0,8.448510638297872,30.87361056244907,MMP12;PTGES
GO_Biological_Process_2025,Intrinsic Apoptotic Signaling Pathway in Response to DNA Damage (GO:0008630),2/52,0.0258789386772381,0.0795375290419072,0,0,8.448510638297872,30.87361056244907,DYRK2;BCL2
GO_Biological_Process_2025,Positive Regulation of Proteolysis (GO:0045862),2/52,0.0258789386772381,0.0795375290419072,0,0,8.448510638297872,30.87361056244907,APP;PLK1
GO_Biological_Process_2025,B Cell Differentiation (GO:0030183),2/53,0.0268110563829108,0.0816336642106539,0,0,8.282436378806842,29.973647969477504,FLT3;KIT
GO_Biological_Process_2025,Regulation of Proteolysis (GO:0030162),2/53,0.0268110563829108,0.0816336642106539,0,0,8.282436378806842,29.973647969477504,PLK1;HDAC6
GO_Biological_Process_2025,Cellular Response to Ionizing Radiation (GO:0071479),2/53,0.0268110563829108,0.0816336642106539,0,0,8.282436378806842,29.973647969477504,KDM1A;MAPK14
GO_Biological_Process_2025,Unsaturated Fatty Acid Metabolic Process (GO:0033559),2/53,0.0268110563829108,0.0816336642106539,0,0,8.282436378806842,29.973647969477504,ALOX5;CYP1B1
GO_Biological_Process_2025,Positive Regulation of miRNA Metabolic Process (GO:2000630),2/53,0.0268110563829108,0.0816336642106539,0,0,8.282436378806842,29.973647969477504,TERT;HIF1A
GO_Biological_Process_2025,Gonad Development (GO:0008406),2/54,0.0277566224412222,0.0817722148512705,0,0,8.122749590834697,29.11421557002708,KIT;CYP19A1
GO_Biological_Process_2025,Positive Regulation of Chemokine Production (GO:0032722),2/54,0.0277566224412222,0.0817722148512705,0,0,8.122749590834697,29.11421557002708,APP;HIF1A
GO_Biological_Process_2025,Regulation of Protein Phosphorylation (GO:0001932),3/137,0.0283105994909662,0.0817722148512705,0,0,4.759268175252768,16.964501856481633,KDR;MMP9;VEGFA
GO_Biological_Process_2025,Regulation of Potassium Ion Export Across Plasma Membrane (GO:1903764),1/6,0.0284599375217657,0.0817722148512705,0,0,41.892631578947366,149.10667912928483,KCNH2
GO_Biological_Process_2025,Regulation of Vascular Associated Smooth Muscle Cell Differentiation (GO:1905063),1/6,0.0284599375217657,0.0817722148512705,0,0,41.892631578947366,149.10667912928483,KIT
GO_Biological_Process_2025,Cellular Response to Lipoteichoic Acid (GO:0071223),1/6,0.0284599375217657,0.0817722148512705,0,0,41.892631578947366,149.10667912928483,MAPK14
GO_Biological_Process_2025,Response to Lipoteichoic Acid (GO:0070391),1/6,0.0284599375217657,0.0817722148512705,0,0,41.892631578947366,149.10667912928483,MAPK14
GO_Biological_Process_2025,Retinal Ganglion Cell Axon Guidance (GO:0031290),1/6,0.0284599375217657,0.0817722148512705,0,0,41.892631578947366,149.10667912928483,VEGFA
GO_Biological_Process_2025,Detection of Muscle Stretch (GO:0035995),1/6,0.0284599375217657,0.0817722148512705,0,0,41.892631578947366,149.10667912928483,TTR
GO_Biological_Process_2025,Subtelomeric Heterochromatin Formation (GO:0031509),1/6,0.0284599375217657,0.0817722148512705,0,0,41.892631578947366,149.10667912928483,SIRT6
GO_Biological_Process_2025,"Synaptic Transmission, Dopaminergic (GO:0001963)",1/6,0.0284599375217657,0.0817722148512705,0,0,41.892631578947366,149.10667912928483,SNCA
GO_Biological_Process_2025,Female Gonad Development (GO:0008585),1/6,0.0284599375217657,0.0817722148512705,0,0,41.892631578947366,149.10667912928483,CYP19A1
GO_Biological_Process_2025,Vascular Associated Smooth Muscle Cell Development (GO:0097084),1/6,0.0284599375217657,0.0817722148512705,0,0,41.892631578947366,149.10667912928483,VEGFA
GO_Biological_Process_2025,Interleukin-27-Mediated Signaling Pathway (GO:0070106),1/6,0.0284599375217657,0.0817722148512705,0,0,41.892631578947366,149.10667912928483,STAT1
GO_Biological_Process_2025,Lipid Droplet Disassembly (GO:1905691),1/6,0.0284599375217657,0.0817722148512705,0,0,41.892631578947366,149.10667912928483,PRKAA2
GO_Biological_Process_2025,Lipoprotein Metabolic Process (GO:0042157),1/6,0.0284599375217657,0.0817722148512705,0,0,41.892631578947366,149.10667912928483,APP
GO_Biological_Process_2025,Lymphoid Progenitor Cell Differentiation (GO:0002320),1/6,0.0284599375217657,0.0817722148512705,0,0,41.892631578947366,149.10667912928483,FLT3
GO_Biological_Process_2025,Metaphase/Anaphase Transition of Cell Cycle (GO:0044784),1/6,0.0284599375217657,0.0817722148512705,0,0,41.892631578947366,149.10667912928483,PLK1
GO_Biological_Process_2025,Negative Regulation of Establishment of Protein Localization to Mitochondrion (GO:1903748),1/6,0.0284599375217657,0.0817722148512705,0,0,41.892631578947366,149.10667912928483,MAPT
GO_Biological_Process_2025,Negative Regulation of Glycogen Biosynthetic Process (GO:0045719),1/6,0.0284599375217657,0.0817722148512705,0,0,41.892631578947366,149.10667912928483,GSK3B
GO_Biological_Process_2025,Negative Regulation of Mitochondrial Membrane Potential (GO:0010917),1/6,0.0284599375217657,0.0817722148512705,0,0,41.892631578947366,149.10667912928483,MAPT
GO_Biological_Process_2025,Negative Regulation of Neutrophil Activation (GO:1902564),1/6,0.0284599375217657,0.0817722148512705,0,0,41.892631578947366,149.10667912928483,SRC
GO_Biological_Process_2025,Negative Regulation of Plasminogen Activation (GO:0010757),1/6,0.0284599375217657,0.0817722148512705,0,0,41.892631578947366,149.10667912928483,SERPINE1
GO_Biological_Process_2025,Positive Regulation of Cytoplasmic Translational Initiation (GO:1904690),1/6,0.0284599375217657,0.0817722148512705,0,0,41.892631578947366,149.10667912928483,MTOR
GO_Biological_Process_2025,Positive Regulation of Hormone Metabolic Process (GO:0032352),1/6,0.0284599375217657,0.0817722148512705,0,0,41.892631578947366,149.10667912928483,HIF1A
GO_Biological_Process_2025,Positive Regulation of Lamellipodium Morphogenesis (GO:2000394),1/6,0.0284599375217657,0.0817722148512705,0,0,41.892631578947366,149.10667912928483,SRC
GO_Biological_Process_2025,Positive Regulation of Membrane Depolarization (GO:1904181),1/6,0.0284599375217657,0.0817722148512705,0,0,41.892631578947366,149.10667912928483,KDR
GO_Biological_Process_2025,Positive Regulation of Pinocytosis (GO:0048549),1/6,0.0284599375217657,0.0817722148512705,0,0,41.892631578947366,149.10667912928483,AXL
GO_Biological_Process_2025,Positive Regulation of Protein Localization to Centrosome (GO:1904781),1/6,0.0284599375217657,0.0817722148512705,0,0,41.892631578947366,149.10667912928483,GSK3B
GO_Biological_Process_2025,Positive Regulation of Trophoblast Cell Migration (GO:1901165),1/6,0.0284599375217657,0.0817722148512705,0,0,41.892631578947366,149.10667912928483,VEGFA
GO_Biological_Process_2025,Regulation of Blood-Brain Barrier Permeability (GO:1905603),1/6,0.0284599375217657,0.0817722148512705,0,0,41.892631578947366,149.10667912928483,VEGFA
GO_Biological_Process_2025,Regulation of Cell Adhesion Molecule Production (GO:0060353),1/6,0.0284599375217657,0.0817722148512705,0,0,41.892631578947366,149.10667912928483,FUT7
GO_Biological_Process_2025,Regulation of Receptor Signaling Pathway via JAK-STAT (GO:0046425),2/55,0.0287154891718351,0.0819295075671939,0,0,7.969088719389803,28.292803980406767,KIT;CYP1B1
GO_Biological_Process_2025,Glycolipid Biosynthetic Process (GO:0009247),2/55,0.0287154891718351,0.0819295075671939,0,0,7.969088719389803,28.292803980406767,FUT4;ST3GAL3
GO_Biological_Process_2025,Icosanoid Metabolic Process (GO:0006690),2/55,0.0287154891718351,0.0819295075671939,0,0,7.969088719389803,28.292803980406767,ALOX5;CYP1B1
GO_Biological_Process_2025,Positive Regulation of Telomere Maintenance (GO:0032206),2/55,0.0287154891718351,0.0819295075671939,0,0,7.969088719389803,28.292803980406767,SIRT6;MAPKAPK5
GO_Biological_Process_2025,Negative Regulation of Multicellular Organismal Process (GO:0051241),4/243,0.0296476457344539,0.0844076938774935,0,0,3.577405857740586,12.58664660072162,APP;GSK3B;ADAMTS5;SOST
GO_Biological_Process_2025,Response to Peptide Hormone (GO:0043434),2/56,0.0296875099789713,0.0844076938774935,0,0,7.821118991331757,27.507101218247904,SRC;STAT1
GO_Biological_Process_2025,Plasma Membrane Bounded Cell Projection Organization (GO:0120036),3/141,0.0304663127883311,0.0864713434270547,0,0,4.620383356708742,16.13037606441031,APP;GSK3B;MAPT
GO_Biological_Process_2025,Memory (GO:0007613),2/57,0.0306725393385368,0.0867549119592585,0,0,7.678529980657641,26.754973950283677,APP;MAPT
GO_Biological_Process_2025,Myeloid Cell Differentiation (GO:0030099),2/57,0.0306725393385368,0.0867549119592585,0,0,7.678529980657641,26.754973950283677,DYRK3;KIT
GO_Biological_Process_2025,Regulation of Cell Adhesion (GO:0030155),3/142,0.0310184308673577,0.0873336566262427,0,0,4.586911116268276,15.931139085644212,FUT7;SRC;VEGFA
GO_Biological_Process_2025,Positive Regulation of Programmed Cell Death (GO:0043068),4/248,0.031610904199084,0.0873336566262427,0,0,3.503207412687099,12.100965234495254,APP;BCL2;CYP1B1;SNCA
GO_Biological_Process_2025,Sterol Metabolic Process (GO:0016125),2/58,0.0316704328005645,0.0873336566262427,0,0,7.541033434650456,26.034450815027743,CYP1B1;CYP19A1
GO_Biological_Process_2025,Positive Regulation of Cell Motility (GO:2000147),4/249,0.0320125501699001,0.0873336566262427,0,0,3.4887311446317657,12.006912211084604,MMP14;KIT;KDR;VEGFA
GO_Biological_Process_2025,Synapse Organization (GO:0050808),3/144,0.0321384552249502,0.0873336566262427,0,0,4.521390986044383,15.543194762117537,APP;MAPT;SNCA
GO_Biological_Process_2025,Response to Light Stimulus (GO:0009416),2/59,0.032681046976022,0.0873336566262427,0,0,7.40836132885405,25.34370756629708,SIRT6;TYR
GO_Biological_Process_2025,Mitotic DNA Damage Checkpoint Signaling (GO:0044773),2/59,0.032681046976022,0.0873336566262427,0,0,7.40836132885405,25.34370756629708,PLK1;CDK2
GO_Biological_Process_2025,Protein Glycosylation (GO:0006486),3/145,0.0327063488986288,0.0873336566262427,0,0,4.489323034984098,15.354320081061973,FUT7;FUT4;ST3GAL3
GO_Biological_Process_2025,Regulation of Dopamine Uptake Involved in Synaptic Transmission (GO:0051584),1/7,0.033124714124782,0.0873336566262427,0,0,34.90877192982456,118.95078944635851,SNCA
GO_Biological_Process_2025,Regulation of Endothelial Cell-Matrix Adhesion via Fibronectin (GO:1904904),1/7,0.033124714124782,0.0873336566262427,0,0,34.90877192982456,118.95078944635851,MMP12
GO_Biological_Process_2025,ER Overload Response (GO:0006983),1/7,0.033124714124782,0.0873336566262427,0,0,34.90877192982456,118.95078944635851,GSK3B
GO_Biological_Process_2025,Regulation of Glutamate Receptor Signaling Pathway (GO:1900449),1/7,0.033124714124782,0.0873336566262427,0,0,34.90877192982456,118.95078944635851,FYN
GO_Biological_Process_2025,TORC2 Signaling (GO:0038203),1/7,0.033124714124782,0.0873336566262427,0,0,34.90877192982456,118.95078944635851,MTOR
GO_Biological_Process_2025,Regulation of Protein Localization to Cell Cortex (GO:1904776),1/7,0.033124714124782,0.0873336566262427,0,0,34.90877192982456,118.95078944635851,PLK1
GO_Biological_Process_2025,Regulation of Protein Localization to Cilium (GO:1903564),1/7,0.033124714124782,0.0873336566262427,0,0,34.90877192982456,118.95078944635851,GSK3B
GO_Biological_Process_2025,Regulation of Protein Localization to Nucleolus (GO:1904749),1/7,0.033124714124782,0.0873336566262427,0,0,34.90877192982456,118.95078944635851,TERT
GO_Biological_Process_2025,Cardiac Muscle Hypertrophy (GO:0003300),1/7,0.033124714124782,0.0873336566262427,0,0,34.90877192982456,118.95078944635851,TTR
GO_Biological_Process_2025,Cellular Response to Erythropoietin (GO:0036018),1/7,0.033124714124782,0.0873336566262427,0,0,34.90877192982456,118.95078944635851,KIT
GO_Biological_Process_2025,Cellular Response to Interleukin-7 (GO:0098761),1/7,0.033124714124782,0.0873336566262427,0,0,34.90877192982456,118.95078944635851,STAT1
GO_Biological_Process_2025,Cellular Response to Interleukin-9 (GO:0071355),1/7,0.033124714124782,0.0873336566262427,0,0,34.90877192982456,118.95078944635851,STAT1
GO_Biological_Process_2025,Coronary Vasculature Morphogenesis (GO:0060977),1/7,0.033124714124782,0.0873336566262427,0,0,34.90877192982456,118.95078944635851,VEGFA
GO_Biological_Process_2025,Secondary Metabolite Biosynthetic Process (GO:0044550),1/7,0.033124714124782,0.0873336566262427,0,0,34.90877192982456,118.95078944635851,TYR
GO_Biological_Process_2025,siRNA Processing (GO:0030422),1/7,0.033124714124782,0.0873336566262427,0,0,34.90877192982456,118.95078944635851,TERT
GO_Biological_Process_2025,Skeletal Myofibril Assembly (GO:0014866),1/7,0.033124714124782,0.0873336566262427,0,0,34.90877192982456,118.95078944635851,TTR
GO_Biological_Process_2025,Development of Primary Female Sexual Characteristics (GO:0046545),1/7,0.033124714124782,0.0873336566262427,0,0,34.90877192982456,118.95078944635851,CYP19A1
GO_Biological_Process_2025,Double-Strand Break Repair via Alternative Nonhomologous End Joining (GO:0097681),1/7,0.033124714124782,0.0873336566262427,0,0,34.90877192982456,118.95078944635851,PLK1
GO_Biological_Process_2025,Interleukin-7-Mediated Signaling Pathway (GO:0038111),1/7,0.033124714124782,0.0873336566262427,0,0,34.90877192982456,118.95078944635851,STAT1
GO_Biological_Process_2025,Interleukin-9-Mediated Signaling Pathway (GO:0038113),1/7,0.033124714124782,0.0873336566262427,0,0,34.90877192982456,118.95078944635851,STAT1
GO_Biological_Process_2025,Intestinal Epithelial Cell Differentiation (GO:0060575),1/7,0.033124714124782,0.0873336566262427,0,0,34.90877192982456,118.95078944635851,SRC
GO_Biological_Process_2025,Melanin Biosynthetic Process (GO:0042438),1/7,0.033124714124782,0.0873336566262427,0,0,34.90877192982456,118.95078944635851,TYR
GO_Biological_Process_2025,Mitotic Nuclear Membrane Disassembly (GO:0007077),1/7,0.033124714124782,0.0873336566262427,0,0,34.90877192982456,118.95078944635851,PLK1
GO_Biological_Process_2025,Negative Regulation of Chromosome Organization (GO:2001251),1/7,0.033124714124782,0.0873336566262427,0,0,34.90877192982456,118.95078944635851,SRC
GO_Biological_Process_2025,Positive Regulation of cAMP/PKA Signal Transduction (GO:0141163),1/7,0.033124714124782,0.0873336566262427,0,0,34.90877192982456,118.95078944635851,APP
GO_Biological_Process_2025,Positive Regulation of Dendritic Cell Cytokine Production (GO:0002732),1/7,0.033124714124782,0.0873336566262427,0,0,34.90877192982456,118.95078944635851,KIT
GO_Biological_Process_2025,Positive Regulation of Inositol Phosphate Biosynthetic Process (GO:0060732),1/7,0.033124714124782,0.0873336566262427,0,0,34.90877192982456,118.95078944635851,SNCA
GO_Biological_Process_2025,+ Reg of Mt Outer Membrane Permeabilization Inv in Apoptotic Sgnlng Pway (GO:1901030),1/7,0.033124714124782,0.0873336566262427,0,0,34.90877192982456,118.95078944635851,GSK3B
GO_Biological_Process_2025,Positive Regulation of Smooth Muscle Cell Differentiation (GO:0051152),1/7,0.033124714124782,0.0873336566262427,0,0,34.90877192982456,118.95078944635851,KIT
GO_Biological_Process_2025,Purine Ribonucleoside Monophosphate Catabolic Process (GO:0009169),1/7,0.033124714124782,0.0873336566262427,0,0,34.90877192982456,118.95078944635851,XDH
GO_Biological_Process_2025,Regulation of Aggrephagy (GO:1905335),1/7,0.033124714124782,0.0873336566262427,0,0,34.90877192982456,118.95078944635851,HDAC6
GO_Biological_Process_2025,Regulation of Cellular Extravasation (GO:0002691),1/7,0.033124714124782,0.0873336566262427,0,0,34.90877192982456,118.95078944635851,FUT7
GO_Biological_Process_2025,Regulation of Chaperone-Mediated Autophagy (GO:1904714),1/7,0.033124714124782,0.0873336566262427,0,0,34.90877192982456,118.95078944635851,SNCA
GO_Biological_Process_2025,Regulation of Chemokine-Mediated Signaling Pathway (GO:0070099),1/7,0.033124714124782,0.0873336566262427,0,0,34.90877192982456,118.95078944635851,HIF1A
GO_Biological_Process_2025,Negative Regulation of Wnt Signaling Pathway (GO:0030178),3/146,0.0332794879737785,0.0876002006019461,0,0,4.457703586735845,15.168736389219909,APP;GSK3B;SOST
GO_Biological_Process_2025,Response to Type II Interferon (GO:0034341),2/60,0.0337042395194036,0.0882910415660783,0,0,7.28026412325752,24.68105380840516,STAT1;SNCA
GO_Biological_Process_2025,Neuron Migration (GO:0001764),2/60,0.0337042395194036,0.0882910415660783,0,0,7.28026412325752,24.68105380840516,VEGFA;FGFR1
GO_Biological_Process_2025,Post-Transcriptional Regulation of Gene Expression (GO:0010608),2/60,0.0337042395194036,0.0882910415660783,0,0,7.28026412325752,24.68105380840516,APP;MAPKAPK5
GO_Biological_Process_2025,Cytokine-Mediated Signaling Pathway (GO:0019221),4/255,0.0344856026789865,0.0901931146988879,0,0,3.4042958600381086,11.462990486664191,FLT3;SRC;STAT1;KIT
GO_Biological_Process_2025,Negative Regulation of Canonical NF-kappaB Signal Transduction (GO:0043124),2/61,0.0347398691505169,0.0905678377853732,0,0,7.156509195816805,24.044921119772024,STAT1;ESR1
GO_Biological_Process_2025,Phospholipid Transport (GO:0015914),2/61,0.0347398691505169,0.0905678377853732,0,0,7.156509195816805,24.044921119772024,ABCC1;ABCB1
GO_Biological_Process_2025,ATP Metabolic Process (GO:0046034),2/62,0.0357877956150482,0.0926861307807392,0,0,7.036879432624113,23.4338524197694,PKM;NADK
GO_Biological_Process_2025,Antiviral Innate Immune Response (GO:0140374),2/62,0.0357877956150482,0.0926861307807392,0,0,7.036879432624113,23.4338524197694,STING1;RPSA
GO_Biological_Process_2025,Canonical Wnt Signaling Pathway (GO:0060070),2/63,0.0368478797059371,0.0926861307807392,0,0,6.921171956749215,22.84649240660865,GSK3B;CSNK1E
GO_Biological_Process_2025,Positive Regulation of ERK1 and ERK2 Cascade (GO:0070374),3/153,0.037437698336476,0.0926861307807392,0,0,4.248172043010753,13.955572717947204,APP;KDR;VEGFA
GO_Biological_Process_2025,Chromatin Remodeling (GO:0006338),4/262,0.0375081441410953,0.0926861307807392,0,0,3.310751600943714,10.869850361248275,KDM1A;SIRT6;ESR1;HDAC6
GO_Biological_Process_2025,Regulation of Extent of Cell Growth (GO:0061387),1/8,0.0377673265742595,0.0926861307807392,0,0,29.9203007518797,98.02820827717792,GSK3B
GO_Biological_Process_2025,Regulation of Myeloid Leukocyte Differentiation (GO:0002761),1/8,0.0377673265742595,0.0926861307807392,0,0,29.9203007518797,98.02820827717792,MTOR
GO_Biological_Process_2025,Regulation of Phospholipase Activity (GO:0010517),1/8,0.0377673265742595,0.0926861307807392,0,0,29.9203007518797,98.02820827717792,FGFR1
GO_Biological_Process_2025,Regulation of Pinocytosis (GO:0048548),1/8,0.0377673265742595,0.0926861307807392,0,0,29.9203007518797,98.02820827717792,AXL
GO_Biological_Process_2025,Regulation of Protein Localization to Chromatin (GO:1905634),1/8,0.0377673265742595,0.0926861307807392,0,0,29.9203007518797,98.02820827717792,SIRT6
GO_Biological_Process_2025,Bone Resorption (GO:0045453),1/8,0.0377673265742595,0.0926861307807392,0,0,29.9203007518797,98.02820827717792,SRC
GO_Biological_Process_2025,Cell Differentiation Involved in Metanephros Development (GO:0072202),1/8,0.0377673265742595,0.0926861307807392,0,0,29.9203007518797,98.02820827717792,STAT1
GO_Biological_Process_2025,Cellular Response to Epinephrine Stimulus (GO:0071872),1/8,0.0377673265742595,0.0926861307807392,0,0,29.9203007518797,98.02820827717792,SNCA
GO_Biological_Process_2025,Regulation of Type B Pancreatic Cell Development (GO:2000074),1/8,0.0377673265742595,0.0926861307807392,0,0,29.9203007518797,98.02820827717792,GSK3B
GO_Biological_Process_2025,Response to Magnesium Ion (GO:0032026),1/8,0.0377673265742595,0.0926861307807392,0,0,29.9203007518797,98.02820827717792,SNCA
GO_Biological_Process_2025,Small Molecule Biosynthetic Process (GO:0044283),1/8,0.0377673265742595,0.0926861307807392,0,0,29.9203007518797,98.02820827717792,SIRT6
GO_Biological_Process_2025,Dopamine Uptake (GO:0090494),1/8,0.0377673265742595,0.0926861307807392,0,0,29.9203007518797,98.02820827717792,SNCA
GO_Biological_Process_2025,Spermidine Metabolic Process (GO:0008216),1/8,0.0377673265742595,0.0926861307807392,0,0,29.9203007518797,98.02820827717792,HDAC6
GO_Biological_Process_2025,Vascular Endothelial Cell Response to Laminar Fluid Shear Stress (GO:0097700),1/8,0.0377673265742595,0.0926861307807392,0,0,29.9203007518797,98.02820827717792,MTOR
GO_Biological_Process_2025,Ventricular Cardiac Muscle Cell Membrane Repolarization (GO:0099625),1/8,0.0377673265742595,0.0926861307807392,0,0,29.9203007518797,98.02820827717792,KCNH2
GO_Biological_Process_2025,Vitamin K Metabolic Process (GO:0042373),1/8,0.0377673265742595,0.0926861307807392,0,0,29.9203007518797,98.02820827717792,CBR1
GO_Biological_Process_2025,Lactation (GO:0007595),1/8,0.0377673265742595,0.0926861307807392,0,0,29.9203007518797,98.02820827717792,VEGFA
GO_Biological_Process_2025,Negative Regulation of Glycogen Metabolic Process (GO:0070874),1/8,0.0377673265742595,0.0926861307807392,0,0,29.9203007518797,98.02820827717792,GSK3B
GO_Biological_Process_2025,Negative Regulation of Membrane Potential (GO:0045837),1/8,0.0377673265742595,0.0926861307807392,0,0,29.9203007518797,98.02820827717792,MAPT
GO_Biological_Process_2025,- Reg of Oxidative Stress-Induced Neuron Intrinsic Apoptotic Sgnlng Pway (GO:1903377),1/8,0.0377673265742595,0.0926861307807392,0,0,29.9203007518797,98.02820827717792,HIF1A
GO_Biological_Process_2025,Negative Regulation of Protein-Containing Complex Disassembly (GO:0043242),1/8,0.0377673265742595,0.0926861307807392,0,0,29.9203007518797,98.02820827717792,HDAC6
GO_Biological_Process_2025,Nicotinamide Nucleotide Biosynthetic Process (GO:0019359),1/8,0.0377673265742595,0.0926861307807392,0,0,29.9203007518797,98.02820827717792,NADK
GO_Biological_Process_2025,Olefinic Compound Biosynthetic Process (GO:0120255),1/8,0.0377673265742595,0.0926861307807392,0,0,29.9203007518797,98.02820827717792,HSD17B1
GO_Biological_Process_2025,Peptidyl-Serine Autophosphorylation (GO:0036289),1/8,0.0377673265742595,0.0926861307807392,0,0,29.9203007518797,98.02820827717792,DYRK1A
GO_Biological_Process_2025,+ Reg of Blood Vessel Endothelial Cell Proliferation Inv in Sprouting Angiogenesis (GO:1903589),1/8,0.0377673265742595,0.0926861307807392,0,0,29.9203007518797,98.02820827717792,VEGFA
GO_Biological_Process_2025,Positive Regulation of Epithelial Cell Proliferation Involved in Wound Healing (GO:0060054),1/8,0.0377673265742595,0.0926861307807392,0,0,29.9203007518797,98.02820827717792,MMP12
GO_Biological_Process_2025,Positive Regulation of Epithelial Tube Formation (GO:1905278),1/8,0.0377673265742595,0.0926861307807392,0,0,29.9203007518797,98.02820827717792,VEGFA
GO_Biological_Process_2025,Positive Regulation of Intracellular Estrogen Receptor Signaling Pathway (GO:0033148),1/8,0.0377673265742595,0.0926861307807392,0,0,29.9203007518797,98.02820827717792,HDAC6
GO_Biological_Process_2025,Positive Regulation of Myoblast Fusion (GO:1901741),1/8,0.0377673265742595,0.0926861307807392,0,0,29.9203007518797,98.02820827717792,MAPK14
GO_Biological_Process_2025,Positive Regulation of Ubiquitin Protein Ligase Activity (GO:1904668),1/8,0.0377673265742595,0.0926861307807392,0,0,29.9203007518797,98.02820827717792,PLK1
GO_Biological_Process_2025,Positive Regulation of Vesicle Fusion (GO:0031340),1/8,0.0377673265742595,0.0926861307807392,0,0,29.9203007518797,98.02820827717792,SNCA
GO_Biological_Process_2025,protein-RNA Complex Disassembly (GO:0032988),1/8,0.0377673265742595,0.0926861307807392,0,0,29.9203007518797,98.02820827717792,DYRK3
GO_Biological_Process_2025,Purine Nucleobase Metabolic Process (GO:0006144),1/8,0.0377673265742595,0.0926861307807392,0,0,29.9203007518797,98.02820827717792,TTR
GO_Biological_Process_2025,Reelin-Mediated Signaling Pathway (GO:0038026),1/8,0.0377673265742595,0.0926861307807392,0,0,29.9203007518797,98.02820827717792,FYN
GO_Biological_Process_2025,Regulation of Synapse Assembly (GO:0051963),2/64,0.0379199832327683,0.0929210399938107,0,0,6.809196980096088,22.281578964471294,APP;SNCA
GO_Biological_Process_2025,Regulation of Transcription by RNA Polymerase II (GO:0006357),17/2250,0.0385681366973794,0.0943676148277711,0,0,1.7029199521560936,5.543564394258288,APP;KDM1A;SRC;STAT1;PLK1;SIRT6;MAPK14;HIF1A;ESR1;ESR2;VEGFA;MMP12;RPS6KA3;PKM;STING1;MAPKAPK5;SNCA
GO_Biological_Process_2025,Regulation of Endocytosis (GO:0030100),2/65,0.0390039690340505,0.0945831760231359,0,0,6.700776764606552,21.737935410853343,SRC;SNCA
GO_Biological_Process_2025,Regulation of Extrinsic Apoptotic Signaling Pathway (GO:2001236),2/65,0.0390039690340505,0.0945831760231359,0,0,6.700776764606552,21.737935410853343,APP;SRC
GO_Biological_Process_2025,Cellular Response to Virus (GO:0098586),2/65,0.0390039690340505,0.0945831760231359,0,0,6.700776764606552,21.737935410853343,MAPK14;HIF1A
GO_Biological_Process_2025,Negative Regulation of NF-kappaB Transcription Factor Activity (GO:0032088),2/65,0.0390039690340505,0.0945831760231359,0,0,6.700776764606552,21.737935410853343,ADORA3;CYP1B1
GO_Biological_Process_2025,Pattern Recognition Receptor Signaling Pathway (GO:0002221),2/65,0.0390039690340505,0.0945831760231359,0,0,6.700776764606552,21.737935410853343,RPS6KA3;STING1
GO_Biological_Process_2025,Positive Regulation of Cell Junction Assembly (GO:1901890),2/65,0.0390039690340505,0.0945831760231359,0,0,6.700776764606552,21.737935410853343,KDR;VEGFA
GO_Biological_Process_2025,Negative Regulation of Binding (GO:0051100),2/66,0.0400997009666802,0.0962128209559695,0,0,6.595744680851064,21.21446350181075,KDM1A;CSNK1E
GO_Biological_Process_2025,Positive Regulation of MAP Kinase Activity (GO:0043406),2/66,0.0400997009666802,0.0962128209559695,0,0,6.595744680851064,21.21446350181075,FLT3;FGFR1
GO_Biological_Process_2025,Protein Maturation (GO:0051604),3/158,0.0405634144363377,0.0962128209559695,0,0,4.11009365244537,13.172392870712796,BACE1;MMP12;MMP14
GO_Biological_Process_2025,Neuron Development (GO:0048666),3/159,0.0412039896683058,0.0962128209559695,0,0,4.08354011579818,13.023308586860058,APP;GSK3B;MAPT
GO_Biological_Process_2025,Chordate Embryonic Development (GO:0043009),2/67,0.0412070438835408,0.0962128209559695,0,0,6.493944353518821,20.71013710858211,VEGFA;FGFR1
GO_Biological_Process_2025,Response to Molecule of Bacterial Origin (GO:0002237),2/67,0.0412070438835408,0.0962128209559695,0,0,6.493944353518821,20.71013710858211,RPS6KA3;SNCA
GO_Biological_Process_2025,Negative Regulation of Cell Adhesion (GO:0007162),2/67,0.0412070438835408,0.0962128209559695,0,0,6.493944353518821,20.71013710858211,SERPINE1;CYP1B1
GO_Biological_Process_2025,Regulation of Cellular Localization (GO:0060341),2/67,0.0412070438835408,0.0962128209559695,0,0,6.493944353518821,20.71013710858211,KDM1A;CSNK1E
GO_Biological_Process_2025,Ras Protein Signal Transduction (GO:0007265),2/68,0.0423258636601282,0.0962128209559695,0,0,6.395228884590587,20.223996482743463,CDK2;MAPKAPK5
GO_Biological_Process_2025,Extrinsic Apoptotic Signaling Pathway (GO:0097191),2/68,0.0423258636601282,0.0962128209559695,0,0,6.395228884590587,20.223996482743463,GSK3B;BCL2
GO_Biological_Process_2025,Positive Regulation of Type I Interferon Production (GO:0032481),2/68,0.0423258636601282,0.0962128209559695,0,0,6.395228884590587,20.223996482743463,STING1;STAT1
GO_Biological_Process_2025,IMP Metabolic Process (GO:0046040),1/9,0.0423878788402831,0.0962128209559695,0,0,26.178947368421053,82.74884713910977,XDH
GO_Biological_Process_2025,Regulation of Hair Cycle (GO:0042634),1/9,0.0423878788402831,0.0962128209559695,0,0,26.178947368421053,82.74884713910977,TERT
GO_Biological_Process_2025,SNARE Complex Assembly (GO:0035493),1/9,0.0423878788402831,0.0962128209559695,0,0,26.178947368421053,82.74884713910977,SNCA
GO_Biological_Process_2025,Regulation of Lysosome Organization (GO:1905671),1/9,0.0423878788402831,0.0962128209559695,0,0,26.178947368421053,82.74884713910977,MTOR
GO_Biological_Process_2025,Regulation of Neutrophil Activation (GO:1902563),1/9,0.0423878788402831,0.0962128209559695,0,0,26.178947368421053,82.74884713910977,SRC
GO_Biological_Process_2025,Regulation of Odontoblast Differentiation (GO:1901329),1/9,0.0423878788402831,0.0962128209559695,0,0,26.178947368421053,82.74884713910977,SERPINE1
GO_Biological_Process_2025,Regulation of Protein Localization to Early Endosome (GO:1902965),1/9,0.0423878788402831,0.0962128209559695,0,0,26.178947368421053,82.74884713910977,VEGFA
GO_Biological_Process_2025,Regulation of Receptor Binding (GO:1900120),1/9,0.0423878788402831,0.0962128209559695,0,0,26.178947368421053,82.74884713910977,MMP9
GO_Biological_Process_2025,Regulation of Toll-Like Receptor 3 Signaling Pathway (GO:0034139),1/9,0.0423878788402831,0.0962128209559695,0,0,26.178947368421053,82.74884713910977,SRC
GO_Biological_Process_2025,Regulation of Translation in Response to Stress (GO:0043555),1/9,0.0423878788402831,0.0962128209559695,0,0,26.178947368421053,82.74884713910977,RPS6KA3
GO_Biological_Process_2025,Regulation of Transmembrane Transporter Activity (GO:0022898),1/9,0.0423878788402831,0.0962128209559695,0,0,26.178947368421053,82.74884713910977,BCL2
GO_Biological_Process_2025,Regulation of Vascular Wound Healing (GO:0061043),1/9,0.0423878788402831,0.0962128209559695,0,0,26.178947368421053,82.74884713910977,SERPINE1
GO_Biological_Process_2025,"Regulation of Wound Healing, Spreading of Epidermal Cells (GO:1903689)",1/9,0.0423878788402831,0.0962128209559695,0,0,26.178947368421053,82.74884713910977,MTOR
GO_Biological_Process_2025,Commissural Neuron Axon Guidance (GO:0071679),1/9,0.0423878788402831,0.0962128209559695,0,0,26.178947368421053,82.74884713910977,VEGFA
GO_Biological_Process_2025,Endothelial Cell Chemotaxis (GO:0035767),1/9,0.0423878788402831,0.0962128209559695,0,0,26.178947368421053,82.74884713910977,VEGFA
GO_Biological_Process_2025,Lipoxygenase Pathway (GO:0019372),1/9,0.0423878788402831,0.0962128209559695,0,0,26.178947368421053,82.74884713910977,ALOX5
GO_Biological_Process_2025,Negative Regulation of Long-Term Synaptic Potentiation (GO:1900272),1/9,0.0423878788402831,0.0962128209559695,0,0,26.178947368421053,82.74884713910977,APP
GO_Biological_Process_2025,Neuron Remodeling (GO:0016322),1/9,0.0423878788402831,0.0962128209559695,0,0,26.178947368421053,82.74884713910977,APP
GO_Biological_Process_2025,Phenol-Containing Compound Biosynthetic Process (GO:0046189),1/9,0.0423878788402831,0.0962128209559695,0,0,26.178947368421053,82.74884713910977,TYR
GO_Biological_Process_2025,Positive Regulation of Cyclase Activity (GO:0031281),1/9,0.0423878788402831,0.0962128209559695,0,0,26.178947368421053,82.74884713910977,MAPK14
GO_Biological_Process_2025,Positive Regulation of Intracellular Steroid Hormone Receptor Signaling Pathway (GO:0033145),1/9,0.0423878788402831,0.0962128209559695,0,0,26.178947368421053,82.74884713910977,HDAC6
GO_Biological_Process_2025,Positive Regulation of Lipase Activity (GO:0060193),1/9,0.0423878788402831,0.0962128209559695,0,0,26.178947368421053,82.74884713910977,FGFR1
GO_Biological_Process_2025,Positive Regulation of Mesenchymal Cell Proliferation (GO:0002053),1/9,0.0423878788402831,0.0962128209559695,0,0,26.178947368421053,82.74884713910977,STAT1
GO_Biological_Process_2025,Positive Regulation of Mitochondrial Membrane Permeability (GO:0035794),1/9,0.0423878788402831,0.0962128209559695,0,0,26.178947368421053,82.74884713910977,GSK3B
GO_Biological_Process_2025,Positive Regulation of Phospholipase Activity (GO:0010518),1/9,0.0423878788402831,0.0962128209559695,0,0,26.178947368421053,82.74884713910977,FGFR1
GO_Biological_Process_2025,Positive Regulation of Protein Acetylation (GO:1901985),1/9,0.0423878788402831,0.0962128209559695,0,0,26.178947368421053,82.74884713910977,PRKAA2
GO_Biological_Process_2025,Positive Regulation of Protein Autophosphorylation (GO:0031954),1/9,0.0423878788402831,0.0962128209559695,0,0,26.178947368421053,82.74884713910977,VEGFA
GO_Biological_Process_2025,Positive Regulation of Protein Localization to Early Endosome (GO:1902966),1/9,0.0423878788402831,0.0962128209559695,0,0,26.178947368421053,82.74884713910977,VEGFA
GO_Biological_Process_2025,Positive Regulation of Protein Localization to Endosome (GO:1905668),1/9,0.0423878788402831,0.0962128209559695,0,0,26.178947368421053,82.74884713910977,VEGFA
GO_Biological_Process_2025,Positive Regulation of Receptor Recycling (GO:0001921),1/9,0.0423878788402831,0.0962128209559695,0,0,26.178947368421053,82.74884713910977,SNCA
GO_Biological_Process_2025,Positive Regulation of Transcription of Nucleolar Large rRNA by RNA Polymerase I (GO:1901838),1/9,0.0423878788402831,0.0962128209559695,0,0,26.178947368421053,82.74884713910977,MTOR
GO_Biological_Process_2025,Positive Regulation of Vasculogenesis (GO:2001214),1/9,0.0423878788402831,0.0962128209559695,0,0,26.178947368421053,82.74884713910977,KDR
GO_Biological_Process_2025,Proteasome Assembly (GO:0043248),1/9,0.0423878788402831,0.0962128209559695,0,0,26.178947368421053,82.74884713910977,PSMB5
GO_Biological_Process_2025,Regulation of Calcium Ion Import Across Plasma Membrane (GO:1905664),1/9,0.0423878788402831,0.0962128209559695,0,0,26.178947368421053,82.74884713910977,FYN
GO_Biological_Process_2025,Regulation of Cell-Cell Adhesion Mediated by Integrin (GO:0033632),1/9,0.0423878788402831,0.0962128209559695,0,0,26.178947368421053,82.74884713910977,DPP4
GO_Biological_Process_2025,Positive Regulation of Intracellular Protein Transport (GO:0090316),2/69,0.0434560271546038,0.0985003282171021,0,0,6.29946014607812,19.755143064684585,GSK3B;SIRT6
GO_Biological_Process_2025,Positive Regulation of Response to External Stimulus (GO:0032103),3/163,0.0438173729677067,0.0991816264678189,0,0,3.9806451612903215,12.450362977661497,APP;SERPINE1;SNCA
GO_Biological_Process_2025,Negative Regulation of Signal Transduction (GO:0009968),4/277,0.0444848269076198,0.1005529605446477,0,0,3.1264532568880394,9.731420656234574,MMP14;BCL2;SOST;SNCA
GO_Biological_Process_2025,Telomere Maintenance (GO:0000723),2/72,0.0469132633268802,0.1023790738653026,0,0,6.0285714285714285,18.444142055706436,TERT;CDK2
GO_Biological_Process_2025,Kidney Development (GO:0001822),2/72,0.0469132633268802,0.1023790738653026,0,0,6.0285714285714285,18.444142055706436,MMP12;VEGFA
GO_Biological_Process_2025,Regulation of Lamellipodium Morphogenesis (GO:2000392),1/10,0.0469864744639164,0.1023790738653026,0,0,23.269005847953217,71.15418818005004,SRC
GO_Biological_Process_2025,Regulation of Long-Term Synaptic Depression (GO:1900452),1/10,0.0469864744639164,0.1023790738653026,0,0,23.269005847953217,71.15418818005004,MAPT
GO_Biological_Process_2025,Regulation of Mesenchymal Stem Cell Differentiation (GO:2000739),1/10,0.0469864744639164,0.1023790738653026,0,0,23.269005847953217,71.15418818005004,GSK3B
GO_Biological_Process_2025,Regulation of Neutrophil Migration (GO:1902622),1/10,0.0469864744639164,0.1023790738653026,0,0,23.269005847953217,71.15418818005004,FUT7
GO_Biological_Process_2025,Response to Yeast (GO:0001878),1/10,0.0469864744639164,0.1023790738653026,0,0,23.269005847953217,71.15418818005004,APP
GO_Biological_Process_2025,Detection of Mechanical Stimulus Involved in Sensory Perception of Sound (GO:0050910),1/10,0.0469864744639164,0.1023790738653026,0,0,23.269005847953217,71.15418818005004,KIT
GO_Biological_Process_2025,Surfactant Homeostasis (GO:0043129),1/10,0.0469864744639164,0.1023790738653026,0,0,23.269005847953217,71.15418818005004,VEGFA
GO_Biological_Process_2025,Telomere Maintenance via Recombination (GO:0000722),1/10,0.0469864744639164,0.1023790738653026,0,0,23.269005847953217,71.15418818005004,TERT
GO_Biological_Process_2025,Type II Interferon-Mediated Signaling Pathway (GO:0060333),1/10,0.0469864744639164,0.1023790738653026,0,0,23.269005847953217,71.15418818005004,STAT1
GO_Biological_Process_2025,Glucan Metabolic Process (GO:0044042),1/10,0.0469864744639164,0.1023790738653026,0,0,23.269005847953217,71.15418818005004,GSK3B
GO_Biological_Process_2025,Mast Cell Activation Involved in Immune Response (GO:0002279),1/10,0.0469864744639164,0.1023790738653026,0,0,23.269005847953217,71.15418818005004,KIT
GO_Biological_Process_2025,Mast Cell Degranulation (GO:0043303),1/10,0.0469864744639164,0.1023790738653026,0,0,23.269005847953217,71.15418818005004,KIT
GO_Biological_Process_2025,Megakaryocyte Development (GO:0035855),1/10,0.0469864744639164,0.1023790738653026,0,0,23.269005847953217,71.15418818005004,KIT
GO_Biological_Process_2025,Melanocyte Differentiation (GO:0030318),1/10,0.0469864744639164,0.1023790738653026,0,0,23.269005847953217,71.15418818005004,KIT
GO_Biological_Process_2025,Metanephric Mesenchyme Development (GO:0072075),1/10,0.0469864744639164,0.1023790738653026,0,0,23.269005847953217,71.15418818005004,STAT1
GO_Biological_Process_2025,Negative Regulation of Cell-Cell Adhesion Mediated by Cadherin (GO:2000048),1/10,0.0469864744639164,0.1023790738653026,0,0,23.269005847953217,71.15418818005004,VEGFA
GO_Biological_Process_2025,Negative Regulation of Protein Import Into Nucleus (GO:0042308),1/10,0.0469864744639164,0.1023790738653026,0,0,23.269005847953217,71.15418818005004,SIRT6
GO_Biological_Process_2025,Nuclear Membrane Disassembly (GO:0051081),1/10,0.0469864744639164,0.1023790738653026,0,0,23.269005847953217,71.15418818005004,PLK1
GO_Biological_Process_2025,Positive Regulation of Branching Involved in Ureteric Bud Morphogenesis (GO:0090190),1/10,0.0469864744639164,0.1023790738653026,0,0,23.269005847953217,71.15418818005004,VEGFA
GO_Biological_Process_2025,Positive Regulation of Hemostasis (GO:1900048),1/10,0.0469864744639164,0.1023790738653026,0,0,23.269005847953217,71.15418818005004,SERPINE1
GO_Biological_Process_2025,Positive Regulation of Integrin Activation (GO:0033625),1/10,0.0469864744639164,0.1023790738653026,0,0,23.269005847953217,71.15418818005004,SRC
GO_Biological_Process_2025,Positive Regulation of Non-Canonical Wnt Signaling Pathway (GO:2000052),1/10,0.0469864744639164,0.1023790738653026,0,0,23.269005847953217,71.15418818005004,CSNK1E
GO_Biological_Process_2025,Protein Localization to Nuclear Envelope (GO:0090435),1/10,0.0469864744639164,0.1023790738653026,0,0,23.269005847953217,71.15418818005004,PLK1
GO_Biological_Process_2025,Receptor-Mediated Endocytosis of Virus by Host Cell (GO:0019065),1/10,0.0469864744639164,0.1023790738653026,0,0,23.269005847953217,71.15418818005004,DPP4
GO_Biological_Process_2025,Regulation of Cellular Response to Oxidative Stress (GO:1900407),1/10,0.0469864744639164,0.1023790738653026,0,0,23.269005847953217,71.15418818005004,ALOX5
GO_Biological_Process_2025,Embryonic Organ Development (GO:0048568),2/73,0.0480874899858185,0.1042214922401804,0,0,5.943362301468385,18.036519009727165,KIT;KDR
GO_Biological_Process_2025,Negative Regulation of Epithelial Cell Proliferation (GO:0050680),2/73,0.0480874899858185,0.1042214922401804,0,0,5.943362301468385,18.036519009727165,STAT1;ALOX5
GO_Biological_Process_2025,Positive Regulation of TOR Signaling (GO:0032008),2/73,0.0480874899858185,0.1042214922401804,0,0,5.943362301468385,18.036519009727165,PIK3CA;SRC
GO_Biological_Process_2025,Regulation of MAP Kinase Activity (GO:0043405),2/73,0.0480874899858185,0.1042214922401804,0,0,5.943362301468385,18.036519009727165,FLT3;FGFR1
GO_Biological_Process_2025,Regulation of Macromolecule Biosynthetic Process (GO:0010556),3/170,0.0485856439040175,0.1051614998028603,0,0,3.8124396368553217,11.530446077482251,APP;CDK2;HIF1A
GO_Biological_Process_2025,Positive Regulation of Protein Phosphorylation (GO:0001934),3/171,0.0492868684641593,0.1052829853813423,0,0,3.789554531490016,11.406928974412864,KDR;MMP9;VEGFA
GO_Biological_Process_2025,Regulation of Fat Cell Differentiation (GO:0045598),2/75,0.0504678942317755,0.1052829853813423,0,0,5.779947537161178,17.26133880145489,ALOX5;SIRT6
GO_Biological_Process_2025,Positive Regulation of Protein Localization to Nucleus (GO:1900182),2/75,0.0504678942317755,0.1052829853813423,0,0,5.779947537161178,17.26133880145489,TERT;PLK1
GO_Biological_Process_2025,AMP Metabolic Process (GO:0046033),1/11,0.0515632165556114,0.1052829853813423,0,0,20.94105263157895,62.08910527455818,XDH
GO_Biological_Process_2025,Regulation of Dopamine Secretion (GO:0014059),1/11,0.0515632165556114,0.1052829853813423,0,0,20.94105263157895,62.08910527455818,SNCA
GO_Biological_Process_2025,Regulation of Establishment of Protein Localization to Mitochondrion (GO:1903747),1/11,0.0515632165556114,0.1052829853813423,0,0,20.94105263157895,62.08910527455818,MAPT
GO_Biological_Process_2025,Golgi Inheritance (GO:0048313),1/11,0.0515632165556114,0.1052829853813423,0,0,20.94105263157895,62.08910527455818,PLK1
GO_Biological_Process_2025,Regulation of Mesenchymal Cell Proliferation (GO:0010464),1/11,0.0515632165556114,0.1052829853813423,0,0,20.94105263157895,62.08910527455818,STAT1
GO_Biological_Process_2025,Regulation of Oxidative Stress-Induced Neuron Intrinsic Apoptotic Signaling Pathway (GO:1903376),1/11,0.0515632165556114,0.1052829853813423,0,0,20.94105263157895,62.08910527455818,HIF1A
GO_Biological_Process_2025,Regulation of Protein Localization to Centrosome (GO:1904779),1/11,0.0515632165556114,0.1052829853813423,0,0,20.94105263157895,62.08910527455818,GSK3B
GO_Biological_Process_2025,Regulation of Purine Nucleotide Catabolic Process (GO:0033121),1/11,0.0515632165556114,0.1052829853813423,0,0,20.94105263157895,62.08910527455818,HIF1A
GO_Biological_Process_2025,Carbon Dioxide Transport (GO:0015670),1/11,0.0515632165556114,0.1052829853813423,0,0,20.94105263157895,62.08910527455818,CA2
GO_Biological_Process_2025,Cardiac Muscle Cell Membrane Repolarization (GO:0099622),1/11,0.0515632165556114,0.1052829853813423,0,0,20.94105263157895,62.08910527455818,KCNH2
GO_Biological_Process_2025,Catecholamine Biosynthetic Process (GO:0042423),1/11,0.0515632165556114,0.1052829853813423,0,0,20.94105263157895,62.08910527455818,SNCA
GO_Biological_Process_2025,Cellular Response to L-leucine (GO:0071233),1/11,0.0515632165556114,0.1052829853813423,0,0,20.94105263157895,62.08910527455818,MTOR
GO_Biological_Process_2025,Cellular Response to Leucine Starvation (GO:1990253),1/11,0.0515632165556114,0.1052829853813423,0,0,20.94105263157895,62.08910527455818,MTOR
GO_Biological_Process_2025,Cellular Response to Nutrient (GO:0031670),1/11,0.0515632165556114,0.1052829853813423,0,0,20.94105263157895,62.08910527455818,MTOR
GO_Biological_Process_2025,Response to L-leucine (GO:0043201),1/11,0.0515632165556114,0.1052829853813423,0,0,20.94105263157895,62.08910527455818,MTOR
GO_Biological_Process_2025,Response to Nitric Oxide (GO:0071731),1/11,0.0515632165556114,0.1052829853813423,0,0,20.94105263157895,62.08910527455818,CDK2
GO_Biological_Process_2025,Endocytosis Involved in Viral Entry Into Host Cell (GO:0075509),1/11,0.0515632165556114,0.1052829853813423,0,0,20.94105263157895,62.08910527455818,DPP4
GO_Biological_Process_2025,Fatty Acid Homeostasis (GO:0055089),1/11,0.0515632165556114,0.1052829853813423,0,0,20.94105263157895,62.08910527455818,PRKAA2
GO_Biological_Process_2025,Mast Cell Mediated Immunity (GO:0002448),1/11,0.0515632165556114,0.1052829853813423,0,0,20.94105263157895,62.08910527455818,KIT
GO_Biological_Process_2025,Monocyte Differentiation (GO:0030224),1/11,0.0515632165556114,0.1052829853813423,0,0,20.94105263157895,62.08910527455818,VEGFA
GO_Biological_Process_2025,Negative Regulation of Epithelial Cell Apoptotic Process (GO:1904036),1/11,0.0515632165556114,0.1052829853813423,0,0,20.94105263157895,62.08910527455818,PRKAA2
GO_Biological_Process_2025,Negative Regulation of Exocytosis (GO:0045920),1/11,0.0515632165556114,0.1052829853813423,0,0,20.94105263157895,62.08910527455818,SNCA
GO_Biological_Process_2025,Negative Regulation of Extracellular Matrix Organization (GO:1903054),1/11,0.0515632165556114,0.1052829853813423,0,0,20.94105263157895,62.08910527455818,DPP4
GO_Biological_Process_2025,Negative Regulation of Fibrinolysis (GO:0051918),1/11,0.0515632165556114,0.1052829853813423,0,0,20.94105263157895,62.08910527455818,SERPINE1
GO_Biological_Process_2025,Negative Regulation of Gene Expression via Chromosomal CpG Island Methylation (GO:0044027),1/11,0.0515632165556114,0.1052829853813423,0,0,20.94105263157895,62.08910527455818,DNMT1
GO_Biological_Process_2025,Negative Regulation of Glycolytic Process (GO:0045820),1/11,0.0515632165556114,0.1052829853813423,0,0,20.94105263157895,62.08910527455818,SIRT6
GO_Biological_Process_2025,Negative Regulation of Platelet-Derived Growth Factor Receptor Signaling Pathway (GO:0010642),1/11,0.0515632165556114,0.1052829853813423,0,0,20.94105263157895,62.08910527455818,SNCA
GO_Biological_Process_2025,Negative Regulation of Potassium Ion Transmembrane Transport (GO:1901380),1/11,0.0515632165556114,0.1052829853813423,0,0,20.94105263157895,62.08910527455818,KCNH2
GO_Biological_Process_2025,Negative Regulation of Potassium Ion Transport (GO:0043267),1/11,0.0515632165556114,0.1052829853813423,0,0,20.94105263157895,62.08910527455818,KCNH2
GO_Biological_Process_2025,Negative Regulation of Purine Nucleotide Catabolic Process (GO:0033122),1/11,0.0515632165556114,0.1052829853813423,0,0,20.94105263157895,62.08910527455818,SIRT6
GO_Biological_Process_2025,Negative Regulation of Reactive Oxygen Species Biosynthetic Process (GO:1903427),1/11,0.0515632165556114,0.1052829853813423,0,0,20.94105263157895,62.08910527455818,FYN
GO_Biological_Process_2025,Negative Regulation of Sprouting Angiogenesis (GO:1903671),1/11,0.0515632165556114,0.1052829853813423,0,0,20.94105263157895,62.08910527455818,ALOX5
GO_Biological_Process_2025,Neuron Projection Maintenance (GO:1990535),1/11,0.0515632165556114,0.1052829853813423,0,0,20.94105263157895,62.08910527455818,APP
GO_Biological_Process_2025,Omega-Hydroxylase P450 Pathway (GO:0097267),1/11,0.0515632165556114,0.1052829853813423,0,0,20.94105263157895,62.08910527455818,CYP1B1
GO_Biological_Process_2025,Phosphatidylinositol-3-Phosphate Biosynthetic Process (GO:0036092),1/11,0.0515632165556114,0.1052829853813423,0,0,20.94105263157895,62.08910527455818,PIK3CA
GO_Biological_Process_2025,Positive Regulation of B Cell Differentiation (GO:0045579),1/11,0.0515632165556114,0.1052829853813423,0,0,20.94105263157895,62.08910527455818,MMP14
GO_Biological_Process_2025,Positive Regulation of Vascular Endothelial Growth Factor Receptor Signaling Pathway (GO:0030949),1/11,0.0515632165556114,0.1052829853813423,0,0,20.94105263157895,62.08910527455818,HIF1A
GO_Biological_Process_2025,Positive Regulation of Vascular Endothelial Growth Factor Signaling Pathway (GO:1900748),1/11,0.0515632165556114,0.1052829853813423,0,0,20.94105263157895,62.08910527455818,VEGFA
GO_Biological_Process_2025,Progesterone Receptor Signaling Pathway (GO:0050847),1/11,0.0515632165556114,0.1052829853813423,0,0,20.94105263157895,62.08910527455818,SRC
GO_Biological_Process_2025,Regulation of T Cell Mediated Immunity (GO:0002709),1/11,0.0515632165556114,0.1052829853813423,0,0,20.94105263157895,62.08910527455818,FUT7
GO_Biological_Process_2025,Regulation of TORC2 Signaling (GO:1903939),1/11,0.0515632165556114,0.1052829853813423,0,0,20.94105263157895,62.08910527455818,GSK3B
GO_Biological_Process_2025,Regulation of Neuron Differentiation (GO:0045664),2/76,0.0516738181926809,0.1052829853813423,0,0,5.701552616446233,16.89258314724502,APP;FGFR1
GO_Biological_Process_2025,Positive Regulation of Protein Localization to Membrane (GO:1905477),2/76,0.0516738181926809,0.1052829853813423,0,0,5.701552616446233,16.89258314724502,PIK3CA;FYN
GO_Biological_Process_2025,Regulation of Notch Signaling Pathway (GO:0008593),2/76,0.0516738181926809,0.1052829853813423,0,0,5.701552616446233,16.89258314724502,MMP14;SRC
GO_Biological_Process_2025,Double-Strand Break Repair (GO:0006302),3/176,0.0528672728534065,0.1075802859061838,0,0,3.679097520044751,10.816439250526177,RAD52;PLK1;SIRT6
GO_Biological_Process_2025,Cell Chemotaxis (GO:0060326),2/78,0.0541164827852107,0.1095513338320769,0,0,5.550951847704368,16.189997566417798,KIT;VEGFA
GO_Biological_Process_2025,Positive Regulation of Protein Modification by Small Protein Conjugation or Removal (GO:1903322),2/79,0.0553529754623832,0.1095513338320769,0,0,5.478585244542692,15.85516191751156,GSK3B;KDM1A
GO_Biological_Process_2025,DNA Strand Elongation (GO:0022616),1/12,0.0561182077718237,0.1095513338320769,0,0,19.036363636363635,54.83034223662069,TERT
GO_Biological_Process_2025,Regulation of Leukocyte Adhesion to Vascular Endothelial Cell (GO:1904994),1/12,0.0561182077718237,0.1095513338320769,0,0,19.036363636363635,54.83034223662069,FUT7
GO_Biological_Process_2025,Actin-Mediated Cell Contraction (GO:0070252),1/12,0.0561182077718237,0.1095513338320769,0,0,19.036363636363635,54.83034223662069,PIK3CA
GO_Biological_Process_2025,Regulation of Myoblast Fusion (GO:1901739),1/12,0.0561182077718237,0.1095513338320769,0,0,19.036363636363635,54.83034223662069,MAPK14
GO_Biological_Process_2025,Antifungal Humoral Response (GO:0019732),1/12,0.0561182077718237,0.1095513338320769,0,0,19.036363636363635,54.83034223662069,APP
GO_Biological_Process_2025,Camera-Type Eye Morphogenesis (GO:0048593),1/12,0.0561182077718237,0.1095513338320769,0,0,19.036363636363635,54.83034223662069,VEGFA
GO_Biological_Process_2025,Regulation of Response to Stress (GO:0080134),1/12,0.0561182077718237,0.1095513338320769,0,0,19.036363636363635,54.83034223662069,DYRK3
GO_Biological_Process_2025,Cellular Component Maintenance (GO:0043954),1/12,0.0561182077718237,0.1095513338320769,0,0,19.036363636363635,54.83034223662069,FYN
GO_Biological_Process_2025,Regulation of Transforming Growth Factor Beta Production (GO:0071634),1/12,0.0561182077718237,0.1095513338320769,0,0,19.036363636363635,54.83034223662069,HIF1A
GO_Biological_Process_2025,Cellular Response to Dopamine (GO:1903351),1/12,0.0561182077718237,0.1095513338320769,0,0,19.036363636363635,54.83034223662069,GSK3B
GO_Biological_Process_2025,Relaxation of Cardiac Muscle (GO:0055119),1/12,0.0561182077718237,0.1095513338320769,0,0,19.036363636363635,54.83034223662069,PIK3CA
GO_Biological_Process_2025,Response to Misfolded Protein (GO:0051788),1/12,0.0561182077718237,0.1095513338320769,0,0,19.036363636363635,54.83034223662069,HDAC6
GO_Biological_Process_2025,Steroid Hormone Receptor Signaling Pathway (GO:0043401),1/12,0.0561182077718237,0.1095513338320769,0,0,19.036363636363635,54.83034223662069,ESR1
GO_Biological_Process_2025,Endothelium Development (GO:0003158),1/12,0.0561182077718237,0.1095513338320769,0,0,19.036363636363635,54.83034223662069,KDR
GO_Biological_Process_2025,Epithelial Cell-Cell Adhesion (GO:0090136),1/12,0.0561182077718237,0.1095513338320769,0,0,19.036363636363635,54.83034223662069,KIT
GO_Biological_Process_2025,Tyrosine Metabolic Process (GO:0006570),1/12,0.0561182077718237,0.1095513338320769,0,0,19.036363636363635,54.83034223662069,TYR
GO_Biological_Process_2025,Fibrinolysis (GO:0042730),1/12,0.0561182077718237,0.1095513338320769,0,0,19.036363636363635,54.83034223662069,SERPINE1
GO_Biological_Process_2025,Vascular Endothelial Cell Response to Fluid Shear Stress (GO:0097699),1/12,0.0561182077718237,0.1095513338320769,0,0,19.036363636363635,54.83034223662069,MTOR
GO_Biological_Process_2025,Visual Learning (GO:0008542),1/12,0.0561182077718237,0.1095513338320769,0,0,19.036363636363635,54.83034223662069,APP
GO_Biological_Process_2025,"Wound Healing, Spreading of Epidermal Cells (GO:0035313)",1/12,0.0561182077718237,0.1095513338320769,0,0,19.036363636363635,54.83034223662069,MMP12
GO_Biological_Process_2025,Interleukin-6-Mediated Signaling Pathway (GO:0070102),1/12,0.0561182077718237,0.1095513338320769,0,0,19.036363636363635,54.83034223662069,SRC
GO_Biological_Process_2025,Intracellular Copper Ion Homeostasis (GO:0006878),1/12,0.0561182077718237,0.1095513338320769,0,0,19.036363636363635,54.83034223662069,APP
GO_Biological_Process_2025,Negative Regulation of Hemostasis (GO:1900047),1/12,0.0561182077718237,0.1095513338320769,0,0,19.036363636363635,54.83034223662069,SERPINE1
GO_Biological_Process_2025,- Reg of Intrinsic Apoptotic Sgnlng Pway in Resp to DNA Damage by P53 Cls Mediator (GO:1902166),1/12,0.0561182077718237,0.1095513338320769,0,0,19.036363636363635,54.83034223662069,KDM1A
GO_Biological_Process_2025,Negative Regulation of Vascular Permeability (GO:0043116),1/12,0.0561182077718237,0.1095513338320769,0,0,19.036363636363635,54.83034223662069,VEGFA
GO_Biological_Process_2025,p38MAPK Cascade (GO:0038066),1/12,0.0561182077718237,0.1095513338320769,0,0,19.036363636363635,54.83034223662069,MAPK14
GO_Biological_Process_2025,Polyamine Metabolic Process (GO:0006595),1/12,0.0561182077718237,0.1095513338320769,0,0,19.036363636363635,54.83034223662069,HDAC6
GO_Biological_Process_2025,Positive Regulation of Vascular Permeability (GO:0043117),1/12,0.0561182077718237,0.1095513338320769,0,0,19.036363636363635,54.83034223662069,VEGFA
GO_Biological_Process_2025,Potassium Ion Export Across Plasma Membrane (GO:0097623),1/12,0.0561182077718237,0.1095513338320769,0,0,19.036363636363635,54.83034223662069,KCNH2
GO_Biological_Process_2025,Protein Kinase A Signaling (GO:0010737),1/12,0.0561182077718237,0.1095513338320769,0,0,19.036363636363635,54.83034223662069,TTR
GO_Biological_Process_2025,Regulation of SNARE Complex Assembly (GO:0035542),1/12,0.0561182077718237,0.1095513338320769,0,0,19.036363636363635,54.83034223662069,SNCA
GO_Biological_Process_2025,Regulation of Actin Filament Depolymerization (GO:0030834),1/12,0.0561182077718237,0.1095513338320769,0,0,19.036363636363635,54.83034223662069,PIK3CA
GO_Biological_Process_2025,DNA Metabolic Process (GO:0006259),4/302,0.0576254010165671,0.1122251246527895,0,0,2.8605194047271665,8.163326874204957,RAD52;TERT;CDK2;CSNK1E
GO_Biological_Process_2025,DNA Repair (GO:0006281),4/302,0.0576254010165671,0.1122251246527895,0,0,2.8605194047271665,8.163326874204957,RAD52;PLK1;SIRT6;CSNK1E
GO_Biological_Process_2025,Negative Regulation of Neuron Apoptotic Process (GO:0043524),2/81,0.0578556685979003,0.112539274316774,0,0,5.3393482359278215,15.216095118015389,BCL2;HIF1A
GO_Biological_Process_2025,Negative Regulation of Blood Vessel Morphogenesis (GO:2000181),2/82,0.0591216266443737,0.1145640395145261,0,0,5.272340425531915,14.911014328404647,STAT1;ALOX5
GO_Biological_Process_2025,Wnt Signaling Pathway (GO:0016055),2/83,0.0603971655867505,0.1145640395145261,0,0,5.206987128972944,14.61503969822391,GSK3B;CSNK1E
GO_Biological_Process_2025,Protein Tetramerization (GO:0051262),2/83,0.0603971655867505,0.1145640395145261,0,0,5.206987128972944,14.61503969822391,APP;SNCA
GO_Biological_Process_2025,ERBB2 Signaling Pathway (GO:0038128),1/13,0.0606515503312197,0.1145640395145261,0,0,17.449122807017545,48.903087500760165,SRC
GO_Biological_Process_2025,Reg of Intrinsic Apoptotic Sgnlng Pway in Resp to DNA Damage by P53 Cls Mediator (GO:1902165),1/13,0.0606515503312197,0.1145640395145261,0,0,17.449122807017545,48.903087500760165,KDM1A
GO_Biological_Process_2025,Adipose Tissue Development (GO:0060612),1/13,0.0606515503312197,0.1145640395145261,0,0,17.449122807017545,48.903087500760165,DYRK1B
GO_Biological_Process_2025,Regulation of Protein Autophosphorylation (GO:0031952),1/13,0.0606515503312197,0.1145640395145261,0,0,17.449122807017545,48.903087500760165,VEGFA
GO_Biological_Process_2025,Body Fluid Secretion (GO:0007589),1/13,0.0606515503312197,0.1145640395145261,0,0,17.449122807017545,48.903087500760165,VEGFA
GO_Biological_Process_2025,Cardiocyte Differentiation (GO:0035051),1/13,0.0606515503312197,0.1145640395145261,0,0,17.449122807017545,48.903087500760165,SIRT6
GO_Biological_Process_2025,Regulation of Transcription of Nucleolar Large rRNA by RNA Polymerase I (GO:1901836),1/13,0.0606515503312197,0.1145640395145261,0,0,17.449122807017545,48.903087500760165,MTOR
GO_Biological_Process_2025,Regulation of Vasculogenesis (GO:2001212),1/13,0.0606515503312197,0.1145640395145261,0,0,17.449122807017545,48.903087500760165,KDR
GO_Biological_Process_2025,Response to Nerve Growth Factor (GO:1990089),1/13,0.0606515503312197,0.1145640395145261,0,0,17.449122807017545,48.903087500760165,MAPT
GO_Biological_Process_2025,Response to Progesterone (GO:0032570),1/13,0.0606515503312197,0.1145640395145261,0,0,17.449122807017545,48.903087500760165,SRC
GO_Biological_Process_2025,Steroid Catabolic Process (GO:0006706),1/13,0.0606515503312197,0.1145640395145261,0,0,17.449122807017545,48.903087500760165,CYP19A1
GO_Biological_Process_2025,Endothelial Cell Differentiation (GO:0045446),1/13,0.0606515503312197,0.1145640395145261,0,0,17.449122807017545,48.903087500760165,KDR
GO_Biological_Process_2025,Intrinsic Apoptotic Signaling Pathway in Response to Oxidative Stress (GO:0008631),1/13,0.0606515503312197,0.1145640395145261,0,0,17.449122807017545,48.903087500760165,CYP1B1
GO_Biological_Process_2025,Lipid Oxidation (GO:0034440),1/13,0.0606515503312197,0.1145640395145261,0,0,17.449122807017545,48.903087500760165,ALOX5
GO_Biological_Process_2025,Mitotic G1 DNA Damage Checkpoint Signaling (GO:0031571),1/13,0.0606515503312197,0.1145640395145261,0,0,17.449122807017545,48.903087500760165,CDK2
GO_Biological_Process_2025,Muscle Filament Sliding (GO:0030049),1/13,0.0606515503312197,0.1145640395145261,0,0,17.449122807017545,48.903087500760165,TTR
GO_Biological_Process_2025,Negative Regulation of Stem Cell Differentiation (GO:2000737),1/13,0.0606515503312197,0.1145640395145261,0,0,17.449122807017545,48.903087500760165,GSK3B
GO_Biological_Process_2025,Nuclear Body Organization (GO:0030575),1/13,0.0606515503312197,0.1145640395145261,0,0,17.449122807017545,48.903087500760165,DYRK3
GO_Biological_Process_2025,Positive Regulation of Coagulation (GO:0050820),1/13,0.0606515503312197,0.1145640395145261,0,0,17.449122807017545,48.903087500760165,SERPINE1
GO_Biological_Process_2025,Positive Regulation of Glycogen Biosynthetic Process (GO:0045725),1/13,0.0606515503312197,0.1145640395145261,0,0,17.449122807017545,48.903087500760165,DYRK2
GO_Biological_Process_2025,Regulation of Branching Involved in Ureteric Bud Morphogenesis (GO:0090189),1/13,0.0606515503312197,0.1145640395145261,0,0,17.449122807017545,48.903087500760165,VEGFA
GO_Biological_Process_2025,Regulation of Carbohydrate Catabolic Process (GO:0043470),1/13,0.0606515503312197,0.1145640395145261,0,0,17.449122807017545,48.903087500760165,HIF1A
GO_Biological_Process_2025,Monoatomic Cation Homeostasis (GO:0055080),2/84,0.0616821665002103,0.1163760644258304,0,0,5.143227815256876,14.32780050708702,KCNH2;SNCA
GO_Biological_Process_2025,Anterograde Trans-Synaptic Signaling (GO:0098916),3/189,0.0627447035096077,0.1180317209857988,0,0,3.419701699618453,9.468063500147096,APP;RPS6KA3;SNCA
GO_Biological_Process_2025,Actomyosin Structure Organization (GO:0031032),2/85,0.0629765113428552,0.1180317209857988,0,0,5.081004870546014,14.048945226815194,TTR;SRC
GO_Biological_Process_2025,Long-Chain Fatty Acid Metabolic Process (GO:0001676),2/85,0.0629765113428552,0.1180317209857988,0,0,5.081004870546014,14.048945226815194,ALOX5;CYP1B1
GO_Biological_Process_2025,Regulation of Coagulation (GO:0050818),1/14,0.0651633459609098,0.1180317209857988,0,0,16.106072874493925,43.98340031976613,SERPINE1
GO_Biological_Process_2025,Regulation of Dephosphorylation (GO:0035303),1/14,0.0651633459609098,0.1180317209857988,0,0,16.106072874493925,43.98340031976613,SRC
GO_Biological_Process_2025,Regulation of Extracellular Matrix Disassembly (GO:0010715),1/14,0.0651633459609098,0.1180317209857988,0,0,16.106072874493925,43.98340031976613,DPP4
GO_Biological_Process_2025,Regulation of Integrin Activation (GO:0033623),1/14,0.0651633459609098,0.1180317209857988,0,0,16.106072874493925,43.98340031976613,SRC
GO_Biological_Process_2025,Regulation of Leukocyte Migration (GO:0002685),1/14,0.0651633459609098,0.1180317209857988,0,0,16.106072874493925,43.98340031976613,VEGFA
GO_Biological_Process_2025,Regulation of Microtubule-Based Movement (GO:0060632),1/14,0.0651633459609098,0.1180317209857988,0,0,16.106072874493925,43.98340031976613,HDAC6
GO_Biological_Process_2025,Regulation of Platelet-Derived Growth Factor Receptor Signaling Pathway (GO:0010640),1/14,0.0651633459609098,0.1180317209857988,0,0,16.106072874493925,43.98340031976613,SNCA
GO_Biological_Process_2025,Bone Morphogenesis (GO:0060349),1/14,0.0651633459609098,0.1180317209857988,0,0,16.106072874493925,43.98340031976613,MMP13
GO_Biological_Process_2025,Regulation of Response to Oxidative Stress (GO:1902882),1/14,0.0651633459609098,0.1180317209857988,0,0,16.106072874493925,43.98340031976613,ALOX5
GO_Biological_Process_2025,Regulation of Trophoblast Cell Migration (GO:1901163),1/14,0.0651633459609098,0.1180317209857988,0,0,16.106072874493925,43.98340031976613,VEGFA
GO_Biological_Process_2025,Cellular Response to Estrogen Stimulus (GO:0071391),1/14,0.0651633459609098,0.1180317209857988,0,0,16.106072874493925,43.98340031976613,ESR1
GO_Biological_Process_2025,Cellular Response to Exogenous dsRNA (GO:0071360),1/14,0.0651633459609098,0.1180317209857988,0,0,16.106072874493925,43.98340031976613,STING1
GO_Biological_Process_2025,Relaxation of Muscle (GO:0090075),1/14,0.0651633459609098,0.1180317209857988,0,0,16.106072874493925,43.98340031976613,PIK3CA
GO_Biological_Process_2025,Telomere Maintenance in Response to DNA Damage (GO:0043247),1/14,0.0651633459609098,0.1180317209857988,0,0,16.106072874493925,43.98340031976613,CDK2
GO_Biological_Process_2025,Establishment of Protein Localization to Chromosome (GO:0070199),1/14,0.0651633459609098,0.1180317209857988,0,0,16.106072874493925,43.98340031976613,TERT
GO_Biological_Process_2025,Eye Photoreceptor Cell Differentiation (GO:0001754),1/14,0.0651633459609098,0.1180317209857988,0,0,16.106072874493925,43.98340031976613,VEGFA
GO_Biological_Process_2025,Mitochondrion Distribution (GO:0048311),1/14,0.0651633459609098,0.1180317209857988,0,0,16.106072874493925,43.98340031976613,MAPT
GO_Biological_Process_2025,Mitotic G1/S Transition Checkpoint Signaling (GO:0044819),1/14,0.0651633459609098,0.1180317209857988,0,0,16.106072874493925,43.98340031976613,CDK2
GO_Biological_Process_2025,Negative Regulation of ATP Metabolic Process (GO:1903579),1/14,0.0651633459609098,0.1180317209857988,0,0,16.106072874493925,43.98340031976613,SIRT6
GO_Biological_Process_2025,Negative Regulation of Cell-Substrate Junction Organization (GO:0150118),1/14,0.0651633459609098,0.1180317209857988,0,0,16.106072874493925,43.98340031976613,SRC
GO_Biological_Process_2025,Negative Regulation of Coagulation (GO:0050819),1/14,0.0651633459609098,0.1180317209857988,0,0,16.106072874493925,43.98340031976613,SERPINE1
GO_Biological_Process_2025,Negative Regulation of Focal Adhesion Assembly (GO:0051895),1/14,0.0651633459609098,0.1180317209857988,0,0,16.106072874493925,43.98340031976613,SRC
GO_Biological_Process_2025,Negative Regulation of Muscle Cell Apoptotic Process (GO:0010656),1/14,0.0651633459609098,0.1180317209857988,0,0,16.106072874493925,43.98340031976613,ESR1
GO_Biological_Process_2025,Negative Regulation of Smooth Muscle Cell Migration (GO:0014912),1/14,0.0651633459609098,0.1180317209857988,0,0,16.106072874493925,43.98340031976613,SERPINE1
GO_Biological_Process_2025,Negative Regulation of Transcription Elongation by RNA Polymerase II (GO:0034244),1/14,0.0651633459609098,0.1180317209857988,0,0,16.106072874493925,43.98340031976613,SIRT6
GO_Biological_Process_2025,Positive Regulation of Long-Term Synaptic Potentiation (GO:1900273),1/14,0.0651633459609098,0.1180317209857988,0,0,16.106072874493925,43.98340031976613,APP
GO_Biological_Process_2025,Positive Regulation of Response to Cytokine Stimulus (GO:0060760),1/14,0.0651633459609098,0.1180317209857988,0,0,16.106072874493925,43.98340031976613,AXL
GO_Biological_Process_2025,Positive Regulation of Syncytium Formation by Plasma Membrane Fusion (GO:0060143),1/14,0.0651633459609098,0.1180317209857988,0,0,16.106072874493925,43.98340031976613,MAPK14
GO_Biological_Process_2025,Positive Regulation of Type I Interferon-Mediated Signaling Pathway (GO:0060340),1/14,0.0651633459609098,0.1180317209857988,0,0,16.106072874493925,43.98340031976613,STING1
GO_Biological_Process_2025,"Protein Localization to Chromosome, Telomeric Region (GO:0070198)",1/14,0.0651633459609098,0.1180317209857988,0,0,16.106072874493925,43.98340031976613,TERT
GO_Biological_Process_2025,Protein Localization to Site of Double-Strand Break (GO:1990166),1/14,0.0651633459609098,0.1180317209857988,0,0,16.106072874493925,43.98340031976613,SIRT6
GO_Biological_Process_2025,Regulation of Actin Filament Organization (GO:0110053),1/14,0.0651633459609098,0.1180317209857988,0,0,16.106072874493925,43.98340031976613,PIK3CA
GO_Biological_Process_2025,Regulation of cAMP/PKA Signal Transduction (GO:0141161),1/14,0.0651633459609098,0.1180317209857988,0,0,16.106072874493925,43.98340031976613,APP
GO_Biological_Process_2025,Defense Response to Gram-negative Bacterium (GO:0050829),2/87,0.0655927651616112,0.1186778190063742,0,0,4.9609511889862326,13.515069100897891,APP;SERPINE1
GO_Biological_Process_2025,Regulation of Endothelial Cell Migration (GO:0010594),2/88,0.0669144425135933,0.1206678123560048,0,0,4.903018307768432,13.259430751648065,KDR;VEGFA
GO_Biological_Process_2025,T Cell Receptor Signaling Pathway (GO:0050852),2/88,0.0669144425135933,0.1206678123560048,0,0,4.903018307768432,13.259430751648065,PIK3CA;FYN
GO_Biological_Process_2025,Regulation of Mitotic Cell Cycle Phase Transition (GO:1901990),2/88,0.0669144425135933,0.1206678123560048,0,0,4.903018307768432,13.259430751648065,PLK1;CDK2
GO_Biological_Process_2025,Response to Endoplasmic Reticulum Stress (GO:0034976),3/196,0.0683940035464684,0.1217075287079357,0,0,3.294501086411499,8.837400743206938,GSK3B;MMP1;BCL2
GO_Biological_Process_2025,Regulation of Protein Localization to Plasma Membrane (GO:1903076),2/90,0.0695843256413094,0.1217075287079357,0,0,4.79110251450677,12.769322807684263,MMP14;SIRT6
GO_Biological_Process_2025,Positive Regulation of Plasma Membrane Bounded Cell Projection Assembly (GO:0120034),2/90,0.0695843256413094,0.1217075287079357,0,0,4.79110251450677,12.769322807684263,GSK3B;PIK3CA
GO_Biological_Process_2025,Actin-Myosin Filament Sliding (GO:0033275),1/15,0.0696536959639779,0.1217075287079357,0,0,14.954887218045112,39.84310237624529,TTR
GO_Biological_Process_2025,Regulation of Response to Endoplasmic Reticulum Stress (GO:1905897),1/15,0.0696536959639779,0.1217075287079357,0,0,14.954887218045112,39.84310237624529,APP
GO_Biological_Process_2025,Cardiac Myofibril Assembly (GO:0055003),1/15,0.0696536959639779,0.1217075287079357,0,0,14.954887218045112,39.84310237624529,TTR
GO_Biological_Process_2025,Central Nervous System Neuron Development (GO:0021954),1/15,0.0696536959639779,0.1217075287079357,0,0,14.954887218045112,39.84310237624529,MAPT
GO_Biological_Process_2025,Ceramide Transport (GO:0035627),1/15,0.0696536959639779,0.1217075287079357,0,0,14.954887218045112,39.84310237624529,ABCB1
GO_Biological_Process_2025,Retinal Metabolic Process (GO:0042574),1/15,0.0696536959639779,0.1217075287079357,0,0,14.954887218045112,39.84310237624529,CYP1B1
GO_Biological_Process_2025,Copper Ion Homeostasis (GO:0055070),1/15,0.0696536959639779,0.1217075287079357,0,0,14.954887218045112,39.84310237624529,APP
GO_Biological_Process_2025,Digestive System Development (GO:0055123),1/15,0.0696536959639779,0.1217075287079357,0,0,14.954887218045112,39.84310237624529,KIT
GO_Biological_Process_2025,Stress-Activated MAPK Cascade (GO:0051403),1/15,0.0696536959639779,0.1217075287079357,0,0,14.954887218045112,39.84310237624529,MAPK14
GO_Biological_Process_2025,Unsaturated Fatty Acid Biosynthetic Process (GO:0006636),1/15,0.0696536959639779,0.1217075287079357,0,0,14.954887218045112,39.84310237624529,CBR1
GO_Biological_Process_2025,Gas Transport (GO:0015669),1/15,0.0696536959639779,0.1217075287079357,0,0,14.954887218045112,39.84310237624529,CA2
GO_Biological_Process_2025,Keratan Sulfate Proteoglycan Biosynthetic Process (GO:0018146),1/15,0.0696536959639779,0.1217075287079357,0,0,14.954887218045112,39.84310237624529,ST3GAL3
GO_Biological_Process_2025,Membrane Repolarization During Action Potential (GO:0086011),1/15,0.0696536959639779,0.1217075287079357,0,0,14.954887218045112,39.84310237624529,KCNH2
GO_Biological_Process_2025,Negative Regulation of Epithelial Cell Differentiation (GO:0030857),1/15,0.0696536959639779,0.1217075287079357,0,0,14.954887218045112,39.84310237624529,MMP9
GO_Biological_Process_2025,Negative Regulation of Establishment of Protein Localization (GO:1904950),1/15,0.0696536959639779,0.1217075287079357,0,0,14.954887218045112,39.84310237624529,MAPT
GO_Biological_Process_2025,Negative Regulation of Gluconeogenesis (GO:0045721),1/15,0.0696536959639779,0.1217075287079357,0,0,14.954887218045112,39.84310237624529,SIRT6
GO_Biological_Process_2025,Nitric Oxide Biosynthetic Process (GO:0006809),1/15,0.0696536959639779,0.1217075287079357,0,0,14.954887218045112,39.84310237624529,CYP1B1
GO_Biological_Process_2025,Positive Regulation of Cytoplasmic Translation (GO:2000767),1/15,0.0696536959639779,0.1217075287079357,0,0,14.954887218045112,39.84310237624529,PKM
GO_Biological_Process_2025,Positive Regulation of Glycogen Metabolic Process (GO:0070875),1/15,0.0696536959639779,0.1217075287079357,0,0,14.954887218045112,39.84310237624529,DYRK2
GO_Biological_Process_2025,Positive Regulation of Membrane Protein Ectodomain Proteolysis (GO:0051044),1/15,0.0696536959639779,0.1217075287079357,0,0,14.954887218045112,39.84310237624529,APP
GO_Biological_Process_2025,Positive Regulation of Transmembrane Transport (GO:0034764),1/15,0.0696536959639779,0.1217075287079357,0,0,14.954887218045112,39.84310237624529,CA2
GO_Biological_Process_2025,Protein Trimerization (GO:0070206),1/15,0.0696536959639779,0.1217075287079357,0,0,14.954887218045112,39.84310237624529,APP
GO_Biological_Process_2025,Regulation of ATP Metabolic Process (GO:1903578),1/15,0.0696536959639779,0.1217075287079357,0,0,14.954887218045112,39.84310237624529,HIF1A
GO_Biological_Process_2025,Regulation of Amyloid-Beta Clearance (GO:1900221),1/15,0.0696536959639779,0.1217075287079357,0,0,14.954887218045112,39.84310237624529,APP
GO_Biological_Process_2025,Regulation of Bone Remodeling (GO:0046850),1/15,0.0696536959639779,0.1217075287079357,0,0,14.954887218045112,39.84310237624529,SRC
GO_Biological_Process_2025,Regulation of Catecholamine Secretion (GO:0050433),1/15,0.0696536959639779,0.1217075287079357,0,0,14.954887218045112,39.84310237624529,SNCA
GO_Biological_Process_2025,Regulation of Double-Strand Break Repair (GO:2000779),2/91,0.0709323050351309,0.123544847190324,0,0,4.737030839110686,12.53432242832187,KDM1A;SIRT6
GO_Biological_Process_2025,Phosphatidylinositol Biosynthetic Process (GO:0006661),2/91,0.0709323050351309,0.123544847190324,0,0,4.737030839110686,12.53432242832187,PIK3CA;SYNJ2
GO_Biological_Process_2025,Protein O-linked Glycosylation (GO:0006493),2/91,0.0709323050351309,0.123544847190324,0,0,4.737030839110686,12.53432242832187,FUT4;ST3GAL3
GO_Biological_Process_2025,Intracellular Protein Transport (GO:0006886),4/326,0.0719940708720501,0.1252604729884711,0,0,2.644072373751013,6.957007906421833,MMP12;TERT;SIRT6;HDAC6
GO_Biological_Process_2025,Positive Regulation of Cell Adhesion (GO:0045785),2/92,0.0722888268464433,0.1253556976702024,0,0,4.684160756501182,12.30569174241841,FUT7;VEGFA
GO_Biological_Process_2025,Regulation of Insulin Secretion (GO:0050796),2/93,0.0736537800118073,0.1253556976702024,0,0,4.632452653729249,12.083195988524617,ALOX5;SIRT6
GO_Biological_Process_2025,Regulation of Protein Metabolic Process (GO:0051246),2/93,0.0736537800118073,0.1253556976702024,0,0,4.632452653729249,12.083195988524617,APP;MAPKAPK5
GO_Biological_Process_2025,DNA Double-Strand Break Processing (GO:0000729),1/16,0.0741227011346479,0.1253556976702024,0,0,13.95719298245614,36.31708280615695,RAD52
GO_Biological_Process_2025,Regulation of Establishment of Endothelial Barrier (GO:1903140),1/16,0.0741227011346479,0.1253556976702024,0,0,13.95719298245614,36.31708280615695,VEGFA
GO_Biological_Process_2025,Regulation of Fibrinolysis (GO:0051917),1/16,0.0741227011346479,0.1253556976702024,0,0,13.95719298245614,36.31708280615695,SERPINE1
GO_Biological_Process_2025,Regulation of Non-Canonical Wnt Signaling Pathway (GO:2000050),1/16,0.0741227011346479,0.1253556976702024,0,0,13.95719298245614,36.31708280615695,CSNK1E
GO_Biological_Process_2025,Regulation of Plasminogen Activation (GO:0010755),1/16,0.0741227011346479,0.1253556976702024,0,0,13.95719298245614,36.31708280615695,SERPINE1
GO_Biological_Process_2025,Regulation of Presynapse Assembly (GO:1905606),1/16,0.0741227011346479,0.1253556976702024,0,0,13.95719298245614,36.31708280615695,SNCA
GO_Biological_Process_2025,Regulation of Presynapse Organization (GO:0099174),1/16,0.0741227011346479,0.1253556976702024,0,0,13.95719298245614,36.31708280615695,SNCA
GO_Biological_Process_2025,Regulation of Smooth Muscle Cell Apoptotic Process (GO:0034391),1/16,0.0741227011346479,0.1253556976702024,0,0,13.95719298245614,36.31708280615695,ESR1
GO_Biological_Process_2025,Cellular Response to Gamma Radiation (GO:0071480),1/16,0.0741227011346479,0.1253556976702024,0,0,13.95719298245614,36.31708280615695,KDM1A
GO_Biological_Process_2025,Regulation of Viral Life Cycle (GO:1903900),1/16,0.0741227011346479,0.1253556976702024,0,0,13.95719298245614,36.31708280615695,AXL
GO_Biological_Process_2025,Cellular Response to Laminar Fluid Shear Stress (GO:0071499),1/16,0.0741227011346479,0.1253556976702024,0,0,13.95719298245614,36.31708280615695,MTOR
GO_Biological_Process_2025,Ribosomal Small Subunit Assembly (GO:0000028),1/16,0.0741227011346479,0.1253556976702024,0,0,13.95719298245614,36.31708280615695,RPSA
GO_Biological_Process_2025,Epoxygenase P450 Pathway (GO:0019373),1/16,0.0741227011346479,0.1253556976702024,0,0,13.95719298245614,36.31708280615695,CYP1B1
GO_Biological_Process_2025,Heart Process (GO:0003015),1/16,0.0741227011346479,0.1253556976702024,0,0,13.95719298245614,36.31708280615695,FYN
GO_Biological_Process_2025,Membrane Lipid Metabolic Process (GO:0006643),1/16,0.0741227011346479,0.1253556976702024,0,0,13.95719298245614,36.31708280615695,CYP1B1
GO_Biological_Process_2025,Membrane Repolarization During Cardiac Muscle Cell Action Potential (GO:0086013),1/16,0.0741227011346479,0.1253556976702024,0,0,13.95719298245614,36.31708280615695,KCNH2
GO_Biological_Process_2025,Mesenchyme Morphogenesis (GO:0072132),1/16,0.0741227011346479,0.1253556976702024,0,0,13.95719298245614,36.31708280615695,ADAMTS5
GO_Biological_Process_2025,Negative Regulation of Protein Processing (GO:0010955),1/16,0.0741227011346479,0.1253556976702024,0,0,13.95719298245614,36.31708280615695,SERPINE1
GO_Biological_Process_2025,One-Carbon Compound Transport (GO:0019755),1/16,0.0741227011346479,0.1253556976702024,0,0,13.95719298245614,36.31708280615695,CA2
GO_Biological_Process_2025,Photoreceptor Cell Development (GO:0042461),1/16,0.0741227011346479,0.1253556976702024,0,0,13.95719298245614,36.31708280615695,VEGFA
GO_Biological_Process_2025,+ Reg of Myeloid Leukocyte Cytokine Production Inv in Imm Resp (GO:0061081),1/16,0.0741227011346479,0.1253556976702024,0,0,13.95719298245614,36.31708280615695,KIT
GO_Biological_Process_2025,Positive Regulation of Transcription by RNA Polymerase III (GO:0045945),1/16,0.0741227011346479,0.1253556976702024,0,0,13.95719298245614,36.31708280615695,MTOR
GO_Biological_Process_2025,Regulation of Amyloid Fibril Formation (GO:1905906),1/16,0.0741227011346479,0.1253556976702024,0,0,13.95719298245614,36.31708280615695,APP
GO_Biological_Process_2025,Reg of Blood Vessel Endothelial Cell Proliferation Inv in Sprouting Angiogenesis (GO:1903587),1/16,0.0741227011346479,0.1253556976702024,0,0,13.95719298245614,36.31708280615695,VEGFA
GO_Biological_Process_2025,Response to Calcium Ion (GO:0051592),2/95,0.0764085405450076,0.1284839616884386,0,0,4.532372454815832,11.655724581294349,PRKAA2;TTR
GO_Biological_Process_2025,Neuron Projection Development (GO:0031175),3/206,0.0768511069202488,0.1284839616884386,0,0,3.13062132528206,8.032815568546065,APP;GSK3B;MAPT
GO_Biological_Process_2025,DNA Biosynthetic Process (GO:0071897),1/17,0.0785704618658466,0.1284839616884386,0,0,13.08421052631579,33.28308421675135,TERT
GO_Biological_Process_2025,Regulation of Mitochondrial Membrane Permeability (GO:0046902),1/17,0.0785704618658466,0.1284839616884386,0,0,13.08421052631579,33.28308421675135,BCL2
GO_Biological_Process_2025,Regulation of Nucleocytoplasmic Transport (GO:0046822),1/17,0.0785704618658466,0.1284839616884386,0,0,13.08421052631579,33.28308421675135,GSK3B
GO_Biological_Process_2025,Regulation of Receptor Recycling (GO:0001919),1/17,0.0785704618658466,0.1284839616884386,0,0,13.08421052631579,33.28308421675135,SNCA
GO_Biological_Process_2025,Cellular Response to Copper Ion (GO:0071280),1/17,0.0785704618658466,0.1284839616884386,0,0,13.08421052631579,33.28308421675135,SNCA
GO_Biological_Process_2025,Cellular Response to dsRNA (GO:0071359),1/17,0.0785704618658466,0.1284839616884386,0,0,13.08421052631579,33.28308421675135,STING1
GO_Biological_Process_2025,Regulation of Ubiquitin Protein Ligase Activity (GO:1904666),1/17,0.0785704618658466,0.1284839616884386,0,0,13.08421052631579,33.28308421675135,PLK1
GO_Biological_Process_2025,Regulation of Ubiquitin-Protein Transferase Activity (GO:0051438),1/17,0.0785704618658466,0.1284839616884386,0,0,13.08421052631579,33.28308421675135,PLK1
GO_Biological_Process_2025,Regulation of Ventricular Cardiac Muscle Cell Membrane Repolarization (GO:0060307),1/17,0.0785704618658466,0.1284839616884386,0,0,13.08421052631579,33.28308421675135,KCNH2
GO_Biological_Process_2025,Release of Cytochrome C From Mitochondria (GO:0001836),1/17,0.0785704618658466,0.1284839616884386,0,0,13.08421052631579,33.28308421675135,BCL2
GO_Biological_Process_2025,Contractile Actin Filament Bundle Assembly (GO:0030038),1/17,0.0785704618658466,0.1284839616884386,0,0,13.08421052631579,33.28308421675135,SRC
GO_Biological_Process_2025,Stress Fiber Assembly (GO:0043149),1/17,0.0785704618658466,0.1284839616884386,0,0,13.08421052631579,33.28308421675135,SRC
GO_Biological_Process_2025,Stress-Activated Protein Kinase Signaling Cascade (GO:0031098),1/17,0.0785704618658466,0.1284839616884386,0,0,13.08421052631579,33.28308421675135,MAPK14
GO_Biological_Process_2025,Epithelial Cell Migration (GO:0010631),1/17,0.0785704618658466,0.1284839616884386,0,0,13.08421052631579,33.28308421675135,KIT
GO_Biological_Process_2025,Eye Photoreceptor Cell Development (GO:0042462),1/17,0.0785704618658466,0.1284839616884386,0,0,13.08421052631579,33.28308421675135,VEGFA
GO_Biological_Process_2025,Ventricular Cardiac Muscle Cell Action Potential (GO:0086005),1/17,0.0785704618658466,0.1284839616884386,0,0,13.08421052631579,33.28308421675135,KCNH2
GO_Biological_Process_2025,Immune Response-Regulating Cell Surface Receptor Signaling Pathway (GO:0002768),1/17,0.0785704618658466,0.1284839616884386,0,0,13.08421052631579,33.28308421675135,KIT
GO_Biological_Process_2025,Innate Immune Response-Activating Signaling Pathway (GO:0002758),1/17,0.0785704618658466,0.1284839616884386,0,0,13.08421052631579,33.28308421675135,STING1
GO_Biological_Process_2025,Ionotropic Glutamate Receptor Signaling Pathway (GO:0035235),1/17,0.0785704618658466,0.1284839616884386,0,0,13.08421052631579,33.28308421675135,APP
GO_Biological_Process_2025,Keratan Sulfate Proteoglycan Metabolic Process (GO:0042339),1/17,0.0785704618658466,0.1284839616884386,0,0,13.08421052631579,33.28308421675135,ST3GAL3
GO_Biological_Process_2025,Leukotriene Biosynthetic Process (GO:0019370),1/17,0.0785704618658466,0.1284839616884386,0,0,13.08421052631579,33.28308421675135,ALOX5
GO_Biological_Process_2025,Membrane Depolarization During Action Potential (GO:0086010),1/17,0.0785704618658466,0.1284839616884386,0,0,13.08421052631579,33.28308421675135,KCNH2
GO_Biological_Process_2025,Membrane Lipid Catabolic Process (GO:0046466),1/17,0.0785704618658466,0.1284839616884386,0,0,13.08421052631579,33.28308421675135,CYP1B1
GO_Biological_Process_2025,Muscle Cell Development (GO:0055001),1/17,0.0785704618658466,0.1284839616884386,0,0,13.08421052631579,33.28308421675135,KDM1A
GO_Biological_Process_2025,Muscle Tissue Morphogenesis (GO:0060415),1/17,0.0785704618658466,0.1284839616884386,0,0,13.08421052631579,33.28308421675135,TTR
GO_Biological_Process_2025,Myoblast Fusion (GO:0007520),1/17,0.0785704618658466,0.1284839616884386,0,0,13.08421052631579,33.28308421675135,ADAMTS5
GO_Biological_Process_2025,Negative Regulation of Intracellular Protein Transport (GO:0090317),1/17,0.0785704618658466,0.1284839616884386,0,0,13.08421052631579,33.28308421675135,SIRT6
GO_Biological_Process_2025,Negative Regulation of Ion Transmembrane Transporter Activity (GO:0032413),1/17,0.0785704618658466,0.1284839616884386,0,0,13.08421052631579,33.28308421675135,MMP9
GO_Biological_Process_2025,Negative Regulation of Telomere Maintenance (GO:0032205),1/17,0.0785704618658466,0.1284839616884386,0,0,13.08421052631579,33.28308421675135,SRC
GO_Biological_Process_2025,Positive Chemotaxis (GO:0050918),1/17,0.0785704618658466,0.1284839616884386,0,0,13.08421052631579,33.28308421675135,VEGFA
GO_Biological_Process_2025,Positive Regulation of Potassium Ion Transport (GO:0043268),1/17,0.0785704618658466,0.1284839616884386,0,0,13.08421052631579,33.28308421675135,KCNH2
GO_Biological_Process_2025,Positive Regulation of Supramolecular Fiber Organization (GO:1902905),2/98,0.0806011891219633,0.1316728134605047,0,0,4.390070921985815,11.05526043525084,APP;MAPT
GO_Biological_Process_2025,Positive Regulation of Protein Catabolic Process (GO:0045732),2/99,0.0820144458187472,0.1327953248632219,0,0,4.344593112524676,10.865218604443312,APP;GSK3B
GO_Biological_Process_2025,Regulation of Cytoplasmic Pattern Recognition Receptor Signaling Pathway (GO:0039531),1/18,0.0829970780395136,0.1327953248632219,0,0,12.313931888544891,30.64875924889407,SRC
GO_Biological_Process_2025,Regulation of Early Endosome to Late Endosome Transport (GO:2000641),1/18,0.0829970780395136,0.1327953248632219,0,0,12.313931888544891,30.64875924889407,SRC
GO_Biological_Process_2025,G Protein-Coupled Dopamine Receptor Signaling Pathway (GO:0007212),1/18,0.0829970780395136,0.1327953248632219,0,0,12.313931888544891,30.64875924889407,GSK3B
GO_Biological_Process_2025,Activation of Adenylate Cyclase Activity (GO:0007190),1/18,0.0829970780395136,0.1327953248632219,0,0,12.313931888544891,30.64875924889407,ADORA3
GO_Biological_Process_2025,Regulation of Protein-Containing Complex Disassembly (GO:0043244),1/18,0.0829970780395136,0.1327953248632219,0,0,12.313931888544891,30.64875924889407,HDAC6
GO_Biological_Process_2025,Detection of Mechanical Stimulus Involved in Sensory Perception (GO:0050974),1/18,0.0829970780395136,0.1327953248632219,0,0,12.313931888544891,30.64875924889407,KIT
GO_Biological_Process_2025,Embryo Development Ending in Birth or Egg Hatching (GO:0009792),1/18,0.0829970780395136,0.1327953248632219,0,0,12.313931888544891,30.64875924889407,FGFR1
GO_Biological_Process_2025,Megakaryocyte Differentiation (GO:0030219),1/18,0.0829970780395136,0.1327953248632219,0,0,12.313931888544891,30.64875924889407,KIT
GO_Biological_Process_2025,"Negative Regulation of DNA-templated Transcription, Elongation (GO:0032785)",1/18,0.0829970780395136,0.1327953248632219,0,0,12.313931888544891,30.64875924889407,SIRT6
GO_Biological_Process_2025,Negative Regulation of Nucleocytoplasmic Transport (GO:0046823),1/18,0.0829970780395136,0.1327953248632219,0,0,12.313931888544891,30.64875924889407,SIRT6
GO_Biological_Process_2025,Neuron Maturation (GO:0042551),1/18,0.0829970780395136,0.1327953248632219,0,0,12.313931888544891,30.64875924889407,APP
GO_Biological_Process_2025,Positive Regulation of Cytokine Production Involved in Inflammatory Response (GO:1900017),1/18,0.0829970780395136,0.1327953248632219,0,0,12.313931888544891,30.64875924889407,HIF1A
GO_Biological_Process_2025,Positive Regulation of Lymphocyte Migration (GO:2000403),1/18,0.0829970780395136,0.1327953248632219,0,0,12.313931888544891,30.64875924889407,APP
GO_Biological_Process_2025,Positive Regulation of Muscle Cell Differentiation (GO:0051149),1/18,0.0829970780395136,0.1327953248632219,0,0,12.313931888544891,30.64875924889407,MAPK14
GO_Biological_Process_2025,Positive Regulation of Potassium Ion Transmembrane Transport (GO:1901381),1/18,0.0829970780395136,0.1327953248632219,0,0,12.313931888544891,30.64875924889407,KCNH2
GO_Biological_Process_2025,Positive Regulation of Ubiquitin-Protein Transferase Activity (GO:0051443),1/18,0.0829970780395136,0.1327953248632219,0,0,12.313931888544891,30.64875924889407,PLK1
GO_Biological_Process_2025,Purine Ribonucleotide Catabolic Process (GO:0009154),1/18,0.0829970780395136,0.1327953248632219,0,0,12.313931888544891,30.64875924889407,XDH
GO_Biological_Process_2025,Regulation of Acute Inflammatory Response (GO:0002673),1/18,0.0829970780395136,0.1327953248632219,0,0,12.313931888544891,30.64875924889407,PTGES
GO_Biological_Process_2025,Regulation of Amyloid Precursor Protein Catabolic Process (GO:1902991),1/18,0.0829970780395136,0.1327953248632219,0,0,12.313931888544891,30.64875924889407,APP
GO_Biological_Process_2025,Regulation of Autophagy of Mitochondrion (GO:1903146),1/18,0.0829970780395136,0.1327953248632219,0,0,12.313931888544891,30.64875924889407,HDAC6
GO_Biological_Process_2025,Response to UV (GO:0009411),2/100,0.0834353800745875,0.1333658572788706,0,0,4.300043421623969,10.679944049183517,KDM1A;SIRT6
GO_Biological_Process_2025,Phospholipase C-activating G Protein-Coupled Receptor Signaling Pathway (GO:0007200),2/102,0.086299864464073,0.1362379401114402,0,0,4.213617021276596,10.323055167449851,ESR1;VEGFA
GO_Biological_Process_2025,Regulation of Protein Neddylation (GO:2000434),1/19,0.0874026490788467,0.1362379401114402,0,0,11.629239766081872,28.343128394593275,HIF1A
GO_Biological_Process_2025,Regulation of Smooth Muscle Cell Migration (GO:0014910),1/19,0.0874026490788467,0.1362379401114402,0,0,11.629239766081872,28.343128394593275,SERPINE1
GO_Biological_Process_2025,Response to Fibroblast Growth Factor (GO:0071774),1/19,0.0874026490788467,0.1362379401114402,0,0,11.629239766081872,28.343128394593275,FGFR1
GO_Biological_Process_2025,Response to Interferon-Alpha (GO:0035455),1/19,0.0874026490788467,0.1362379401114402,0,0,11.629239766081872,28.343128394593275,AXL
GO_Biological_Process_2025,Reticulophagy (GO:0061709),1/19,0.0874026490788467,0.1362379401114402,0,0,11.629239766081872,28.343128394593275,STING1
GO_Biological_Process_2025,Detection of Mechanical Stimulus (GO:0050982),1/19,0.0874026490788467,0.1362379401114402,0,0,11.629239766081872,28.343128394593275,TTR
GO_Biological_Process_2025,Skeletal Muscle Contraction (GO:0003009),1/19,0.0874026490788467,0.1362379401114402,0,0,11.629239766081872,28.343128394593275,TTR
GO_Biological_Process_2025,Dopamine Metabolic Process (GO:0042417),1/19,0.0874026490788467,0.1362379401114402,0,0,11.629239766081872,28.343128394593275,SNCA
GO_Biological_Process_2025,Vasculature Development (GO:0001944),1/19,0.0874026490788467,0.1362379401114402,0,0,11.629239766081872,28.343128394593275,PIK3CA
GO_Biological_Process_2025,Glycoprotein Catabolic Process (GO:0006516),1/19,0.0874026490788467,0.1362379401114402,0,0,11.629239766081872,28.343128394593275,MMP12
GO_Biological_Process_2025,Membrane Repolarization (GO:0086009),1/19,0.0874026490788467,0.1362379401114402,0,0,11.629239766081872,28.343128394593275,KCNH2
GO_Biological_Process_2025,Mesoderm Development (GO:0007498),1/19,0.0874026490788467,0.1362379401114402,0,0,11.629239766081872,28.343128394593275,VEGFA
GO_Biological_Process_2025,Negative Regulation of Endopeptidase Activity (GO:0010951),1/19,0.0874026490788467,0.1362379401114402,0,0,11.629239766081872,28.343128394593275,SERPINE1
GO_Biological_Process_2025,Negative Regulation of Reactive Oxygen Species Metabolic Process (GO:2000378),1/19,0.0874026490788467,0.1362379401114402,0,0,11.629239766081872,28.343128394593275,HDAC6
GO_Biological_Process_2025,Negative Regulation of Transferase Activity (GO:0051348),1/19,0.0874026490788467,0.1362379401114402,0,0,11.629239766081872,28.343128394593275,GSK3B
GO_Biological_Process_2025,Positive Regulation of Alcohol Biosynthetic Process (GO:1902932),1/19,0.0874026490788467,0.1362379401114402,0,0,11.629239766081872,28.343128394593275,SNCA
GO_Biological_Process_2025,Positive Regulation of Cation Transmembrane Transport (GO:1904064),1/19,0.0874026490788467,0.1362379401114402,0,0,11.629239766081872,28.343128394593275,KCNH2
GO_Biological_Process_2025,Positive Regulation of Cell Cycle Phase Transition (GO:1901989),1/19,0.0874026490788467,0.1362379401114402,0,0,11.629239766081872,28.343128394593275,DYRK3
GO_Biological_Process_2025,Positive Regulation of Mitochondrial Fission (GO:0090141),1/19,0.0874026490788467,0.1362379401114402,0,0,11.629239766081872,28.343128394593275,KDR
GO_Biological_Process_2025,Positive Regulation of Signaling Receptor Activity (GO:2000273),1/19,0.0874026490788467,0.1362379401114402,0,0,11.629239766081872,28.343128394593275,HIF1A
GO_Biological_Process_2025,Positive Regulation of Stem Cell Differentiation (GO:2000738),1/19,0.0874026490788467,0.1362379401114402,0,0,11.629239766081872,28.343128394593275,SIRT6
GO_Biological_Process_2025,Protein Localization to Endoplasmic Reticulum (GO:0070972),1/19,0.0874026490788467,0.1362379401114402,0,0,11.629239766081872,28.343128394593275,STING1
GO_Biological_Process_2025,Pulmonary Valve Morphogenesis (GO:0003184),1/19,0.0874026490788467,0.1362379401114402,0,0,11.629239766081872,28.343128394593275,ADAMTS5
GO_Biological_Process_2025,Regulation of B Cell Differentiation (GO:0045577),1/19,0.0874026490788467,0.1362379401114402,0,0,11.629239766081872,28.343128394593275,MMP14
GO_Biological_Process_2025,Regulation of Behavior (GO:0050795),1/19,0.0874026490788467,0.1362379401114402,0,0,11.629239766081872,28.343128394593275,MTOR
GO_Biological_Process_2025,Regulation of Defense Response (GO:0031347),2/103,0.0877432081998823,0.1366382784181373,0,0,4.171687381504108,10.15113718978479,ALOX5;PTGES
GO_Biological_Process_2025,Regulation of Actin Cytoskeleton Organization (GO:0032956),2/104,0.0891938167279697,0.1387648321258785,0,0,4.130579891531081,9.98337847199918,PIK3CA;MTOR
GO_Biological_Process_2025,Organic Anion Transport (GO:0015711),2/105,0.0906515888236482,0.1405223557035743,0,0,4.09027060524685,9.81964277365948,CA4;ABCG2
GO_Biological_Process_2025,3'-UTR-mediated mRNA Stabilization (GO:0070935),1/20,0.0917872740073591,0.1405223557035743,0,0,11.01662049861496,26.310792233027552,MAPK14
GO_Biological_Process_2025,Regulation of Endopeptidase Activity (GO:0052548),1/20,0.0917872740073591,0.1405223557035743,0,0,11.01662049861496,26.310792233027552,SERPINE1
GO_Biological_Process_2025,Reg of Mt Outer Membrane Permeabilization Inv in Apoptotic Sgnlng Pway (GO:1901028),1/20,0.0917872740073591,0.1405223557035743,0,0,11.01662049861496,26.310792233027552,GSK3B
GO_Biological_Process_2025,Associative Learning (GO:0008306),1/20,0.0917872740073591,0.1405223557035743,0,0,11.01662049861496,26.310792233027552,APP
GO_Biological_Process_2025,Endocardial Cushion Morphogenesis (GO:0003203),1/20,0.0917872740073591,0.1405223557035743,0,0,11.01662049861496,26.310792233027552,ADAMTS5
GO_Biological_Process_2025,Striated Muscle Cell Differentiation (GO:0051146),1/20,0.0917872740073591,0.1405223557035743,0,0,11.01662049861496,26.310792233027552,SIRT6
GO_Biological_Process_2025,Energy Reserve Metabolic Process (GO:0006112),1/20,0.0917872740073591,0.1405223557035743,0,0,11.01662049861496,26.310792233027552,GSK3B
GO_Biological_Process_2025,Transport Along Microtubule (GO:0010970),1/20,0.0917872740073591,0.1405223557035743,0,0,11.01662049861496,26.310792233027552,APP
GO_Biological_Process_2025,Glycogen Metabolic Process (GO:0005977),1/20,0.0917872740073591,0.1405223557035743,0,0,11.01662049861496,26.310792233027552,GSK3B
GO_Biological_Process_2025,Leukotriene Metabolic Process (GO:0006691),1/20,0.0917872740073591,0.1405223557035743,0,0,11.01662049861496,26.310792233027552,ALOX5
GO_Biological_Process_2025,Positive Regulation of Blood Coagulation (GO:0030194),1/20,0.0917872740073591,0.1405223557035743,0,0,11.01662049861496,26.310792233027552,SERPINE1
GO_Biological_Process_2025,Positive Regulation of Protein Targeting to Membrane (GO:0090314),1/20,0.0917872740073591,0.1405223557035743,0,0,11.01662049861496,26.310792233027552,FYN
GO_Biological_Process_2025,Positive Regulation of Release of Cytochrome C From Mitochondria (GO:0090200),1/20,0.0917872740073591,0.1405223557035743,0,0,11.01662049861496,26.310792233027552,MMP9
GO_Biological_Process_2025,Positive Regulation of Translational Initiation (GO:0045948),1/20,0.0917872740073591,0.1405223557035743,0,0,11.01662049861496,26.310792233027552,MTOR
GO_Biological_Process_2025,Purine Nucleotide Biosynthetic Process (GO:0006164),1/20,0.0917872740073591,0.1405223557035743,0,0,11.01662049861496,26.310792233027552,NADK
GO_Biological_Process_2025,Regulation of Cell-Cell Adhesion Mediated by Cadherin (GO:2000047),1/20,0.0917872740073591,0.1405223557035743,0,0,11.01662049861496,26.310792233027552,VEGFA
GO_Biological_Process_2025,Regulation of ERK1 and ERK2 Cascade (GO:0070372),3/223,0.0922225899536203,0.1410564824782646,0,0,2.886217008797654,6.879443036454536,APP;KDR;VEGFA
GO_Biological_Process_2025,Axon Development (GO:0061564),2/107,0.0935882228241603,0.1430112168998404,0,0,4.011955420466059,9.503723518247345,APP;MAPT
GO_Biological_Process_2025,Positive Regulation of Translation (GO:0045727),2/108,0.0950668862278845,0.1442265769606631,0,0,3.973906061822561,9.351294686512288,PKM;MTOR
GO_Biological_Process_2025,DNA Repair-Dependent Chromatin Remodeling (GO:0140861),1/21,0.0961510513071087,0.1442265769606631,0,0,10.465263157894736,24.507918218027072,KDM1A
GO_Biological_Process_2025,Regulation of Generation of Precursor Metabolites and Energy (GO:0043467),1/21,0.0961510513071087,0.1442265769606631,0,0,10.465263157894736,24.507918218027072,HIF1A
GO_Biological_Process_2025,NADP Metabolic Process (GO:0006739),1/21,0.0961510513071087,0.1442265769606631,0,0,10.465263157894736,24.507918218027072,NADK
GO_Biological_Process_2025,RNA-templated DNA Biosynthetic Process (GO:0006278),1/21,0.0961510513071087,0.1442265769606631,0,0,10.465263157894736,24.507918218027072,TERT
GO_Biological_Process_2025,Regulation of Neuroinflammatory Response (GO:0150077),1/21,0.0961510513071087,0.1442265769606631,0,0,10.465263157894736,24.507918218027072,MMP9
GO_Biological_Process_2025,Regulation of Oxidative Stress-Induced Intrinsic Apoptotic Signaling Pathway (GO:1902175),1/21,0.0961510513071087,0.1442265769606631,0,0,10.465263157894736,24.507918218027072,FYN
GO_Biological_Process_2025,Regulation of Vacuole Organization (GO:0044088),1/21,0.0961510513071087,0.1442265769606631,0,0,10.465263157894736,24.507918218027072,MTOR
GO_Biological_Process_2025,Cellular Response to Nerve Growth Factor Stimulus (GO:1990090),1/21,0.0961510513071087,0.1442265769606631,0,0,10.465263157894736,24.507918218027072,MAPT
GO_Biological_Process_2025,Response to Copper Ion (GO:0046688),1/21,0.0961510513071087,0.1442265769606631,0,0,10.465263157894736,24.507918218027072,SNCA
GO_Biological_Process_2025,Response to Gamma Radiation (GO:0010332),1/21,0.0961510513071087,0.1442265769606631,0,0,10.465263157894736,24.507918218027072,KDM1A
GO_Biological_Process_2025,Endoplasmic Reticulum Calcium Ion Homeostasis (GO:0032469),1/21,0.0961510513071087,0.1442265769606631,0,0,10.465263157894736,24.507918218027072,BCL2
GO_Biological_Process_2025,Telomere Maintenance via Telomerase (GO:0007004),1/21,0.0961510513071087,0.1442265769606631,0,0,10.465263157894736,24.507918218027072,TERT
GO_Biological_Process_2025,Excitatory Postsynaptic Potential (GO:0060079),1/21,0.0961510513071087,0.1442265769606631,0,0,10.465263157894736,24.507918218027072,GSK3B
GO_Biological_Process_2025,Vasodilation (GO:0042311),1/21,0.0961510513071087,0.1442265769606631,0,0,10.465263157894736,24.507918218027072,SRC
GO_Biological_Process_2025,Intrinsic Apoptotic Signaling Pathway in Response to DNA Damage by P53 Class Mediator (GO:0042771),1/21,0.0961510513071087,0.1442265769606631,0,0,10.465263157894736,24.507918218027072,DYRK2
GO_Biological_Process_2025,Negative Regulation of Cation Channel Activity (GO:2001258),1/21,0.0961510513071087,0.1442265769606631,0,0,10.465263157894736,24.507918218027072,MMP9
GO_Biological_Process_2025,Negative Regulation of Leukocyte Activation (GO:0002695),1/21,0.0961510513071087,0.1442265769606631,0,0,10.465263157894736,24.507918218027072,SRC
GO_Biological_Process_2025,Pulmonary Valve Development (GO:0003177),1/21,0.0961510513071087,0.1442265769606631,0,0,10.465263157894736,24.507918218027072,ADAMTS5
GO_Biological_Process_2025,Regulation of Cardiac Muscle Cell Membrane Repolarization (GO:0099623),1/21,0.0961510513071087,0.1442265769606631,0,0,10.465263157894736,24.507918218027072,KCNH2
GO_Biological_Process_2025,Regulation of Mitotic Spindle Assembly (GO:1901673),1/22,0.1004940790729363,0.1488260771751652,0,0,9.96641604010025,22.899400276475088,PLK1
GO_Biological_Process_2025,Androgen Metabolic Process (GO:0008209),1/22,0.1004940790729363,0.1488260771751652,0,0,9.96641604010025,22.899400276475088,CYP19A1
GO_Biological_Process_2025,Regulation of Neural Precursor Cell Proliferation (GO:2000177),1/22,0.1004940790729363,0.1488260771751652,0,0,9.96641604010025,22.899400276475088,KDM1A
GO_Biological_Process_2025,Cellular Response to Interferon-Beta (GO:0035458),1/22,0.1004940790729363,0.1488260771751652,0,0,9.96641604010025,22.899400276475088,STAT1
GO_Biological_Process_2025,Endocardial Cushion Development (GO:0003197),1/22,0.1004940790729363,0.1488260771751652,0,0,9.96641604010025,22.899400276475088,ADAMTS5
GO_Biological_Process_2025,Focal Adhesion Assembly (GO:0048041),1/22,0.1004940790729363,0.1488260771751652,0,0,9.96641604010025,22.899400276475088,SRC
GO_Biological_Process_2025,Mammary Gland Development (GO:0030879),1/22,0.1004940790729363,0.1488260771751652,0,0,9.96641604010025,22.899400276475088,VEGFA
GO_Biological_Process_2025,Membrane Protein Ectodomain Proteolysis (GO:0006509),1/22,0.1004940790729363,0.1488260771751652,0,0,9.96641604010025,22.899400276475088,BACE1
GO_Biological_Process_2025,Negative Regulation of Cell Development (GO:0010721),1/22,0.1004940790729363,0.1488260771751652,0,0,9.96641604010025,22.899400276475088,GSK3B
GO_Biological_Process_2025,Neuron Apoptotic Process (GO:0051402),1/22,0.1004940790729363,0.1488260771751652,0,0,9.96641604010025,22.899400276475088,BCL2
GO_Biological_Process_2025,Nitric Oxide Metabolic Process (GO:0046209),1/22,0.1004940790729363,0.1488260771751652,0,0,9.96641604010025,22.899400276475088,CYP1B1
GO_Biological_Process_2025,Positive Regulation of Adenylate Cyclase Activity (GO:0045762),1/22,0.1004940790729363,0.1488260771751652,0,0,9.96641604010025,22.899400276475088,ADORA3
GO_Biological_Process_2025,Positive Regulation of Interferon-Alpha Production (GO:0032727),1/22,0.1004940790729363,0.1488260771751652,0,0,9.96641604010025,22.899400276475088,STAT1
GO_Biological_Process_2025,Regulation of Calcium Ion Import (GO:0090279),1/22,0.1004940790729363,0.1488260771751652,0,0,9.96641604010025,22.899400276475088,FYN
GO_Biological_Process_2025,Apoptotic Process (GO:0006915),3/232,0.1008389918435077,0.1492014820386262,0,0,2.771517115086632,6.358498194013987,PIK3CA;BCL2;MTOR
GO_Biological_Process_2025,Cellular Response to Metal Ion (GO:0071248),2/112,0.1010482359982787,0.1493756532148467,0,0,3.82862669245648,8.775814591484897,PRKAA2;SNCA
GO_Biological_Process_2025,Regulation of Protein Ubiquitination (GO:0031396),2/113,0.1025597665206661,0.151335930345142,0,0,3.793942879049262,8.639982397381063,GSK3B;KDM1A
GO_Biological_Process_2025,Mitotic Cell Cycle Phase Transition (GO:0044772),2/113,0.1025597665206661,0.151335930345142,0,0,3.793942879049262,8.639982397381063,PLK1;CDK2
GO_Biological_Process_2025,T Cell Activation (GO:0042110),2/114,0.1040775845333497,0.1525963018743804,0,0,3.759878419452888,8.50717104424932,DPP4;KIT
GO_Biological_Process_2025,Positive Regulation of Wnt Signaling Pathway (GO:0030177),2/114,0.1040775845333497,0.1525963018743804,0,0,3.759878419452888,8.50717104424932,TERT;CSNK1E
GO_Biological_Process_2025,Artery Development (GO:0060840),1/23,0.104816454902684,0.1525963018743804,0,0,9.51291866028708,21.456811429654763,VEGFA
GO_Biological_Process_2025,Cellular Response to Interleukin-6 (GO:0071354),1/23,0.104816454902684,0.1525963018743804,0,0,9.51291866028708,21.456811429654763,SRC
GO_Biological_Process_2025,Retinol Metabolic Process (GO:0042572),1/23,0.104816454902684,0.1525963018743804,0,0,9.51291866028708,21.456811429654763,CYP1B1
GO_Biological_Process_2025,Dendritic Cell Differentiation (GO:0097028),1/23,0.104816454902684,0.1525963018743804,0,0,9.51291866028708,21.456811429654763,FLT3
GO_Biological_Process_2025,Eye Morphogenesis (GO:0048592),1/23,0.104816454902684,0.1525963018743804,0,0,9.51291866028708,21.456811429654763,VEGFA
GO_Biological_Process_2025,Glial Cell Development (GO:0021782),1/23,0.104816454902684,0.1525963018743804,0,0,9.51291866028708,21.456811429654763,APP
GO_Biological_Process_2025,Negative Regulation of Cell Junction Assembly (GO:1901889),1/23,0.104816454902684,0.1525963018743804,0,0,9.51291866028708,21.456811429654763,SRC
GO_Biological_Process_2025,Negative Regulation of Neuron Differentiation (GO:0045665),1/23,0.104816454902684,0.1525963018743804,0,0,9.51291866028708,21.456811429654763,GSK3B
GO_Biological_Process_2025,Negative Regulation of Peptidase Activity (GO:0010466),1/23,0.104816454902684,0.1525963018743804,0,0,9.51291866028708,21.456811429654763,SERPINE1
GO_Biological_Process_2025,Positive Regulation of DNA Replication (GO:0045740),1/23,0.104816454902684,0.1525963018743804,0,0,9.51291866028708,21.456811429654763,CDK2
GO_Biological_Process_2025,Positive Regulation of Amyloid Precursor Protein Catabolic Process (GO:1902993),1/23,0.104816454902684,0.1525963018743804,0,0,9.51291866028708,21.456811429654763,APP
GO_Biological_Process_2025,Positive Regulation of Cell Cycle G2/M Phase Transition (GO:1902751),1/23,0.104816454902684,0.1525963018743804,0,0,9.51291866028708,21.456811429654763,DYRK3
GO_Biological_Process_2025,Positive Regulation of Lamellipodium Assembly (GO:0010592),1/23,0.104816454902684,0.1525963018743804,0,0,9.51291866028708,21.456811429654763,PIK3CA
GO_Biological_Process_2025,Intrinsic Apoptotic Signaling Pathway (GO:0097193),2/115,0.1056015964520735,0.1536023221121069,0,0,3.7264168706458296,8.3772899085007,BCL2;CYP1B1
GO_Biological_Process_2025,Modulation of Chemical Synaptic Transmission (GO:0050804),2/117,0.1086678314104772,0.1577334157419092,0,0,3.6612395929694728,8.12597287864551,APP;GSK3B
GO_Biological_Process_2025,Myotube Differentiation (GO:0014902),1/24,0.1091182759636125,0.1577334157419092,0,0,9.098855835240274,20.15690355426019,ADAMTS5
GO_Biological_Process_2025,Negative Regulation of DNA Binding (GO:0043392),1/24,0.1091182759636125,0.1577334157419092,0,0,9.098855835240274,20.15690355426019,KDM1A
GO_Biological_Process_2025,Negative Regulation of Double-Strand Break Repair via Homologous Recombination (GO:2000042),1/24,0.1091182759636125,0.1577334157419092,0,0,9.098855835240274,20.15690355426019,PLK1
GO_Biological_Process_2025,Osteoclast Differentiation (GO:0030316),1/24,0.1091182759636125,0.1577334157419092,0,0,9.098855835240274,20.15690355426019,MAPK14
GO_Biological_Process_2025,Positive Regulation of Epidermal Growth Factor Receptor Signaling Pathway (GO:0045742),1/24,0.1091182759636125,0.1577334157419092,0,0,9.098855835240274,20.15690355426019,MMP9
GO_Biological_Process_2025,Potassium Ion Homeostasis (GO:0055075),1/24,0.1091182759636125,0.1577334157419092,0,0,9.098855835240274,20.15690355426019,KCNH2
GO_Biological_Process_2025,MAPK Cascade (GO:0000165),2/119,0.111757737463504,0.1613497914529734,0,0,3.5982905982905984,7.885372491632031,MAPK14;FGFR1
GO_Biological_Process_2025,Mitotic Sister Chromatid Segregation (GO:0000070),2/120,0.1133113409508087,0.1613497914529734,0,0,3.567616300036062,7.76889840568967,TTR;PLK1
GO_Biological_Process_2025,Negative Regulation of Catabolic Process (GO:0009895),2/120,0.1133113409508087,0.1613497914529734,0,0,3.567616300036062,7.76889840568967,BCL2;MTOR
GO_Biological_Process_2025,Regulation of Membrane Protein Ectodomain Proteolysis (GO:0051043),1/25,0.1133996389684807,0.1613497914529734,0,0,8.719298245614034,18.98049165758473,APP
GO_Biological_Process_2025,Regulation of Muscle Cell Differentiation (GO:0051147),1/25,0.1133996389684807,0.1613497914529734,0,0,8.719298245614034,18.98049165758473,MAPK14
GO_Biological_Process_2025,Regulation of Protein Targeting to Membrane (GO:0090313),1/25,0.1133996389684807,0.1613497914529734,0,0,8.719298245614034,18.98049165758473,FYN
GO_Biological_Process_2025,Regulation of Protein Transport (GO:0051223),1/25,0.1133996389684807,0.1613497914529734,0,0,8.719298245614034,18.98049165758473,SIRT6
GO_Biological_Process_2025,Regulation of Vascular Endothelial Growth Factor Signaling Pathway (GO:1900746),1/25,0.1133996389684807,0.1613497914529734,0,0,8.719298245614034,18.98049165758473,VEGFA
GO_Biological_Process_2025,Cellular Response to Low-Density Lipoprotein Particle Stimulus (GO:0071404),1/25,0.1133996389684807,0.1613497914529734,0,0,8.719298245614034,18.98049165758473,APP
GO_Biological_Process_2025,Response to Purine-Containing Compound (GO:0014074),1/25,0.1133996389684807,0.1613497914529734,0,0,8.719298245614034,18.98049165758473,STAT1
GO_Biological_Process_2025,Dopaminergic Neuron Differentiation (GO:0071542),1/25,0.1133996389684807,0.1613497914529734,0,0,8.719298245614034,18.98049165758473,VEGFA
GO_Biological_Process_2025,Stress Granule Assembly (GO:0034063),1/25,0.1133996389684807,0.1613497914529734,0,0,8.719298245614034,18.98049165758473,MAPT
GO_Biological_Process_2025,Lamellipodium Assembly (GO:0030032),1/25,0.1133996389684807,0.1613497914529734,0,0,8.719298245614034,18.98049165758473,KIT
GO_Biological_Process_2025,Long-Chain Fatty Acid Biosynthetic Process (GO:0042759),1/25,0.1133996389684807,0.1613497914529734,0,0,8.719298245614034,18.98049165758473,ALOX5
GO_Biological_Process_2025,Lymphocyte Proliferation (GO:0046651),1/25,0.1133996389684807,0.1613497914529734,0,0,8.719298245614034,18.98049165758473,FLT3
GO_Biological_Process_2025,Negative Regulation of Protein Depolymerization (GO:1901880),1/25,0.1133996389684807,0.1613497914529734,0,0,8.719298245614034,18.98049165758473,PIK3CA
GO_Biological_Process_2025,Pigment Biosynthetic Process (GO:0046148),1/25,0.1133996389684807,0.1613497914529734,0,0,8.719298245614034,18.98049165758473,TYR
GO_Biological_Process_2025,Positive Regulation of Cilium Assembly (GO:0045724),1/25,0.1133996389684807,0.1613497914529734,0,0,8.719298245614034,18.98049165758473,GSK3B
GO_Biological_Process_2025,Regulation of Cytoplasmic Translation (GO:2000765),1/26,0.1176606401638211,0.1646845323733757,0,0,8.370105263157894,17.91161285774819,PKM
GO_Biological_Process_2025,Regulation of Lipid Catabolic Process (GO:0050994),1/26,0.1176606401638211,0.1646845323733757,0,0,8.370105263157894,17.91161285774819,SIRT6
GO_Biological_Process_2025,Regulation of Neutrophil Chemotaxis (GO:0090022),1/26,0.1176606401638211,0.1646845323733757,0,0,8.370105263157894,17.91161285774819,DPP4
GO_Biological_Process_2025,Regulation of Nucleotide-Excision Repair (GO:2000819),1/26,0.1176606401638211,0.1646845323733757,0,0,8.370105263157894,17.91161285774819,RAD52
GO_Biological_Process_2025,Regulation of Postsynaptic Membrane Potential (GO:0060078),1/26,0.1176606401638211,0.1646845323733757,0,0,8.370105263157894,17.91161285774819,GSK3B
GO_Biological_Process_2025,Regulation of Vascular Endothelial Growth Factor Receptor Signaling Pathway (GO:0030947),1/26,0.1176606401638211,0.1646845323733757,0,0,8.370105263157894,17.91161285774819,HIF1A
GO_Biological_Process_2025,Respiratory Tube Development (GO:0030323),1/26,0.1176606401638211,0.1646845323733757,0,0,8.370105263157894,17.91161285774819,VEGFA
GO_Biological_Process_2025,Cellular Response to Topologically Incorrect Protein (GO:0035967),1/26,0.1176606401638211,0.1646845323733757,0,0,8.370105263157894,17.91161285774819,HDAC6
GO_Biological_Process_2025,Cellular Response to Xenobiotic Stimulus (GO:0071466),1/26,0.1176606401638211,0.1646845323733757,0,0,8.370105263157894,17.91161285774819,KCNH2
GO_Biological_Process_2025,"Chemical Synaptic Transmission, Postsynaptic (GO:0099565)",1/26,0.1176606401638211,0.1646845323733757,0,0,8.370105263157894,17.91161285774819,GSK3B
GO_Biological_Process_2025,Dendritic Spine Organization (GO:0097061),1/26,0.1176606401638211,0.1646845323733757,0,0,8.370105263157894,17.91161285774819,FYN
GO_Biological_Process_2025,Transposable Element Silencing (GO:0010526),1/26,0.1176606401638211,0.1646845323733757,0,0,8.370105263157894,17.91161285774819,SIRT6
GO_Biological_Process_2025,Fat-Soluble Vitamin Metabolic Process (GO:0006775),1/26,0.1176606401638211,0.1646845323733757,0,0,8.370105263157894,17.91161285774819,CBR1
GO_Biological_Process_2025,Fatty Acid Derivative Biosynthetic Process (GO:1901570),1/26,0.1176606401638211,0.1646845323733757,0,0,8.370105263157894,17.91161285774819,ALOX5
GO_Biological_Process_2025,Microtubule Polymerization or Depolymerization (GO:0031109),1/26,0.1176606401638211,0.1646845323733757,0,0,8.370105263157894,17.91161285774819,MAPT
GO_Biological_Process_2025,Positive Regulation of ERBB Signaling Pathway (GO:1901186),1/26,0.1176606401638211,0.1646845323733757,0,0,8.370105263157894,17.91161285774819,MMP9
GO_Biological_Process_2025,Positive Regulation of T Cell Migration (GO:2000406),1/26,0.1176606401638211,0.1646845323733757,0,0,8.370105263157894,17.91161285774819,APP
GO_Biological_Process_2025,Regulation of T Cell Migration (GO:2000404),1/26,0.1176606401638211,0.1646845323733757,0,0,8.370105263157894,17.91161285774819,APP
GO_Biological_Process_2025,Regulation of Cell Size (GO:0008361),1/26,0.1176606401638211,0.1646845323733757,0,0,8.370105263157894,17.91161285774819,MTOR
GO_Biological_Process_2025,ER-nucleus Signaling Pathway (GO:0006984),1/27,0.1219013753793836,0.1683105284426007,0,0,8.047773279352226,16.936884596393483,GSK3B
GO_Biological_Process_2025,Regulation of Interferon-Alpha Production (GO:0032647),1/27,0.1219013753793836,0.1683105284426007,0,0,8.047773279352226,16.936884596393483,STAT1
GO_Biological_Process_2025,Regulation of Intracellular Estrogen Receptor Signaling Pathway (GO:0033146),1/27,0.1219013753793836,0.1683105284426007,0,0,8.047773279352226,16.936884596393483,HDAC6
GO_Biological_Process_2025,Regulation of Microtubule Polymerization or Depolymerization (GO:0031110),1/27,0.1219013753793836,0.1683105284426007,0,0,8.047773279352226,16.936884596393483,MAPT
GO_Biological_Process_2025,Amide Transport (GO:0042886),1/27,0.1219013753793836,0.1683105284426007,0,0,8.047773279352226,16.936884596393483,ABCG2
GO_Biological_Process_2025,Cardiac Muscle Cell Contraction (GO:0086003),1/27,0.1219013753793836,0.1683105284426007,0,0,8.047773279352226,16.936884596393483,PIK3CA
GO_Biological_Process_2025,Regulation of Transcription by RNA Polymerase III (GO:0006359),1/27,0.1219013753793836,0.1683105284426007,0,0,8.047773279352226,16.936884596393483,MTOR
GO_Biological_Process_2025,Spindle Assembly Checkpoint Signaling (GO:0071173),1/27,0.1219013753793836,0.1683105284426007,0,0,8.047773279352226,16.936884596393483,PLK1
GO_Biological_Process_2025,"Wound Healing, Spreading of Cells (GO:0044319)",1/27,0.1219013753793836,0.1683105284426007,0,0,8.047773279352226,16.936884596393483,MMP12
GO_Biological_Process_2025,in Utero Embryonic Development (GO:0001701),1/27,0.1219013753793836,0.1683105284426007,0,0,8.047773279352226,16.936884596393483,VEGFA
GO_Biological_Process_2025,Mitotic Spindle Assembly Checkpoint Signaling (GO:0007094),1/27,0.1219013753793836,0.1683105284426007,0,0,8.047773279352226,16.936884596393483,PLK1
GO_Biological_Process_2025,Mitotic Spindle Checkpoint Signaling (GO:0071174),1/27,0.1219013753793836,0.1683105284426007,0,0,8.047773279352226,16.936884596393483,PLK1
GO_Biological_Process_2025,Positive Regulation of DNA Binding (GO:0043388),1/27,0.1219013753793836,0.1683105284426007,0,0,8.047773279352226,16.936884596393483,MMP9
GO_Biological_Process_2025,Positive Regulation of Lipid Metabolic Process (GO:0045834),1/27,0.1219013753793836,0.1683105284426007,0,0,8.047773279352226,16.936884596393483,MTOR
GO_Biological_Process_2025,Protein Quality Control for Misfolded or Incompletely Synthesized Proteins (GO:0006515),1/27,0.1219013753793836,0.1683105284426007,0,0,8.047773279352226,16.936884596393483,HDAC6
GO_Biological_Process_2025,Regulation of Cation Channel Activity (GO:2001257),1/27,0.1219013753793836,0.1683105284426007,0,0,8.047773279352226,16.936884596393483,MMP9
GO_Biological_Process_2025,Regulation of Anatomical Structure Morphogenesis (GO:0022603),2/127,0.1243397949354294,0.1715321600461714,0,0,3.3666382978723406,7.018556029054545,GSK3B;MAPT
GO_Biological_Process_2025,ADP Catabolic Process (GO:0046032),1/28,0.1261219399763672,0.1725322766483079,0,0,7.749317738791423,16.045009357904707,PKM
GO_Biological_Process_2025,Regulation of Lipid Biosynthetic Process (GO:0046890),1/28,0.1261219399763672,0.1725322766483079,0,0,7.749317738791423,16.045009357904707,MTOR
GO_Biological_Process_2025,Regulation of Protein Modification by Small Protein Conjugation or Removal (GO:1903320),1/28,0.1261219399763672,0.1725322766483079,0,0,7.749317738791423,16.045009357904707,HIF1A
GO_Biological_Process_2025,Cellular Response to Hexose Stimulus (GO:0071331),1/28,0.1261219399763672,0.1725322766483079,0,0,7.749317738791423,16.045009357904707,PRKAA2
GO_Biological_Process_2025,Telomere Maintenance via Telomere Lengthening (GO:0010833),1/28,0.1261219399763672,0.1725322766483079,0,0,7.749317738791423,16.045009357904707,TERT
GO_Biological_Process_2025,Glycolytic Process (GO:0006096),1/28,0.1261219399763672,0.1725322766483079,0,0,7.749317738791423,16.045009357904707,PKM
GO_Biological_Process_2025,Membrane Fusion (GO:0061025),1/28,0.1261219399763672,0.1725322766483079,0,0,7.749317738791423,16.045009357904707,DPP4
GO_Biological_Process_2025,Nuclear Membrane Organization (GO:0071763),1/28,0.1261219399763672,0.1725322766483079,0,0,7.749317738791423,16.045009357904707,PLK1
GO_Biological_Process_2025,Positive Regulation of Microtubule Polymerization or Depolymerization (GO:0031112),1/28,0.1261219399763672,0.1725322766483079,0,0,7.749317738791423,16.045009357904707,MAPT
GO_Biological_Process_2025,Regulation of DNA Biosynthetic Process (GO:2000278),1/28,0.1261219399763672,0.1725322766483079,0,0,7.749317738791423,16.045009357904707,VEGFA
GO_Biological_Process_2025,Chemical Synaptic Transmission (GO:0007268),3/260,0.1295643609666737,0.1770909275386881,0,0,2.4660474457135684,5.039559136685669,APP;RPS6KA3;SNCA
GO_Biological_Process_2025,Regulation of Dendrite Morphogenesis (GO:0048814),1/29,0.1303224289056154,0.1770909275386881,0,0,7.472180451127819,15.226388466574354,GSK3B
GO_Biological_Process_2025,Cell-Substrate Junction Assembly (GO:0007044),1/29,0.1303224289056154,0.1770909275386881,0,0,7.472180451127819,15.226388466574354,SRC
GO_Biological_Process_2025,Response to Interferon-Beta (GO:0035456),1/29,0.1303224289056154,0.1770909275386881,0,0,7.472180451127819,15.226388466574354,STAT1
GO_Biological_Process_2025,Cytoplasmic Pattern Recognition Receptor Signaling Pathway (GO:0002753),1/29,0.1303224289056154,0.1770909275386881,0,0,7.472180451127819,15.226388466574354,STING1
GO_Biological_Process_2025,Negative Regulation of Cytoskeleton Organization (GO:0051494),1/29,0.1303224289056154,0.1770909275386881,0,0,7.472180451127819,15.226388466574354,PIK3CA
GO_Biological_Process_2025,Negative Regulation of Mitotic Metaphase/Anaphase Transition (GO:0045841),1/29,0.1303224289056154,0.1770909275386881,0,0,7.472180451127819,15.226388466574354,PLK1
GO_Biological_Process_2025,Regulation of Blood Coagulation (GO:0030193),1/29,0.1303224289056154,0.1770909275386881,0,0,7.472180451127819,15.226388466574354,SERPINE1
GO_Biological_Process_2025,Inflammatory Response (GO:0006954),3/261,0.1306399089877465,0.1773746518036625,0,0,2.456364091022756,4.999463692565805,FUT7;ADORA3;KIT
GO_Biological_Process_2025,Regulation of Response to External Stimulus (GO:0032101),2/132,0.1323702897985452,0.1795746574823157,0,0,3.2363338788870704,6.544359213411342,ALOX5;PTGES
GO_Biological_Process_2025,Fc Receptor Signaling Pathway (GO:0038093),1/30,0.1345029365993388,0.1805170991201653,0,0,7.214156079854809,14.472818068487964,KIT
GO_Biological_Process_2025,Regulation of Mitochondrion Organization (GO:0010821),1/30,0.1345029365993388,0.1805170991201653,0,0,7.214156079854809,14.472818068487964,MAPT
GO_Biological_Process_2025,Cardiac Muscle Tissue Morphogenesis (GO:0055008),1/30,0.1345029365993388,0.1805170991201653,0,0,7.214156079854809,14.472818068487964,TTR
GO_Biological_Process_2025,Regulation of Transmembrane Transport (GO:0034762),1/30,0.1345029365993388,0.1805170991201653,0,0,7.214156079854809,14.472818068487964,BCL2
GO_Biological_Process_2025,Intrinsic Apoptotic Signaling Pathway in Response to Endoplasmic Reticulum Stress (GO:0070059),1/30,0.1345029365993388,0.1805170991201653,0,0,7.214156079854809,14.472818068487964,BCL2
GO_Biological_Process_2025,Lamellipodium Organization (GO:0097581),1/30,0.1345029365993388,0.1805170991201653,0,0,7.214156079854809,14.472818068487964,KIT
GO_Biological_Process_2025,Mitotic G2 DNA Damage Checkpoint Signaling (GO:0007095),1/30,0.1345029365993388,0.1805170991201653,0,0,7.214156079854809,14.472818068487964,PLK1
GO_Biological_Process_2025,Negative Regulation of Notch Signaling Pathway (GO:0045746),1/30,0.1345029365993388,0.1805170991201653,0,0,7.214156079854809,14.472818068487964,MMP14
GO_Biological_Process_2025,Negative Regulation of Ossification (GO:0030279),1/30,0.1345029365993388,0.1805170991201653,0,0,7.214156079854809,14.472818068487964,SOST
GO_Biological_Process_2025,Peptide Hormone Processing (GO:0016486),1/30,0.1345029365993388,0.1805170991201653,0,0,7.214156079854809,14.472818068487964,DPP4
GO_Biological_Process_2025,Positive Regulation of Catalytic Activity (GO:0043085),1/30,0.1345029365993388,0.1805170991201653,0,0,7.214156079854809,14.472818068487964,MAPK14
GO_Biological_Process_2025,Positive Regulation of Microtubule Polymerization (GO:0031116),1/30,0.1345029365993388,0.1805170991201653,0,0,7.214156079854809,14.472818068487964,MAPT
GO_Biological_Process_2025,Regulation of Bone Resorption (GO:0045124),1/30,0.1345029365993388,0.1805170991201653,0,0,7.214156079854809,14.472818068487964,SRC
GO_Biological_Process_2025,Mitochondrion Organization (GO:0007005),2/135,0.1372448158656564,0.1840456363950298,0,0,3.162853943369061,6.281393047707864,GSK3B;TERT
GO_Biological_Process_2025,Artery Morphogenesis (GO:0048844),1/31,0.1386635571508699,0.1850359160018149,0,0,6.973333333333334,13.77724766471137,VEGFA
GO_Biological_Process_2025,Regulation of Spindle Assembly (GO:0090169),1/31,0.1386635571508699,0.1850359160018149,0,0,6.973333333333334,13.77724766471137,PLK1
GO_Biological_Process_2025,Establishment of Mitotic Spindle Orientation (GO:0000132),1/31,0.1386635571508699,0.1850359160018149,0,0,6.973333333333334,13.77724766471137,PLK1
GO_Biological_Process_2025,Negative Regulation of Blood Coagulation (GO:0030195),1/31,0.1386635571508699,0.1850359160018149,0,0,6.973333333333334,13.77724766471137,SERPINE1
GO_Biological_Process_2025,Negative Regulation of Carbohydrate Metabolic Process (GO:0045912),1/31,0.1386635571508699,0.1850359160018149,0,0,6.973333333333334,13.77724766471137,SIRT6
GO_Biological_Process_2025,Positive Regulation of Signaling (GO:0023056),1/31,0.1386635571508699,0.1850359160018149,0,0,6.973333333333334,13.77724766471137,SNCA
GO_Biological_Process_2025,Receptor-Mediated Endocytosis (GO:0006898),2/136,0.1388785471422912,0.1851713961897216,0,0,3.13909177516672,6.197055259581092,DPP4;SNCA
GO_Biological_Process_2025,Regulation of Canonical NF-kappaB Signal Transduction (GO:0043122),3/270,0.140461070853011,0.1871285450058073,0,0,2.372477950948411,4.656758807214455,STAT1;ESR1;VEGFA
GO_Biological_Process_2025,Regulation of Lamellipodium Assembly (GO:0010591),1/32,0.1428043841681324,0.1881006900422857,0,0,6.74804753820034,13.1335867781803,PIK3CA
GO_Biological_Process_2025,Regulation of Metaphase/Anaphase Transition of Cell Cycle (GO:1902099),1/32,0.1428043841681324,0.1881006900422857,0,0,6.74804753820034,13.1335867781803,PLK1
GO_Biological_Process_2025,Apoptotic Mitochondrial Changes (GO:0008637),1/32,0.1428043841681324,0.1881006900422857,0,0,6.74804753820034,13.1335867781803,BCL2
GO_Biological_Process_2025,Regulation of Postsynapse Organization (GO:0099175),1/32,0.1428043841681324,0.1881006900422857,0,0,6.74804753820034,13.1335867781803,APP
GO_Biological_Process_2025,Respiratory System Development (GO:0060541),1/32,0.1428043841681324,0.1881006900422857,0,0,6.74804753820034,13.1335867781803,VEGFA
GO_Biological_Process_2025,Response to Amino Acid (GO:0043200),1/32,0.1428043841681324,0.1881006900422857,0,0,6.74804753820034,13.1335867781803,MTOR
GO_Biological_Process_2025,Response to Estrogen (GO:0043627),1/32,0.1428043841681324,0.1881006900422857,0,0,6.74804753820034,13.1335867781803,ESR1
GO_Biological_Process_2025,Extrinsic Apoptotic Signaling Pathway via Death Domain Receptors (GO:0008625),1/32,0.1428043841681324,0.1881006900422857,0,0,6.74804753820034,13.1335867781803,BCL2
GO_Biological_Process_2025,Lipid Droplet Organization (GO:0034389),1/32,0.1428043841681324,0.1881006900422857,0,0,6.74804753820034,13.1335867781803,PRKAA2
GO_Biological_Process_2025,Membrane Depolarization (GO:0051899),1/32,0.1428043841681324,0.1881006900422857,0,0,6.74804753820034,13.1335867781803,KCNH2
GO_Biological_Process_2025,Mitochondrial Membrane Organization (GO:0007006),1/32,0.1428043841681324,0.1881006900422857,0,0,6.74804753820034,13.1335867781803,BCL2
GO_Biological_Process_2025,Nuclear Receptor-Mediated Signaling Pathway (GO:0141193),1/32,0.1428043841681324,0.1881006900422857,0,0,6.74804753820034,13.1335867781803,ESR1
GO_Biological_Process_2025,Purine Ribonucleoside Triphosphate Metabolic Process (GO:0009205),1/32,0.1428043841681324,0.1881006900422857,0,0,6.74804753820034,13.1335867781803,NADK
GO_Biological_Process_2025,Pyridine Nucleotide Catabolic Process (GO:0019364),1/32,0.1428043841681324,0.1881006900422857,0,0,6.74804753820034,13.1335867781803,PKM
GO_Biological_Process_2025,B Cell Receptor Signaling Pathway (GO:0050853),1/33,0.1469255107829,0.1925963322069822,0,0,6.536842105263158,12.5365489531719,BCL2
GO_Biological_Process_2025,Signal Release From Synapse (GO:0099643),1/33,0.1469255107829,0.1925963322069822,0,0,6.536842105263158,12.5365489531719,SNCA
GO_Biological_Process_2025,Heme Metabolic Process (GO:0042168),1/33,0.1469255107829,0.1925963322069822,0,0,6.536842105263158,12.5365489531719,ABCC1
GO_Biological_Process_2025,Positive Regulation of Notch Signaling Pathway (GO:0045747),1/33,0.1469255107829,0.1925963322069822,0,0,6.536842105263158,12.5365489531719,SRC
GO_Biological_Process_2025,Positive Regulation of Cell Development (GO:0010720),1/33,0.1469255107829,0.1925963322069822,0,0,6.536842105263158,12.5365489531719,MMP12
GO_Biological_Process_2025,Positive Regulation of Interleukin-12 Production (GO:0032735),1/33,0.1469255107829,0.1925963322069822,0,0,6.536842105263158,12.5365489531719,MAPK14
GO_Biological_Process_2025,Cellular Response to Starvation (GO:0009267),2/141,0.1471103572238962,0.1926838707780085,0,0,3.0254094596663097,5.79841579847934,PRKAA2;MTOR
GO_Biological_Process_2025,Protein Homooligomerization (GO:0051260),2/143,0.1504311271338151,0.195771336446081,0,0,2.982194054625019,5.649020868943953,APP;MAPT
GO_Biological_Process_2025,Regulation of Gluconeogenesis (GO:0006111),1/34,0.151027029770598,0.195771336446081,0,0,6.3384370015948965,11.98152498220752,SIRT6
GO_Biological_Process_2025,Regulation of Protein Polymerization (GO:0032271),1/34,0.151027029770598,0.195771336446081,0,0,6.3384370015948965,11.98152498220752,MAPT
GO_Biological_Process_2025,Cellular Response to Osmotic Stress (GO:0071470),1/34,0.151027029770598,0.195771336446081,0,0,6.3384370015948965,11.98152498220752,MTOR
GO_Biological_Process_2025,Response to Exogenous dsRNA (GO:0043330),1/34,0.151027029770598,0.195771336446081,0,0,6.3384370015948965,11.98152498220752,STING1
GO_Biological_Process_2025,Sarcomere Organization (GO:0045214),1/34,0.151027029770598,0.195771336446081,0,0,6.3384370015948965,11.98152498220752,TTR
GO_Biological_Process_2025,Tumor Necrosis Factor-Mediated Signaling Pathway (GO:0033209),1/34,0.151027029770598,0.195771336446081,0,0,6.3384370015948965,11.98152498220752,STAT1
GO_Biological_Process_2025,Lung Development (GO:0030324),1/34,0.151027029770598,0.195771336446081,0,0,6.3384370015948965,11.98152498220752,VEGFA
GO_Biological_Process_2025,Membrane Protein Proteolysis (GO:0033619),1/34,0.151027029770598,0.195771336446081,0,0,6.3384370015948965,11.98152498220752,BACE1
GO_Biological_Process_2025,Negative Regulation of Small Molecule Metabolic Process (GO:0062014),1/34,0.151027029770598,0.195771336446081,0,0,6.3384370015948965,11.98152498220752,SIRT6
GO_Biological_Process_2025,Positive Regulation of Establishment of Protein Localization (GO:1904951),1/34,0.151027029770598,0.195771336446081,0,0,6.3384370015948965,11.98152498220752,FYN
GO_Biological_Process_2025,Positive Regulation of Transcription by RNA Polymerase I (GO:0045943),1/34,0.151027029770598,0.195771336446081,0,0,6.3384370015948965,11.98152498220752,MTOR
GO_Biological_Process_2025,Regulation of Cell Cycle Phase Transition (GO:1901987),1/34,0.151027029770598,0.195771336446081,0,0,6.3384370015948965,11.98152498220752,PLK1
GO_Biological_Process_2025,Regulation of Neuronal Synaptic Plasticity (GO:0048168),1/35,0.1551090334319401,0.1997931669778423,0,0,6.151702786377709,11.464479210986868,APP
GO_Biological_Process_2025,Smoothened Signaling Pathway (GO:0007224),1/35,0.1551090334319401,0.1997931669778423,0,0,6.151702786377709,11.464479210986868,DYRK2
GO_Biological_Process_2025,Toll-Like Receptor Signaling Pathway (GO:0002224),1/35,0.1551090334319401,0.1997931669778423,0,0,6.151702786377709,11.464479210986868,RPS6KA3
GO_Biological_Process_2025,Intracellular Receptor Signaling Pathway (GO:0030522),1/35,0.1551090334319401,0.1997931669778423,0,0,6.151702786377709,11.464479210986868,STING1
GO_Biological_Process_2025,Negative Regulation of Osteoblast Differentiation (GO:0045668),1/35,0.1551090334319401,0.1997931669778423,0,0,6.151702786377709,11.464479210986868,GSK3B
GO_Biological_Process_2025,Neurotransmitter Secretion (GO:0007269),1/35,0.1551090334319401,0.1997931669778423,0,0,6.151702786377709,11.464479210986868,SNCA
GO_Biological_Process_2025,Positive Regulation of Axonogenesis (GO:0050772),1/35,0.1551090334319401,0.1997931669778423,0,0,6.151702786377709,11.464479210986868,MAPT
GO_Biological_Process_2025,Positive Regulation of Cytokine Production Involved in Immune Response (GO:0002720),1/35,0.1551090334319401,0.1997931669778423,0,0,6.151702786377709,11.464479210986868,KIT
GO_Biological_Process_2025,Organelle Organization (GO:0006996),4/437,0.1585806427676902,0.2032614033190633,0,0,1.955115975499548,3.6003304824539724,GSK3B;DYRK3;TERT;MTOR
GO_Biological_Process_2025,Regulation of Type I Interferon-Mediated Signaling Pathway (GO:0060338),1/36,0.1591716136285312,0.2032614033190633,0,0,5.975639097744361,10.981864174896383,STING1
GO_Biological_Process_2025,Regulatory ncRNA Processing (GO:0070918),1/36,0.1591716136285312,0.2032614033190633,0,0,5.975639097744361,10.981864174896383,TERT
GO_Biological_Process_2025,Sister Chromatid Segregation (GO:0000819),1/36,0.1591716136285312,0.2032614033190633,0,0,5.975639097744361,10.981864174896383,PLK1
GO_Biological_Process_2025,Establishment of Mitotic Spindle Localization (GO:0040001),1/36,0.1591716136285312,0.2032614033190633,0,0,5.975639097744361,10.981864174896383,PLK1
GO_Biological_Process_2025,Glutamate Receptor Signaling Pathway (GO:0007215),1/36,0.1591716136285312,0.2032614033190633,0,0,5.975639097744361,10.981864174896383,FYN
GO_Biological_Process_2025,Negative Regulation of Double-Strand Break Repair (GO:2000780),1/36,0.1591716136285312,0.2032614033190633,0,0,5.975639097744361,10.981864174896383,PLK1
GO_Biological_Process_2025,Negative Regulation of Epithelial to Mesenchymal Transition (GO:0010719),1/36,0.1591716136285312,0.2032614033190633,0,0,5.975639097744361,10.981864174896383,GSK3B
GO_Biological_Process_2025,Peptidyl-Threonine Phosphorylation (GO:0018107),1/36,0.1591716136285312,0.2032614033190633,0,0,5.975639097744361,10.981864174896383,DYRK1A
GO_Biological_Process_2025,Positive Regulation of RNA Splicing (GO:0033120),1/36,0.1591716136285312,0.2032614033190633,0,0,5.975639097744361,10.981864174896383,DYRK1A
GO_Biological_Process_2025,Positive Regulation of Release of Sequestered Calcium Ion Into Cytosol (GO:0051281),1/36,0.1591716136285312,0.2032614033190633,0,0,5.975639097744361,10.981864174896383,SNCA
GO_Biological_Process_2025,Regulation of Receptor Internalization (GO:0002090),1/37,0.1632148618429656,0.206645969377595,0,0,5.809356725146199,10.53054991851772,VEGFA
GO_Biological_Process_2025,Regulation of Release of Cytochrome C From Mitochondria (GO:0090199),1/37,0.1632148618429656,0.206645969377595,0,0,5.809356725146199,10.53054991851772,MMP9
GO_Biological_Process_2025,Cardiac Muscle Cell Action Potential (GO:0086001),1/37,0.1632148618429656,0.206645969377595,0,0,5.809356725146199,10.53054991851772,KCNH2
GO_Biological_Process_2025,Cardiac Muscle Cell Action Potential Involved in Contraction (GO:0086002),1/37,0.1632148618429656,0.206645969377595,0,0,5.809356725146199,10.53054991851772,KCNH2
GO_Biological_Process_2025,Cellular Response to Glucose Stimulus (GO:0071333),1/37,0.1632148618429656,0.206645969377595,0,0,5.809356725146199,10.53054991851772,PRKAA2
GO_Biological_Process_2025,Intrinsic Apoptotic Signaling Pathway by P53 Class Mediator (GO:0072332),1/37,0.1632148618429656,0.206645969377595,0,0,5.809356725146199,10.53054991851772,DYRK2
GO_Biological_Process_2025,Microtubule Polymerization (GO:0046785),1/37,0.1632148618429656,0.206645969377595,0,0,5.809356725146199,10.53054991851772,MAPT
GO_Biological_Process_2025,Muscle Cell Differentiation (GO:0042692),1/37,0.1632148618429656,0.206645969377595,0,0,5.809356725146199,10.53054991851772,KDM1A
GO_Biological_Process_2025,Phosphatidylinositol Phosphate Biosynthetic Process (GO:0046854),1/37,0.1632148618429656,0.206645969377595,0,0,5.809356725146199,10.53054991851772,PIK3CA
GO_Biological_Process_2025,Positive Regulation of Interferon-Beta Production (GO:0032728),1/37,0.1632148618429656,0.206645969377595,0,0,5.809356725146199,10.53054991851772,STING1
GO_Biological_Process_2025,Regulation of G2/M Transition of Mitotic Cell Cycle (GO:0010389),1/37,0.1632148618429656,0.206645969377595,0,0,5.809356725146199,10.53054991851772,CDK2
GO_Biological_Process_2025,Protein Localization to Organelle (GO:0033365),2/151,0.1638596840064736,0.2073015537198177,0,0,2.820933885477652,5.102349504135931,PRKAA2;STING1
GO_Biological_Process_2025,Axon Guidance (GO:0007411),2/152,0.1655534397665309,0.2092821175050181,0,0,2.801985815602837,5.039262877090136,FYN;VEGFA
GO_Biological_Process_2025,O-glycan Processing (GO:0016266),1/38,0.1672388690603558,0.2099491033126928,0,0,5.652062588904694,10.107765156158749,ST3GAL3
GO_Biological_Process_2025,Regulation of Intracellular Protein Transport (GO:0033157),1/38,0.1672388690603558,0.2099491033126928,0,0,5.652062588904694,10.107765156158749,GSK3B
GO_Biological_Process_2025,Aortic Valve Morphogenesis (GO:0003180),1/38,0.1672388690603558,0.2099491033126928,0,0,5.652062588904694,10.107765156158749,ADAMTS5
GO_Biological_Process_2025,Regulation of Potassium Ion Transport (GO:0043266),1/38,0.1672388690603558,0.2099491033126928,0,0,5.652062588904694,10.107765156158749,KCNH2
GO_Biological_Process_2025,Negative Regulation of Transport (GO:0051051),1/38,0.1672388690603558,0.2099491033126928,0,0,5.652062588904694,10.107765156158749,SNCA
GO_Biological_Process_2025,Positive Regulation of Bone Mineralization (GO:0030501),1/38,0.1672388690603558,0.2099491033126928,0,0,5.652062588904694,10.107765156158749,ALOX5
GO_Biological_Process_2025,Positive Regulation of Exocytosis (GO:0045921),1/38,0.1672388690603558,0.2099491033126928,0,0,5.652062588904694,10.107765156158749,SNCA
GO_Biological_Process_2025,Positive Regulation of Reproductive Process (GO:2000243),1/38,0.1672388690603558,0.2099491033126928,0,0,5.652062588904694,10.107765156158749,VEGFA
GO_Biological_Process_2025,Regulation of Axonogenesis (GO:0050770),1/38,0.1672388690603558,0.2099491033126928,0,0,5.652062588904694,10.107765156158749,GSK3B
GO_Biological_Process_2025,Negative Regulation of Response to External Stimulus (GO:0032102),2/154,0.1689503097584346,0.2119345930251847,0,0,2.764837625979843,4.916297773094317,ALOX5;SERPINE1
GO_Biological_Process_2025,Regulation of Metal Ion Transport (GO:0010959),1/39,0.1712437259129061,0.2139890970060205,0,0,5.503047091412743,9.711048020338644,BCL2
GO_Biological_Process_2025,Negative Regulation of G Protein-Coupled Receptor Signaling Pathway (GO:0045744),1/39,0.1712437259129061,0.2139890970060205,0,0,5.503047091412743,9.711048020338644,SNCA
GO_Biological_Process_2025,Phosphatidylinositol 3-Kinase/Protein Kinase B Signal Transduction (GO:0043491),1/39,0.1712437259129061,0.2139890970060205,0,0,5.503047091412743,9.711048020338644,PIK3CA
GO_Biological_Process_2025,Positive Regulation of Extrinsic Apoptotic Signaling Pathway (GO:2001238),1/39,0.1712437259129061,0.2139890970060205,0,0,5.503047091412743,9.711048020338644,APP
GO_Biological_Process_2025,Positive Regulation of Transferase Activity (GO:0051347),1/39,0.1712437259129061,0.2139890970060205,0,0,5.503047091412743,9.711048020338644,PLK1
GO_Biological_Process_2025,Regulation of Cytokine-Mediated Signaling Pathway (GO:0001959),1/40,0.1752295225708418,0.2168116609822697,0,0,5.361673414304994,9.338204649149848,AXL
GO_Biological_Process_2025,Regulation of Potassium Ion Transmembrane Transport (GO:1901379),1/40,0.1752295225708418,0.2168116609822697,0,0,5.361673414304994,9.338204649149848,KCNH2
GO_Biological_Process_2025,Carbohydrate Catabolic Process (GO:0016052),1/40,0.1752295225708418,0.2168116609822697,0,0,5.361673414304994,9.338204649149848,PKM
GO_Biological_Process_2025,Constitutive Heterochromatin Formation (GO:0140719),1/40,0.1752295225708418,0.2168116609822697,0,0,5.361673414304994,9.338204649149848,SIRT6
GO_Biological_Process_2025,Establishment of Spindle Orientation (GO:0051294),1/40,0.1752295225708418,0.2168116609822697,0,0,5.361673414304994,9.338204649149848,PLK1
GO_Biological_Process_2025,Fibroblast Growth Factor Receptor Signaling Pathway (GO:0008543),1/40,0.1752295225708418,0.2168116609822697,0,0,5.361673414304994,9.338204649149848,FGFR1
GO_Biological_Process_2025,Negative Regulation of Cell-Cell Adhesion (GO:0022408),1/40,0.1752295225708418,0.2168116609822697,0,0,5.361673414304994,9.338204649149848,VEGFA
GO_Biological_Process_2025,Negative Regulation of Proteolysis (GO:0045861),1/40,0.1752295225708418,0.2168116609822697,0,0,5.361673414304994,9.338204649149848,HDAC6
GO_Biological_Process_2025,Positive Regulation of Lipid Biosynthetic Process (GO:0046889),1/40,0.1752295225708418,0.2168116609822697,0,0,5.361673414304994,9.338204649149848,MTOR
GO_Biological_Process_2025,Positive Regulation of Proteolysis Involved in Protein Catabolic Process (GO:1903052),1/40,0.1752295225708418,0.2168116609822697,0,0,5.361673414304994,9.338204649149848,MTOR
GO_Biological_Process_2025,Positive Regulation of Stem Cell Population Maintenance (GO:1902459),1/40,0.1752295225708418,0.2168116609822697,0,0,5.361673414304994,9.338204649149848,SIRT6
GO_Biological_Process_2025,Positive Regulation of Viral Process (GO:0048524),1/40,0.1752295225708418,0.2168116609822697,0,0,5.361673414304994,9.338204649149848,AXL
GO_Biological_Process_2025,Regulation of Apoptotic Signaling Pathway (GO:2001233),1/40,0.1752295225708418,0.2168116609822697,0,0,5.361673414304994,9.338204649149848,BCL2
GO_Biological_Process_2025,Regulation of Mitotic Spindle Organization (GO:0060236),1/41,0.1791963488077396,0.2195558868275007,0,0,5.227368421052631,8.987274190321951,PLK1
GO_Biological_Process_2025,Aortic Valve Development (GO:0003176),1/41,0.1791963488077396,0.2195558868275007,0,0,5.227368421052631,8.987274190321951,ADAMTS5
GO_Biological_Process_2025,Regulation of Protein Import Into Nucleus (GO:0042306),1/41,0.1791963488077396,0.2195558868275007,0,0,5.227368421052631,8.987274190321951,SIRT6
GO_Biological_Process_2025,Connective Tissue Development (GO:0061448),1/41,0.1791963488077396,0.2195558868275007,0,0,5.227368421052631,8.987274190321951,DYRK1B
GO_Biological_Process_2025,Vitamin Transport (GO:0051180),1/41,0.1791963488077396,0.2195558868275007,0,0,5.227368421052631,8.987274190321951,ABCG2
GO_Biological_Process_2025,Negative Regulation of DNA Metabolic Process (GO:0051053),1/41,0.1791963488077396,0.2195558868275007,0,0,5.227368421052631,8.987274190321951,SRC
GO_Biological_Process_2025,Negative Regulation of Kinase Activity (GO:0033673),1/41,0.1791963488077396,0.2195558868275007,0,0,5.227368421052631,8.987274190321951,SNCA
GO_Biological_Process_2025,Negative Regulation of Secretion by Cell (GO:1903531),1/41,0.1791963488077396,0.2195558868275007,0,0,5.227368421052631,8.987274190321951,SNCA
GO_Biological_Process_2025,Organelle Transport Along Microtubule (GO:0072384),1/41,0.1791963488077396,0.2195558868275007,0,0,5.227368421052631,8.987274190321951,MAPT
GO_Biological_Process_2025,Positive Regulation of DNA Biosynthetic Process (GO:2000573),1/41,0.1791963488077396,0.2195558868275007,0,0,5.227368421052631,8.987274190321951,VEGFA
GO_Biological_Process_2025,Positive Regulation of Immune System Process (GO:0002684),1/41,0.1791963488077396,0.2195558868275007,0,0,5.227368421052631,8.987274190321951,VEGFA
GO_Biological_Process_2025,Positive Regulation of Insulin Secretion (GO:0032024),1/41,0.1791963488077396,0.2195558868275007,0,0,5.227368421052631,8.987274190321951,SIRT6
GO_Biological_Process_2025,Positive Regulation of Myoblast Differentiation (GO:0045663),1/41,0.1791963488077396,0.2195558868275007,0,0,5.227368421052631,8.987274190321951,MAPK14
GO_Biological_Process_2025,Macroautophagy (GO:0016236),2/162,0.1826527580268631,0.2218942002128249,0,0,2.625531914893617,4.463846462605822,STING1;SRC
GO_Biological_Process_2025,Blood Vessel Diameter Maintenance (GO:0097746),1/42,0.1831442939256588,0.2218942002128249,0,0,5.099614890885751,8.656499106359142,SRC
GO_Biological_Process_2025,Regulation of Receptor-Mediated Endocytosis (GO:0048259),1/42,0.1831442939256588,0.2218942002128249,0,0,5.099614890885751,8.656499106359142,SERPINE1
GO_Biological_Process_2025,Cellular Response to Retinoic Acid (GO:0071300),1/42,0.1831442939256588,0.2218942002128249,0,0,5.099614890885751,8.656499106359142,GSK3B
GO_Biological_Process_2025,Response to cAMP (GO:0051591),1/42,0.1831442939256588,0.2218942002128249,0,0,5.099614890885751,8.656499106359142,STAT1
GO_Biological_Process_2025,Ribosome Assembly (GO:0042255),1/42,0.1831442939256588,0.2218942002128249,0,0,5.099614890885751,8.656499106359142,RPSA
GO_Biological_Process_2025,Defense Response to Fungus (GO:0050832),1/42,0.1831442939256588,0.2218942002128249,0,0,5.099614890885751,8.656499106359142,APP
GO_Biological_Process_2025,Digestive Tract Development (GO:0048565),1/42,0.1831442939256588,0.2218942002128249,0,0,5.099614890885751,8.656499106359142,KIT
GO_Biological_Process_2025,Type I Interferon-Mediated Signaling Pathway (GO:0060337),1/42,0.1831442939256588,0.2218942002128249,0,0,5.099614890885751,8.656499106359142,STAT1
GO_Biological_Process_2025,Lipid Catabolic Process (GO:0016042),1/42,0.1831442939256588,0.2218942002128249,0,0,5.099614890885751,8.656499106359142,CYP1B1
GO_Biological_Process_2025,Negative Regulation of DNA Recombination (GO:0045910),1/42,0.1831442939256588,0.2218942002128249,0,0,5.099614890885751,8.656499106359142,PLK1
GO_Biological_Process_2025,Positive Regulation of Ossification (GO:0045778),1/42,0.1831442939256588,0.2218942002128249,0,0,5.099614890885751,8.656499106359142,ALOX5
GO_Biological_Process_2025,Potassium Ion Import Across Plasma Membrane (GO:1990573),1/42,0.1831442939256588,0.2218942002128249,0,0,5.099614890885751,8.656499106359142,KCNH2
GO_Biological_Process_2025,Regulation of Cellular Component Size (GO:0032535),1/42,0.1831442939256588,0.2218942002128249,0,0,5.099614890885751,8.656499106359142,MTOR
GO_Biological_Process_2025,Regulation of Chromosome Organization (GO:0033044),1/42,0.1831442939256588,0.2218942002128249,0,0,5.099614890885751,8.656499106359142,MAPT
GO_Biological_Process_2025,Regulation of Dendrite Development (GO:0050773),1/43,0.1870734468887621,0.2251503431581562,0,0,4.977944862155389,8.344299863156749,GSK3B
GO_Biological_Process_2025,DNA Recombination (GO:0006310),1/43,0.1870734468887621,0.2251503431581562,0,0,4.977944862155389,8.344299863156749,RAD52
GO_Biological_Process_2025,Regulation of Peptidyl-Tyrosine Phosphorylation (GO:0050730),1/43,0.1870734468887621,0.2251503431581562,0,0,4.977944862155389,8.344299863156749,VEGFA
GO_Biological_Process_2025,Cellular Response to Glucose Starvation (GO:0042149),1/43,0.1870734468887621,0.2251503431581562,0,0,4.977944862155389,8.344299863156749,PRKAA2
GO_Biological_Process_2025,Cellular Response to Type I Interferon (GO:0071357),1/43,0.1870734468887621,0.2251503431581562,0,0,4.977944862155389,8.344299863156749,STAT1
GO_Biological_Process_2025,Synaptic Vesicle Exocytosis (GO:0016079),1/43,0.1870734468887621,0.2251503431581562,0,0,4.977944862155389,8.344299863156749,SNCA
GO_Biological_Process_2025,Mitochondrial Transport (GO:0006839),1/43,0.1870734468887621,0.2251503431581562,0,0,4.977944862155389,8.344299863156749,BCL2
GO_Biological_Process_2025,Positive Regulation of Biomineral Tissue Development (GO:0070169),1/43,0.1870734468887621,0.2251503431581562,0,0,4.977944862155389,8.344299863156749,ALOX5
GO_Biological_Process_2025,"Positive Regulation of Gene Expression, Epigenetic (GO:0141137)",1/43,0.1870734468887621,0.2251503431581562,0,0,4.977944862155389,8.344299863156749,APP
GO_Biological_Process_2025,Regulation of Monoatomic Cation Transmembrane Transport (GO:1904062),1/44,0.1909838962017475,0.228341185788463,0,0,4.861933904528764,8.049253281298896,KCNH2
GO_Biological_Process_2025,Regulation of Ossification (GO:0030278),1/44,0.1909838962017475,0.228341185788463,0,0,4.861933904528764,8.049253281298896,SOST
GO_Biological_Process_2025,Bone Development (GO:0060348),1/44,0.1909838962017475,0.228341185788463,0,0,4.861933904528764,8.049253281298896,MMP13
GO_Biological_Process_2025,Carbohydrate Derivative Biosynthetic Process (GO:1901137),1/44,0.1909838962017475,0.228341185788463,0,0,4.861933904528764,8.049253281298896,FUT4
GO_Biological_Process_2025,Response to Amino Acid Starvation (GO:1990928),1/44,0.1909838962017475,0.228341185788463,0,0,4.861933904528764,8.049253281298896,MTOR
GO_Biological_Process_2025,Learning (GO:0007612),1/44,0.1909838962017475,0.228341185788463,0,0,4.861933904528764,8.049253281298896,FYN
GO_Biological_Process_2025,Peptidyl-Threonine Modification (GO:0018210),1/44,0.1909838962017475,0.228341185788463,0,0,4.861933904528764,8.049253281298896,DYRK1A
GO_Biological_Process_2025,Regulated Exocytosis (GO:0045055),1/44,0.1909838962017475,0.228341185788463,0,0,4.861933904528764,8.049253281298896,SNCA
GO_Biological_Process_2025,Regulation of Autophagosome Assembly (GO:2000785),1/44,0.1909838962017475,0.228341185788463,0,0,4.861933904528764,8.049253281298896,MTOR
GO_Biological_Process_2025,Cellular Response to Ketone (GO:1901655),1/45,0.1948757299505316,0.2318055330023817,0,0,4.751196172248804,7.770073939870431,SRC
GO_Biological_Process_2025,Collagen Fibril Organization (GO:0030199),1/45,0.1948757299505316,0.2318055330023817,0,0,4.751196172248804,7.770073939870431,CYP1B1
GO_Biological_Process_2025,Synaptic Vesicle Cycle (GO:0099504),1/45,0.1948757299505316,0.2318055330023817,0,0,4.751196172248804,7.770073939870431,SNCA
GO_Biological_Process_2025,Negative Regulation of BMP Signaling Pathway (GO:0030514),1/45,0.1948757299505316,0.2318055330023817,0,0,4.751196172248804,7.770073939870431,SOST
GO_Biological_Process_2025,Negative Regulation of Biosynthetic Process (GO:0009890),1/45,0.1948757299505316,0.2318055330023817,0,0,4.751196172248804,7.770073939870431,SIRT6
GO_Biological_Process_2025,Positive Regulation of Calcium Ion Transmembrane Transport (GO:1904427),1/45,0.1948757299505316,0.2318055330023817,0,0,4.751196172248804,7.770073939870431,SNCA
GO_Biological_Process_2025,Regulation of B Cell Proliferation (GO:0030888),1/45,0.1948757299505316,0.2318055330023817,0,0,4.751196172248804,7.770073939870431,BCL2
GO_Biological_Process_2025,T Cell Differentiation (GO:0030217),1/46,0.1987490358238112,0.2350423380177246,0,0,4.645380116959064,7.505598149262955,KIT
GO_Biological_Process_2025,Regulation of Osteoclast Differentiation (GO:0045670),1/46,0.1987490358238112,0.2350423380177246,0,0,4.645380116959064,7.505598149262955,MTOR
GO_Biological_Process_2025,Regulation of Transport (GO:0051049),1/46,0.1987490358238112,0.2350423380177246,0,0,4.645380116959064,7.505598149262955,SNCA
GO_Biological_Process_2025,Central Nervous System Neuron Differentiation (GO:0021953),1/46,0.1987490358238112,0.2350423380177246,0,0,4.645380116959064,7.505598149262955,MAPT
GO_Biological_Process_2025,Development of Primary Male Sexual Characteristics (GO:0046546),1/46,0.1987490358238112,0.2350423380177246,0,0,4.645380116959064,7.505598149262955,KIT
GO_Biological_Process_2025,Macromolecule Catabolic Process (GO:0009057),1/46,0.1987490358238112,0.2350423380177246,0,0,4.645380116959064,7.505598149262955,MMP14
GO_Biological_Process_2025,Male Gonad Development (GO:0008584),1/46,0.1987490358238112,0.2350423380177246,0,0,4.645380116959064,7.505598149262955,KIT
GO_Biological_Process_2025,Regulation of Calcium-Mediated Signaling (GO:0050848),1/46,0.1987490358238112,0.2350423380177246,0,0,4.645380116959064,7.505598149262955,MAPT
GO_Biological_Process_2025,Regulation of Cytokine Production (GO:0001817),2/172,0.2000010932081214,0.2361807410388236,0,0,2.469837296620776,3.975036282531163,ALOX5;MAPK14
GO_Biological_Process_2025,Nitrogen Compound Transport (GO:0071705),2/172,0.2000010932081214,0.2361807410388236,0,0,2.469837296620776,3.975036282531163,ABCC1;ABCG2
GO_Biological_Process_2025,Membrane Organization (GO:0061024),2/173,0.2017472560078489,0.2376175983493049,0,0,2.455269379121563,3.930246857233014,DPP4;SYNJ2
GO_Biological_Process_2025,Cell Surface Receptor Signaling Pathway via JAK-STAT (GO:0007259),1/47,0.20260390111696,0.2376175983493049,0,0,4.5441647597254,7.254770090703806,STAT1
GO_Biological_Process_2025,Cellular Response to Amino Acid Starvation (GO:0034198),1/47,0.20260390111696,0.2376175983493049,0,0,4.5441647597254,7.254770090703806,MTOR
GO_Biological_Process_2025,Cellular Response to Radiation (GO:0071478),1/47,0.20260390111696,0.2376175983493049,0,0,4.5441647597254,7.254770090703806,MAPK14
GO_Biological_Process_2025,Cellular Response to Type II Interferon (GO:0071346),1/47,0.20260390111696,0.2376175983493049,0,0,4.5441647597254,7.254770090703806,STAT1
GO_Biological_Process_2025,Double-Strand Break Repair via Nonhomologous End Joining (GO:0006303),1/47,0.20260390111696,0.2376175983493049,0,0,4.5441647597254,7.254770090703806,PLK1
GO_Biological_Process_2025,Stem Cell Differentiation (GO:0048863),1/47,0.20260390111696,0.2376175983493049,0,0,4.5441647597254,7.254770090703806,KIT
GO_Biological_Process_2025,Mitotic Nuclear Division (GO:0140014),1/47,0.20260390111696,0.2376175983493049,0,0,4.5441647597254,7.254770090703806,PLK1
GO_Biological_Process_2025,Negative Regulation of Cold-Induced Thermogenesis (GO:0120163),1/47,0.20260390111696,0.2376175983493049,0,0,4.5441647597254,7.254770090703806,ADAMTS5
GO_Biological_Process_2025,Chromatin Organization (GO:0006325),3/323,0.2026738338861718,0.2376175983493049,0,0,1.9741935483870967,3.1511234867888778,DNMT1;SIRT6;ESR1
GO_Biological_Process_2025,Regulation of Exocytosis (GO:0017157),1/48,0.2064404126728171,0.2399649241325053,0,0,4.447256438969765,7.016629791356106,SNCA
GO_Biological_Process_2025,Blood Circulation (GO:0008015),1/48,0.2064404126728171,0.2399649241325053,0,0,4.447256438969765,7.016629791356106,STAT1
GO_Biological_Process_2025,Membrane Lipid Biosynthetic Process (GO:0046467),1/48,0.2064404126728171,0.2399649241325053,0,0,4.447256438969765,7.016629791356106,ABCG2
GO_Biological_Process_2025,Mitophagy (GO:0000423),1/48,0.2064404126728171,0.2399649241325053,0,0,4.447256438969765,7.016629791356106,HDAC6
GO_Biological_Process_2025,Mitotic G2/M Transition Checkpoint (GO:0044818),1/48,0.2064404126728171,0.2399649241325053,0,0,4.447256438969765,7.016629791356106,PLK1
GO_Biological_Process_2025,Natural Killer Cell Activation (GO:0030101),1/48,0.2064404126728171,0.2399649241325053,0,0,4.447256438969765,7.016629791356106,FYN
GO_Biological_Process_2025,Positive Regulation of Innate Immune Response (GO:0045089),1/48,0.2064404126728171,0.2399649241325053,0,0,4.447256438969765,7.016629791356106,STING1
GO_Biological_Process_2025,Positive Regulation of Leukocyte Cell-Cell Adhesion (GO:1903039),1/48,0.2064404126728171,0.2399649241325053,0,0,4.447256438969765,7.016629791356106,FUT7
GO_Biological_Process_2025,Positive Regulation of Peptide Hormone Secretion (GO:0090277),1/48,0.2064404126728171,0.2399649241325053,0,0,4.447256438969765,7.016629791356106,SIRT6
GO_Biological_Process_2025,Post-Translational Protein Modification (GO:0043687),1/48,0.2064404126728171,0.2399649241325053,0,0,4.447256438969765,7.016629791356106,CDK2
GO_Biological_Process_2025,Primary Alcohol Metabolic Process (GO:0034308),1/48,0.2064404126728171,0.2399649241325053,0,0,4.447256438969765,7.016629791356106,CYP1B1
GO_Biological_Process_2025,Pyruvate Metabolic Process (GO:0006090),1/48,0.2064404126728171,0.2399649241325053,0,0,4.447256438969765,7.016629791356106,PKM
GO_Biological_Process_2025,Regulation of Insulin Receptor Signaling Pathway (GO:0046626),1/49,0.2102586569950898,0.2435359320198627,0,0,4.3543859649122805,6.790302654401219,FUT7
GO_Biological_Process_2025,Carboxylic Acid Transport (GO:0046942),1/49,0.2102586569950898,0.2435359320198627,0,0,4.3543859649122805,6.790302654401219,ABCC1
GO_Biological_Process_2025,Regulation of Stem Cell Differentiation (GO:2000736),1/49,0.2102586569950898,0.2435359320198627,0,0,4.3543859649122805,6.790302654401219,SIRT6
GO_Biological_Process_2025,Negative Regulation of TORC1 Signaling (GO:1904262),1/49,0.2102586569950898,0.2435359320198627,0,0,4.3543859649122805,6.790302654401219,PRKAA2
GO_Biological_Process_2025,Proteoglycan Biosynthetic Process (GO:0030166),1/49,0.2102586569950898,0.2435359320198627,0,0,4.3543859649122805,6.790302654401219,ST3GAL3
GO_Biological_Process_2025,Metal Ion Transport (GO:0030001),2/180,0.2140183508179826,0.2467117452282774,0,0,2.3578771216830026,3.635123870379076,KCNH2;FYN
GO_Biological_Process_2025,Regulation of Interleukin-12 Production (GO:0032655),1/50,0.2140587201245348,0.2467117452282774,0,0,4.26530612244898,6.5749903239841245,MAPK14
GO_Biological_Process_2025,Lipid Modification (GO:0030258),1/50,0.2140587201245348,0.2467117452282774,0,0,4.26530612244898,6.5749903239841245,ALOX5
GO_Biological_Process_2025,Positive Regulation of Cell-Cell Adhesion (GO:0022409),1/50,0.2140587201245348,0.2467117452282774,0,0,4.26530612244898,6.5749903239841245,FUT7
GO_Biological_Process_2025,Positive Regulation of Developmental Growth (GO:0048639),1/50,0.2140587201245348,0.2467117452282774,0,0,4.26530612244898,6.5749903239841245,MAPT
GO_Biological_Process_2025,Positive Regulation of Fat Cell Differentiation (GO:0045600),1/50,0.2140587201245348,0.2467117452282774,0,0,4.26530612244898,6.5749903239841245,SIRT6
GO_Biological_Process_2025,Positive Regulation of Non-Canonical NF-kappaB Signal Transduction (GO:1901224),1/50,0.2140587201245348,0.2467117452282774,0,0,4.26530612244898,6.5749903239841245,APP
GO_Biological_Process_2025,Regulation of Epidermal Growth Factor Receptor Signaling Pathway (GO:0042058),1/51,0.2178406877428757,0.2487865657077489,0,0,4.1797894736842105,6.369962683048184,MMP9
GO_Biological_Process_2025,Regulation of Interferon-Beta Production (GO:0032648),1/51,0.2178406877428757,0.2487865657077489,0,0,4.1797894736842105,6.369962683048184,STING1
GO_Biological_Process_2025,Regulation of Intracellular Transport (GO:0032386),1/51,0.2178406877428757,0.2487865657077489,0,0,4.1797894736842105,6.369962683048184,SRC
GO_Biological_Process_2025,Regulation of Lipid Metabolic Process (GO:0019216),1/51,0.2178406877428757,0.2487865657077489,0,0,4.1797894736842105,6.369962683048184,SIRT6
GO_Biological_Process_2025,Regulation of Mitotic Metaphase/Anaphase Transition (GO:0030071),1/51,0.2178406877428757,0.2487865657077489,0,0,4.1797894736842105,6.369962683048184,PLK1
GO_Biological_Process_2025,Carboxylic Acid Transmembrane Transport (GO:1905039),1/51,0.2178406877428757,0.2487865657077489,0,0,4.1797894736842105,6.369962683048184,ABCC1
GO_Biological_Process_2025,Regulation of Secretion by Cell (GO:1903530),1/51,0.2178406877428757,0.2487865657077489,0,0,4.1797894736842105,6.369962683048184,SIRT6
GO_Biological_Process_2025,Regulation of Ubiquitin-Dependent Protein Catabolic Process (GO:2000058),1/51,0.2178406877428757,0.2487865657077489,0,0,4.1797894736842105,6.369962683048184,MTOR
GO_Biological_Process_2025,Response to Glucose (GO:0009749),1/51,0.2178406877428757,0.2487865657077489,0,0,4.1797894736842105,6.369962683048184,PRKAA2
GO_Biological_Process_2025,Myofibril Assembly (GO:0030239),1/51,0.2178406877428757,0.2487865657077489,0,0,4.1797894736842105,6.369962683048184,TTR
GO_Biological_Process_2025,Negative Regulation of Cell Projection Organization (GO:0031345),1/51,0.2178406877428757,0.2487865657077489,0,0,4.1797894736842105,6.369962683048184,FYN
GO_Biological_Process_2025,Nicotinamide Nucleotide Metabolic Process (GO:0046496),1/51,0.2178406877428757,0.2487865657077489,0,0,4.1797894736842105,6.369962683048184,PKM
GO_Biological_Process_2025,Positive Regulation of Nervous System Development (GO:0051962),1/51,0.2178406877428757,0.2487865657077489,0,0,4.1797894736842105,6.369962683048184,MMP12
GO_Biological_Process_2025,Glycoprotein Metabolic Process (GO:0009100),1/52,0.2216046451049667,0.2527315030127922,0,0,4.097626418988648,6.1745508317775455,HIF1A
GO_Biological_Process_2025,Positive Regulation of TORC1 Signaling (GO:1904263),1/52,0.2216046451049667,0.2527315030127922,0,0,4.097626418988648,6.1745508317775455,SRC
GO_Biological_Process_2025,Regulation of DNA-templated Transcription (GO:0006355),13/2139,0.2238734637977667,0.2551407073449408,0,0,1.309739428079203,1.9602533161624769,KCNH2;APP;KDM1A;STAT1;DYRK1A;DYRK1B;MAPK14;HIF1A;ESR1;HDAC6;ESR2;VEGFA;SOST
GO_Biological_Process_2025,Antibacterial Humoral Response (GO:0019731),1/53,0.2253506770761879,0.2553974340196797,0,0,4.018623481781376,5.988140905299795,APP
GO_Biological_Process_2025,Regulation of Release of Sequestered Calcium Ion Into Cytosol (GO:0051279),1/53,0.2253506770761879,0.2553974340196797,0,0,4.018623481781376,5.988140905299795,SNCA
GO_Biological_Process_2025,Ceramide Metabolic Process (GO:0006672),1/53,0.2253506770761879,0.2553974340196797,0,0,4.018623481781376,5.988140905299795,FUT7
GO_Biological_Process_2025,Cytoplasmic Microtubule Organization (GO:0031122),1/53,0.2253506770761879,0.2553974340196797,0,0,4.018623481781376,5.988140905299795,MAPT
GO_Biological_Process_2025,Microtubule Bundle Formation (GO:0001578),1/53,0.2253506770761879,0.2553974340196797,0,0,4.018623481781376,5.988140905299795,PLK1
GO_Biological_Process_2025,Negative Regulation of Protein Catabolic Process (GO:0042177),1/53,0.2253506770761879,0.2553974340196797,0,0,4.018623481781376,5.988140905299795,SNCA
GO_Biological_Process_2025,Positive Regulation of B Cell Activation (GO:0050871),1/53,0.2253506770761879,0.2553974340196797,0,0,4.018623481781376,5.988140905299795,MMP14
GO_Biological_Process_2025,Positive Regulation of Small GTPase Mediated Signal Transduction (GO:0051057),1/53,0.2253506770761879,0.2553974340196797,0,0,4.018623481781376,5.988140905299795,SRC
GO_Biological_Process_2025,Small GTPase-mediated Signal Transduction (GO:0007264),2/188,0.2281277245244306,0.2583653340901254,0,0,2.255547929535576,3.3333606316001045,CDK2;MAPKAPK5
GO_Biological_Process_2025,Regulation of Smooth Muscle Cell Proliferation (GO:0048660),1/54,0.2290788681344703,0.2592626302326322,0,0,3.942601787487587,5.810168619029014,STAT1
GO_Biological_Process_2025,Regulation of Metabolic Process (GO:0019222),1/55,0.2327893023462064,0.2627331545152205,0,0,3.8693957115009754,5.640114444169701,CYP1B1
GO_Biological_Process_2025,Regulation of Peptide Hormone Secretion (GO:0090276),1/55,0.2327893023462064,0.2627331545152205,0,0,3.8693957115009754,5.640114444169701,ALOX5
GO_Biological_Process_2025,Cell Surface Receptor Signaling Pathway via STAT (GO:0097696),1/55,0.2327893023462064,0.2627331545152205,0,0,3.8693957115009754,5.640114444169701,STAT1
GO_Biological_Process_2025,Interferon-Mediated Signaling Pathway (GO:0140888),1/55,0.2327893023462064,0.2627331545152205,0,0,3.8693957115009754,5.640114444169701,STAT1
GO_Biological_Process_2025,Generation of Neurons (GO:0048699),2/192,0.2352085650936494,0.2652801508174401,0,0,2.2076147816349385,3.195042565617725,MAPT;FGFR1
GO_Biological_Process_2025,Adenylate Cyclase-Inhibiting G Protein-Coupled Receptor Signaling Pathway (GO:0007193),1/56,0.2364820634449505,0.2657980217232502,0,0,3.798851674641148,5.477499328550885,APP
GO_Biological_Process_2025,Regulation of Stem Cell Population Maintenance (GO:2000036),1/56,0.2364820634449505,0.2657980217232502,0,0,3.798851674641148,5.477499328550885,SIRT6
GO_Biological_Process_2025,Cellular Response to Fibroblast Growth Factor Stimulus (GO:0044344),1/56,0.2364820634449505,0.2657980217232502,0,0,3.798851674641148,5.477499328550885,FGFR1
GO_Biological_Process_2025,Positive Regulation of Interleukin-1 Beta Production (GO:0032731),1/56,0.2364820634449505,0.2657980217232502,0,0,3.798851674641148,5.477499328550885,APP
GO_Biological_Process_2025,Receptor Internalization (GO:0031623),1/56,0.2364820634449505,0.2657980217232502,0,0,3.798851674641148,5.477499328550885,SNCA
GO_Biological_Process_2025,Cellular Response to Interleukin-1 (GO:0071347),1/57,0.2401572346402309,0.2691872300363028,0,0,3.730827067669173,5.3218808984322825,HIF1A
GO_Biological_Process_2025,mRNA Stabilization (GO:0048255),1/57,0.2401572346402309,0.2691872300363028,0,0,3.730827067669173,5.3218808984322825,MAPK14
GO_Biological_Process_2025,Negative Regulation of Response to Stimulus (GO:0048585),1/57,0.2401572346402309,0.2691872300363028,0,0,3.730827067669173,5.3218808984322825,ALOX5
GO_Biological_Process_2025,Positive Regulation of Protein Localization to Cell Periphery (GO:1904377),1/57,0.2401572346402309,0.2691872300363028,0,0,3.730827067669173,5.3218808984322825,SNCA
GO_Biological_Process_2025,Regulation of Programmed Cell Death (GO:0043067),2/195,0.2405280228607277,0.269417799113732,0,0,2.17296880167567,3.0963038301605463,FLT3;STAT1
GO_Biological_Process_2025,Intracellular Signaling Cassette (GO:0141124),3/354,0.2416400453968656,0.2704777462878496,0,0,1.7969855711791196,2.5522695249457232,APP;PIK3CA;FGFR1
GO_Biological_Process_2025,Regulation of Myoblast Differentiation (GO:0045661),1/58,0.2438148989175783,0.2723517556697384,0,0,3.665189289012004,5.172850068462446,MAPK14
GO_Biological_Process_2025,Purine Ribonucleotide Metabolic Process (GO:0009150),1/58,0.2438148989175783,0.2723517556697384,0,0,3.665189289012004,5.172850068462446,NADK
GO_Biological_Process_2025,Regulation of Calcium Ion Transport (GO:0051924),1/58,0.2438148989175783,0.2723517556697384,0,0,3.665189289012004,5.172850068462446,BCL2
GO_Biological_Process_2025,Cellular Response to Calcium Ion (GO:0071277),1/59,0.2474551387592752,0.2756633354642574,0,0,3.601814882032668,5.03002802527972,PRKAA2
GO_Biological_Process_2025,Microtubule Cytoskeleton Organization Involved in Mitosis (GO:1902850),1/59,0.2474551387592752,0.2756633354642574,0,0,3.601814882032668,5.03002802527972,PLK1
GO_Biological_Process_2025,Protein Polymerization (GO:0051258),1/59,0.2474551387592752,0.2756633354642574,0,0,3.601814882032668,5.03002802527972,MAPT
GO_Biological_Process_2025,Regulation of Bone Mineralization (GO:0030500),1/59,0.2474551387592752,0.2756633354642574,0,0,3.601814882032668,5.03002802527972,ALOX5
GO_Biological_Process_2025,Axonogenesis (GO:0007409),2/200,0.2494067909928498,0.2776479419511125,0,0,2.117558564367075,2.9405900871231445,APP;FYN
GO_Biological_Process_2025,RNA Polymerase II Preinitiation Complex Assembly (GO:0051123),1/60,0.2510780363139976,0.2787478607241116,0,0,3.5405887600356825,4.893063523640772,ESR1
GO_Biological_Process_2025,Response to Retinoic Acid (GO:0032526),1/60,0.2510780363139976,0.2787478607241116,0,0,3.5405887600356825,4.893063523640772,GSK3B
GO_Biological_Process_2025,Negative Regulation of Protein Kinase Activity (GO:0006469),1/60,0.2510780363139976,0.2787478607241116,0,0,3.5405887600356825,4.893063523640772,SNCA
GO_Biological_Process_2025,Positive Regulation of Cell Cycle (GO:0045787),1/60,0.2510780363139976,0.2787478607241116,0,0,3.5405887600356825,4.893063523640772,APP
GO_Biological_Process_2025,Telomere Organization (GO:0032200),1/61,0.2546836733385793,0.2825586369058881,0,0,3.4814035087719297,4.7616304673106,TERT
GO_Biological_Process_2025,Cellular Response to Light Stimulus (GO:0071482),1/62,0.2582721311889656,0.2861507930077338,0,0,3.424158757549612,4.6354257369801735,KDM1A
GO_Biological_Process_2025,Mitotic Cytokinesis (GO:0000281),1/62,0.2582721311889656,0.2861507930077338,0,0,3.424158757549612,4.6354257369801735,PLK1
GO_Biological_Process_2025,RNA Metabolic Process (GO:0016070),1/63,0.2618434908943032,0.2891262362242915,0,0,3.368760611205433,4.514167236027909,MAPT
GO_Biological_Process_2025,Transcription Preinitiation Complex Assembly (GO:0070897),1/63,0.2618434908943032,0.2891262362242915,0,0,3.368760611205433,4.514167236027909,ESR1
GO_Biological_Process_2025,Negative Regulation of Metabolic Process (GO:0009892),1/63,0.2618434908943032,0.2891262362242915,0,0,3.368760611205433,4.514167236027909,ADAMTS5
GO_Biological_Process_2025,Positive Regulation of Interleukin-1 Production (GO:0032732),1/63,0.2618434908943032,0.2891262362242915,0,0,3.368760611205433,4.514167236027909,APP
GO_Biological_Process_2025,Positive Regulation of Interleukin-8 Production (GO:0032757),1/63,0.2618434908943032,0.2891262362242915,0,0,3.368760611205433,4.514167236027909,SERPINE1
GO_Biological_Process_2025,Proteasomal Protein Catabolic Process (GO:0010498),3/372,0.2648239594235474,0.2920628884067851,0,0,1.7077541743159368,2.269075855969453,GSK3B;PSMB5;MMP1
GO_Biological_Process_2025,G1/S Transition of Mitotic Cell Cycle (GO:0000082),1/64,0.2653978330314107,0.2920628884067851,0,0,3.315121136173768,4.397592132741052,CDK2
GO_Biological_Process_2025,Retinoid Metabolic Process (GO:0001523),1/64,0.2653978330314107,0.2920628884067851,0,0,3.315121136173768,4.397592132741052,CYP1B1
GO_Biological_Process_2025,Granulocyte Chemotaxis (GO:0071621),1/64,0.2653978330314107,0.2920628884067851,0,0,3.315121136173768,4.397592132741052,VEGFA
GO_Biological_Process_2025,Protein N-linked Glycosylation (GO:0006487),1/64,0.2653978330314107,0.2920628884067851,0,0,3.315121136173768,4.397592132741052,FUT4
GO_Biological_Process_2025,Positive Regulation of Organelle Assembly (GO:1902117),1/65,0.2689352378142914,0.2955571098403526,0,0,3.263157894736842,4.285455271531161,GSK3B
GO_Biological_Process_2025,Regulation of Cell-Matrix Adhesion (GO:0001952),1/65,0.2689352378142914,0.2955571098403526,0,0,3.263157894736842,4.285455271531161,GSK3B
GO_Biological_Process_2025,Regulation of Neurogenesis (GO:0050767),1/66,0.2724557851761253,0.2986217873790708,0,0,3.2127935222672064,4.177527737189532,MMP12
GO_Biological_Process_2025,Cell Cycle G1/S Phase Transition (GO:0044843),1/66,0.2724557851761253,0.2986217873790708,0,0,3.2127935222672064,4.177527737189532,CDK2
GO_Biological_Process_2025,Regulation of Type I Interferon Production (GO:0032479),1/66,0.2724557851761253,0.2986217873790708,0,0,3.2127935222672064,4.177527737189532,STING1
GO_Biological_Process_2025,Negative Regulation of Viral Process (GO:0048525),1/66,0.2724557851761253,0.2986217873790708,0,0,3.2127935222672064,4.177527737189532,STAT1
GO_Biological_Process_2025,Negative Regulation of Cell Population Proliferation (GO:0008285),3/379,0.2739187846760809,0.3000237963700429,0,0,1.675360329444063,2.169463667337255,APP;ADORA3;CYP1B1
GO_Biological_Process_2025,Regulation of Protein Serine/Threonine Kinase Activity (GO:0071900),1/67,0.2759595545346783,0.3018538827081736,0,0,3.163955342902711,4.073595558926187,SRC
GO_Biological_Process_2025,Neurogenesis (GO:0022008),1/67,0.2759595545346783,0.3018538827081736,0,0,3.163955342902711,4.073595558926187,MAPT
GO_Biological_Process_2025,Action Potential (GO:0001508),1/68,0.2794466250915336,0.3054634240786221,0,0,3.116575019638649,3.973458529296138,KCNH2
GO_Biological_Process_2025,Autophagosome Organization (GO:1905037),1/69,0.282917075565896,0.3086368097082502,0,0,3.070588235294118,3.876929138212587,STING1
GO_Biological_Process_2025,Regulation of Translational Initiation (GO:0006446),1/69,0.282917075565896,0.3086368097082502,0,0,3.070588235294118,3.876929138212587,MTOR
GO_Biological_Process_2025,Phosphatidylinositol Metabolic Process (GO:0046488),1/69,0.282917075565896,0.3086368097082502,0,0,3.070588235294118,3.876929138212587,SYNJ2
GO_Biological_Process_2025,Regulation of Heart Contraction (GO:0008016),1/70,0.2863709842832397,0.3117794838894244,0,0,3.0259344012204425,3.783831599728172,ADORA3
GO_Biological_Process_2025,Fatty Acid Biosynthetic Process (GO:0006633),1/70,0.2863709842832397,0.3117794838894244,0,0,3.0259344012204425,3.783831599728172,ALOX5
GO_Biological_Process_2025,Positive Regulation of Apoptotic Signaling Pathway (GO:2001235),1/70,0.2863709842832397,0.3117794838894244,0,0,3.0259344012204425,3.783831599728172,APP
GO_Biological_Process_2025,Defense Response to Bacterium (GO:0042742),2/221,0.2867585514813791,0.3119933040117405,0,0,1.912464781890605,2.388887874849844,APP;SERPINE1
GO_Biological_Process_2025,Response to Ionizing Radiation (GO:0010212),1/71,0.2898084293575974,0.3146822067276107,0,0,2.9825563909774435,3.694000964986116,MAPK14
GO_Biological_Process_2025,Phagocytosis (GO:0006909),1/71,0.2898084293575974,0.3146822067276107,0,0,2.9825563909774435,3.694000964986116,AXL
GO_Biological_Process_2025,Positive Regulation of Protein Polymerization (GO:0032273),1/71,0.2898084293575974,0.3146822067276107,0,0,2.9825563909774435,3.694000964986116,MAPT
GO_Biological_Process_2025,Autophagosome Assembly (GO:0000045),1/72,0.2932294883883848,0.3177626328352218,0,0,2.940400296515938,3.6072823184222926,STING1
GO_Biological_Process_2025,Monocarboxylic Acid Transport (GO:0015718),1/72,0.2932294883883848,0.3177626328352218,0,0,2.940400296515938,3.6072823184222926,ABCG2
GO_Biological_Process_2025,Regulation of G Protein-Coupled Receptor Signaling Pathway (GO:0008277),1/72,0.2932294883883848,0.3177626328352218,0,0,2.940400296515938,3.6072823184222926,APP
GO_Biological_Process_2025,DNA Replication (GO:0006260),1/73,0.2966342386868027,0.3206007136005709,0,0,2.8994152046783626,3.5235300385346275,CDK2
GO_Biological_Process_2025,Negative Regulation of Cellular Response to Growth Factor Stimulus (GO:0090288),1/73,0.2966342386868027,0.3206007136005709,0,0,2.8994152046783626,3.5235300385346275,SOST
GO_Biological_Process_2025,Positive Regulation of Cell-Substrate Adhesion (GO:0010811),1/73,0.2966342386868027,0.3206007136005709,0,0,2.8994152046783626,3.5235300385346275,GSK3B
GO_Biological_Process_2025,Regulation of DNA Replication (GO:0006275),1/73,0.2966342386868027,0.3206007136005709,0,0,2.8994152046783626,3.5235300385346275,CDK2
GO_Biological_Process_2025,Transforming Growth Factor Beta Receptor Signaling Pathway (GO:0007179),1/76,0.3067514046072819,0.3313158784375142,0,0,2.783017543859649,3.2887408583424422,SRC
GO_Biological_Process_2025,Regulation of Non-Canonical NF-kappaB Signal Transduction (GO:1901222),1/77,0.310091685697144,0.3340393604341513,0,0,2.7462603878116343,3.215561314237512,APP
GO_Biological_Process_2025,Positive Regulation of Interleukin-6 Production (GO:0032755),1/77,0.310091685697144,0.3340393604341513,0,0,2.7462603878116343,3.215561314237512,APP
GO_Biological_Process_2025,Positive Regulation of Lymphocyte Proliferation (GO:0050671),1/77,0.310091685697144,0.3340393604341513,0,0,2.7462603878116343,3.215561314237512,BCL2
GO_Biological_Process_2025,Regulation of BMP Signaling Pathway (GO:0030510),1/77,0.310091685697144,0.3340393604341513,0,0,2.7462603878116343,3.215561314237512,SOST
GO_Biological_Process_2025,Regulation of Transcription Elongation by RNA Polymerase II (GO:0034243),1/79,0.316724539977527,0.3409593992370212,0,0,2.67557354925776,3.0761680248455487,SIRT6
GO_Biological_Process_2025,Signal Transduction in Response to DNA Damage (GO:0042770),1/80,0.3200172631719549,0.3440501801690583,0,0,2.641572285143238,3.0097555210668694,MAPK14
GO_Biological_Process_2025,Proteolysis Involved in Protein Catabolic Process (GO:0051603),1/80,0.3200172631719549,0.3440501801690583,0,0,2.641572285143238,3.0097555210668694,HDAC6
GO_Biological_Process_2025,Regulation of Cytokinesis (GO:0032465),1/81,0.3232942831563663,0.346887751552393,0,0,2.608421052631579,2.9454089082907395,PLK1
GO_Biological_Process_2025,Wound Healing (GO:0042060),1/81,0.3232942831563663,0.346887751552393,0,0,2.608421052631579,2.9454089082907395,MMP12
GO_Biological_Process_2025,Positive Regulation of JNK Cascade (GO:0046330),1/81,0.3232942831563663,0.346887751552393,0,0,2.608421052631579,2.9454089082907395,APP
GO_Biological_Process_2025,Regulation of Interleukin-1 Beta Production (GO:0032651),1/82,0.3265556739650601,0.3496974146397494,0,0,2.5760883690708254,2.8830417337920933,APP
GO_Biological_Process_2025,Regulation of Vesicle-Mediated Transport (GO:0060627),1/82,0.3265556739650601,0.3496974146397494,0,0,2.5760883690708254,2.8830417337920933,SRC
GO_Biological_Process_2025,Positive Regulation of Tumor Necrosis Factor Production (GO:0032760),1/82,0.3265556739650601,0.3496974146397494,0,0,2.5760883690708254,2.8830417337920933,APP
GO_Biological_Process_2025,Regulation of Cilium Assembly (GO:1902017),1/83,0.329801509344508,0.3522487324936106,0,0,2.5445442875481388,2.82257211840961,GSK3B
GO_Biological_Process_2025,Regulation of Interleukin-8 Production (GO:0032677),1/83,0.329801509344508,0.3522487324936106,0,0,2.5445442875481388,2.82257211840961,SERPINE1
GO_Biological_Process_2025,Regulation of Protein Kinase Activity (GO:0045859),1/83,0.329801509344508,0.3522487324936106,0,0,2.5445442875481388,2.82257211840961,SNCA
GO_Biological_Process_2025,Negative Regulation of Protein Phosphorylation (GO:0001933),1/83,0.329801509344508,0.3522487324936106,0,0,2.5445442875481388,2.82257211840961,SNCA
GO_Biological_Process_2025,Cytoskeleton-Dependent Cytokinesis (GO:0061640),1/84,0.3330318627916693,0.3552339869777806,0,0,2.5137603043753964,2.7639224638930866,PLK1
GO_Biological_Process_2025,Positive Regulation of Synaptic Transmission (GO:0050806),1/84,0.3330318627916693,0.3552339869777806,0,0,2.5137603043753964,2.7639224638930866,APP
GO_Biological_Process_2025,Carbohydrate Metabolic Process (GO:0005975),1/85,0.3362468073532034,0.3574949769383895,0,0,2.4837092731829573,2.7070191839217608,FUT4
GO_Biological_Process_2025,Cell Morphogenesis Involved in Neuron Differentiation (GO:0048667),1/85,0.3362468073532034,0.3574949769383895,0,0,2.4837092731829573,2.7070191839217608,APP
GO_Biological_Process_2025,Ribosomal Small Subunit Biogenesis (GO:0042274),1/85,0.3362468073532034,0.3574949769383895,0,0,2.4837092731829573,2.7070191839217608,RPSA
GO_Biological_Process_2025,Positive Regulation of Tumor Necrosis Factor Superfamily Cytokine Production (GO:1903557),1/85,0.3362468073532034,0.3574949769383895,0,0,2.4837092731829573,2.7070191839217608,APP
GO_Biological_Process_2025,Regulation of Cell Division (GO:0051302),1/85,0.3362468073532034,0.3574949769383895,0,0,2.4837092731829573,2.7070191839217608,PLK1
GO_Biological_Process_2025,Regulation of Organelle Assembly (GO:1902115),1/86,0.3394464157511476,0.3604271636342699,0,0,2.4543653250774,2.6517924525695524,MTOR
GO_Biological_Process_2025,Integrin-Mediated Signaling Pathway (GO:0007229),1/86,0.3394464157511476,0.3604271636342699,0,0,2.4543653250774,2.6517924525695524,SRC
GO_Biological_Process_2025,Cellular Response to Tumor Necrosis Factor (GO:0071356),1/87,0.3426307603493315,0.3633355431384724,0,0,2.425703794369645,2.598175972333266,STAT1
GO_Biological_Process_2025,Synapse Assembly (GO:0007416),1/87,0.3426307603493315,0.3633355431384724,0,0,2.425703794369645,2.598175972333266,MAPT
GO_Biological_Process_2025,Regulation of Type II Interferon Production (GO:0032649),1/88,0.3457999132280331,0.3662202844829008,0,0,2.397701149425288,2.5461067581623245,AXL
GO_Biological_Process_2025,Positive Regulation of Protein Kinase Activity (GO:0045860),1/88,0.3457999132280331,0.3662202844829008,0,0,2.397701149425288,2.5461067581623245,SRC
GO_Biological_Process_2025,Positive Regulation of Canonical Wnt Signaling Pathway (GO:0090263),1/89,0.3489539461183639,0.3693209079540661,0,0,2.370334928229665,2.4955249379020694,CSNK1E
GO_Biological_Process_2025,Mitotic Spindle Organization (GO:0007052),1/90,0.3520929303627859,0.3724015958211709,0,0,2.343583678296866,2.4463735666438886,PLK1
GO_Biological_Process_2025,Lipid Metabolic Process (GO:0006629),2/259,0.3536922705766064,0.3738508973970347,0,0,1.626541932279162,1.690510632042299,PRKAA2;CYP1B1
GO_Biological_Process_2025,ERAD Pathway (GO:0036503),1/91,0.3552169370160284,0.3749767407568942,0,0,2.3174269005847954,2.398598453124844,MMP1
GO_Biological_Process_2025,Calcium-Mediated Signaling (GO:0019722),1/91,0.3552169370160284,0.3749767407568942,0,0,2.3174269005847954,2.398598453124844,APP
GO_Biological_Process_2025,Regulation of Osteoblast Differentiation (GO:0045667),1/92,0.3583260368275664,0.3777700853375894,0,0,2.291844997108155,2.3521479989227614,GSK3B
GO_Biological_Process_2025,Positive Regulation of Response to Stimulus (GO:0048584),1/92,0.3583260368275664,0.3777700853375894,0,0,2.291844997108155,2.3521479989227614,APP
GO_Biological_Process_2025,Regulation of Epithelial Cell Proliferation (GO:0050678),1/93,0.3614203001499205,0.3805405998997873,0,0,2.2668192219679635,2.3069730491120866,VEGFA
GO_Biological_Process_2025,Positive Regulation of DNA Repair (GO:0045739),1/93,0.3614203001499205,0.3805405998997873,0,0,2.2668192219679635,2.3069730491120866,SIRT6
GO_Biological_Process_2025,Positive Regulation of Double-Strand Break Repair (GO:2000781),1/94,0.364499797099579,0.3835355698688026,0,0,2.242331635540464,2.2630267514478994,SIRT6
GO_Biological_Process_2025,Sensory Perception of Sound (GO:0007605),1/96,0.3706147702541442,0.3894676787216763,0,0,2.1949030470914126,2.178643448840774,KIT
GO_Biological_Process_2025,Regulation of Actin Filament-Based Process (GO:0032970),1/96,0.3706147702541442,0.3894676787216763,0,0,2.1949030470914126,2.178643448840774,MTOR
GO_Biological_Process_2025,Regulation of Organelle Organization (GO:0033043),1/97,0.3736503849555481,0.3919006608274129,0,0,2.171929824561404,2.138123125116582,MAPT
GO_Biological_Process_2025,Inorganic Cation Import Across Plasma Membrane (GO:0098659),1/97,0.3736503849555481,0.3919006608274129,0,0,2.171929824561404,2.138123125116582,KCNH2
GO_Biological_Process_2025,Muscle Contraction (GO:0006936),1/97,0.3736503849555481,0.3919006608274129,0,0,2.171929824561404,2.138123125116582,TTR
GO_Biological_Process_2025,Cellular Response to Transforming Growth Factor Beta Stimulus (GO:0071560),1/98,0.3766715102489588,0.3943091114344457,0,0,2.1494302767227347,2.098664596023561,SRC
GO_Biological_Process_2025,Defense Response to Gram-positive Bacterium (GO:0050830),1/98,0.3766715102489588,0.3943091114344457,0,0,2.1494302767227347,2.098664596023561,APP
GO_Biological_Process_2025,rRNA Metabolic Process (GO:0016072),1/98,0.3766715102489588,0.3943091114344457,0,0,2.1494302767227347,2.098664596023561,MAPT
GO_Biological_Process_2025,Plasma Membrane Bounded Cell Projection Assembly (GO:0120031),2/277,0.3847022811362952,0.4021588292105682,0,0,1.518684719535783,1.450777551771294,KIT;HDAC6
GO_Biological_Process_2025,Cell Junction Assembly (GO:0034329),1/101,0.3856486321780265,0.4021588292105682,0,0,2.0846315789473686,1.9862965959816887,MAPT
GO_Biological_Process_2025,Cytoplasmic Translation (GO:0002181),1/101,0.3856486321780265,0.4021588292105682,0,0,2.0846315789473686,1.9862965959816887,RPSA
GO_Biological_Process_2025,Sensory Perception of Light Stimulus (GO:0050953),1/101,0.3856486321780265,0.4021588292105682,0,0,2.0846315789473686,1.9862965959816887,TYR
GO_Biological_Process_2025,Visual Perception (GO:0007601),1/101,0.3856486321780265,0.4021588292105682,0,0,2.0846315789473686,1.9862965959816887,TYR
GO_Biological_Process_2025,Recombinational Repair (GO:0000725),1/101,0.3856486321780265,0.4021588292105682,0,0,2.0846315789473686,1.9862965959816887,RAD52
GO_Biological_Process_2025,Regulation of RNA Biosynthetic Process (GO:2001141),3/465,0.3867109462749641,0.4030091087616484,0,0,1.3574919703951962,1.2897229492902784,HIF1A;ESR1;ESR2
GO_Biological_Process_2025,Calcium Ion Homeostasis (GO:0055074),1/105,0.3974193911948428,0.413904560580717,0,0,2.004048582995952,1.8492621930167092,SNCA
GO_Biological_Process_2025,Cell-Matrix Adhesion (GO:0007160),1/107,0.4032207996447776,0.4192736555317861,0,0,1.9660377358490568,1.785695015423773,SRC
GO_Biological_Process_2025,Protein Catabolic Process (GO:0030163),1/107,0.4032207996447776,0.4192736555317861,0,0,1.9660377358490568,1.785695015423773,MMP14
GO_Biological_Process_2025,Central Nervous System Development (GO:0007417),2/288,0.4033453671476129,0.4192736555317861,0,0,1.4594554381788425,1.3251302151667657,APP;RPS6KA3
GO_Biological_Process_2025,Glycerophospholipid Biosynthetic Process (GO:0046474),1/110,0.4118194300539443,0.4278098725958224,0,0,1.9116368903911156,1.6959474778825034,SYNJ2
GO_Biological_Process_2025,Negative Regulation of Developmental Process (GO:0051093),1/111,0.4146583051988673,0.430484958069053,0,0,1.8941626794258373,1.667432275865109,MAPT
GO_Biological_Process_2025,Regulation of Interleukin-6 Production (GO:0032675),1/114,0.4230938271753206,0.4384057942540464,0,0,1.8435957149510944,1.5857897069044022,APP
GO_Biological_Process_2025,Double-Strand Break Repair via Homologous Recombination (GO:0000724),1/114,0.4230938271753206,0.4384057942540464,0,0,1.8435957149510944,1.5857897069044022,RAD52
GO_Biological_Process_2025,Transforming Growth Factor Beta Receptor Superfamily Signaling Pathway (GO:0141091),1/114,0.4230938271753206,0.4384057942540464,0,0,1.8435957149510944,1.5857897069044022,SRC
GO_Biological_Process_2025,Negative Regulation of Growth (GO:0045926),1/115,0.4258788460041272,0.4407319446282406,0,0,1.827331486611265,1.559810837128259,ESR2
GO_Biological_Process_2025,Regulation of JNK Cascade (GO:0046328),1/115,0.4258788460041272,0.4407319446282406,0,0,1.827331486611265,1.559810837128259,APP
GO_Biological_Process_2025,Antimicrobial Humoral Immune Response Mediated by Antimicrobial Peptide (GO:0061844),1/116,0.428650559490387,0.4433192098151531,0,0,1.811350114416476,1.5344186616979538,APP
GO_Biological_Process_2025,Cytoskeleton Organization (GO:0007010),1/117,0.4314090304571041,0.4458895108967662,0,0,1.795644283121597,1.509595657070829,MTOR
GO_Biological_Process_2025,Negative Regulation of Cell Growth (GO:0030308),1/121,0.4423117376750096,0.4565798582451711,0,0,1.735438596491228,1.4156672996394302,ESR2
GO_Biological_Process_2025,Negative Regulation of Defense Response (GO:0031348),1/121,0.4423117376750096,0.4565798582451711,0,0,1.735438596491228,1.4156672996394302,ALOX5
GO_Biological_Process_2025,- Reg of Transmembrane Receptor Prot Serine/Threonine Kinase Sgnlng Pway (GO:0090101),1/122,0.445004929704951,0.4590695608587105,0,0,1.7210091344062637,1.393449326261265,SOST
GO_Biological_Process_2025,Transcription Initiation at RNA Polymerase II Promoter (GO:0006367),1/123,0.4476852505212081,0.4615428482947641,0,0,1.706816220880069,1.371708217975582,ESR1
GO_Biological_Process_2025,Regulation of Cell Cycle (GO:0051726),2/318,0.4527802270088957,0.4665008399485592,0,0,1.3188796121734447,1.0450121786078252,PLK1;CDK2
GO_Biological_Process_2025,Calcium Ion Transport (GO:0006816),1/126,0.4556495931251261,0.469160969072685,0,0,1.6656,1.3092135683776756,FYN
GO_Biological_Process_2025,Potassium Ion Transport (GO:0006813),1/127,0.458279035033115,0.4715708607654752,0,0,1.652297410192147,1.289249721826958,KCNH2
GO_Biological_Process_2025,Golgi Organization (GO:0007030),1/128,0.4608959073320012,0.4736663229003942,0,0,1.6392043099875673,1.2696998887988684,PLK1
GO_Biological_Process_2025,RNA Biosynthetic Process (GO:0032774),1/128,0.4608959073320012,0.4736663229003942,0,0,1.6392043099875673,1.2696998887988684,TERT
GO_Biological_Process_2025,Regulation of Protein Catabolic Process (GO:0042176),1/129,0.4635002693316666,0.476043070830258,0,0,1.6263157894736842,1.2505527825487468,GSK3B
GO_Biological_Process_2025,Fatty Acid Metabolic Process (GO:0006631),1/130,0.4660921802919265,0.4781033552711654,0,0,1.6136270909832722,1.231797501903365,ALOX5
GO_Biological_Process_2025,Regulation of DNA Repair (GO:0006282),1/130,0.4660921802919265,0.4781033552711654,0,0,1.6136270909832722,1.231797501903365,RAD52
GO_Biological_Process_2025,Regulation of Tumor Necrosis Factor Production (GO:0032680),1/131,0.4686716991821424,0.4804473700158645,0,0,1.6011336032388663,1.2134235161728557,APP
GO_Biological_Process_2025,Circulatory System Development (GO:0072359),1/132,0.4712388845233292,0.4824729357227562,0,0,1.5888308557653676,1.195420650489219,PIK3CA
GO_Biological_Process_2025,Neuron Projection Guidance (GO:0097485),1/132,0.4712388845233292,0.4824729357227562,0,0,1.5888308557653676,1.195420650489219,FYN
GO_Biological_Process_2025,Potassium Ion Transmembrane Transport (GO:0071805),1/134,0.4763364878404941,0.4873862997841294,0,0,1.564780371982588,1.1604892678731156,KCNH2
GO_Biological_Process_2025,protein-RNA Complex Assembly (GO:0022618),1/138,0.4863862417118342,0.4973573599459357,0,0,1.518786016135229,1.0946684151370705,RPSA
GO_Biological_Process_2025,Proteasome-Mediated Ubiquitin-Dependent Protein Catabolic Process (GO:0043161),2/340,0.4875484618912777,0.4982336191650378,0,0,1.2316505098829158,0.8847753384037239,GSK3B;PSMB5
GO_Biological_Process_2025,Membraneless Organelle Assembly (GO:0140694),1/139,0.488868711167274,0.4992701731070032,0,0,1.5077040427154844,1.0790054501153088,MAPT
GO_Biological_Process_2025,Intracellular Calcium Ion Homeostasis (GO:0006874),1/140,0.4913393063708963,0.501479517196562,0,0,1.4967815221507006,1.0636433914552832,BCL2
GO_Biological_Process_2025,Organelle Assembly (GO:0070925),2/346,0.49679448648855,0.5067303762183211,0,0,1.2097971301335972,0.8463484807674757,STING1;HDAC6
GO_Biological_Process_2025,Negative Regulation of Protein Metabolic Process (GO:0051248),1/146,0.5059166469909708,0.5153907415039104,0,0,1.4344101633393829,0.9773832060005608,HDAC6
GO_Biological_Process_2025,Regulation of Cell Cycle Process (GO:0010564),1/146,0.5059166469909708,0.5153907415039104,0,0,1.4344101633393829,0.9773832060005608,PLK1
GO_Biological_Process_2025,Antimicrobial Humoral Response (GO:0019730),1/147,0.5083056813962635,0.5175014797496582,0,0,1.4245133381398702,0.9639286846225495,APP
GO_Biological_Process_2025,Phosphate-Containing Compound Metabolic Process (GO:0006796),1/150,0.5154044091024953,0.5244014935506685,0,0,1.3956199222889438,0.9250216659997844,NADK
GO_Biological_Process_2025,Adenylate Cyclase-Activating G Protein-Coupled Receptor Signaling Pathway (GO:0007189),1/153,0.5224017023828647,0.5311897684042586,0,0,1.3678670360110805,0.8881812930312777,APP
GO_Biological_Process_2025,Protein Ubiquitination (GO:0016567),2/369,0.5312537732484615,0.5395100882308084,0,0,1.13264537074613,0.7164157033714984,PLK1;BCL2
GO_Biological_Process_2025,Regulation of Small GTPase Mediated Signal Transduction (GO:0051056),1/157,0.5315761163450612,0.5395100882308084,0,0,1.332523616734143,0.8420335075844174,SRC
GO_Biological_Process_2025,Neuron Projection Morphogenesis (GO:0048812),1/157,0.5315761163450612,0.5395100882308084,0,0,1.332523616734143,0.8420335075844174,APP
GO_Biological_Process_2025,Actin Filament Organization (GO:0007015),1/158,0.5338423349968476,0.5414733938563426,0,0,1.323969158565203,0.8309955132640383,TTR
GO_Biological_Process_2025,Regulation of Cellular Component Organization (GO:0051128),1/159,0.5360977034584323,0.5434232621392308,0,0,1.315522984676882,0.8201481392822166,MTOR
GO_Biological_Process_2025,Gene Expression (GO:0010467),2/381,0.5485958374222045,0.5557469935897194,0,0,1.0961095828889014,0.658096836637551,TERT;RPSA
GO_Biological_Process_2025,Heart Development (GO:0007507),1/171,0.5623342760934364,0.5693111281541491,0,0,1.2219195046439628,0.7034087262374212,VEGFA
GO_Biological_Process_2025,Regulation of Neuron Projection Development (GO:0010975),1/176,0.5728277661121118,0.5795752723465385,0,0,1.1867067669172933,0.661197634978932,GSK3B
GO_Biological_Process_2025,Neuron Differentiation (GO:0030182),1/181,0.5830722213308616,0.5895748855092726,0,0,1.1534502923976608,0.6222220950448746,VEGFA
GO_Biological_Process_2025,Macromolecule Biosynthetic Process (GO:0009059),1/189,0.5989599063424442,0.6052647474618384,0,0,1.103919372900336,0.5658255953630718,RPSA
GO_Biological_Process_2025,Negative Regulation of Cytokine Production (GO:0001818),1/191,0.6028372889184354,0.6088059749473308,0,0,1.0921883656509694,0.5527652198030686,AXL
GO_Biological_Process_2025,Adenylate Cyclase-Modulating G Protein-Coupled Receptor Signaling Pathway (GO:0007188),1/202,0.623509052422396,0.6292929953947745,0,0,1.0318407960199003,0.4874333324087614,APP
GO_Biological_Process_2025,Positive Regulation of Canonical NF-kappaB Signal Transduction (GO:0043123),1/204,0.6271514694656477,0.632577996395511,0,0,1.0215711693025669,0.4766315892635776,VEGFA
GO_Biological_Process_2025,Intracellular Monoatomic Cation Homeostasis (GO:0030003),1/210,0.6378707852291535,0.6429926630599003,0,0,0.9919415764291112,0.4459963223817134,APP
GO_Biological_Process_2025,Protein Stabilization (GO:0050821),1/212,0.6413756697817118,0.6461266006689836,0,0,0.9824395111000248,0.4363406111996681,MTOR
GO_Biological_Process_2025,Ubiquitin-Dependent Protein Catabolic Process (GO:0006511),2/455,0.6455538805349792,0.6499345669544023,0,0,0.9135785073505236,0.3998245286457562,GSK3B;PSMB5
GO_Biological_Process_2025,Negative Regulation of Cell Differentiation (GO:0045596),1/220,0.6550626516702829,0.6591012623464252,0,0,0.9461667868300888,0.4002516340024487,GSK3B
GO_Biological_Process_2025,Negative Regulation of RNA Biosynthetic Process (GO:1902679),2/470,0.6631069932499181,0.6667841115119324,0,0,0.883615202764139,0.3630058471524411,KDM1A;HDAC6
GO_Biological_Process_2025,Protein Polyubiquitination (GO:0000209),1/228,0.6682324991873885,0.6715242848976712,0,0,0.9124507303501044,0.3678263293724333,BCL2
GO_Biological_Process_2025,Cilium Organization (GO:0044782),1/230,0.6714464412787737,0.6743388259488977,0,0,0.904389795449322,0.3602374712480601,HDAC6
GO_Biological_Process_2025,Translation (GO:0006412),1/232,0.6746295698197539,0.6771189778264688,0,0,0.8964684438368649,0.3528423812066619,RPSA
GO_Biological_Process_2025,Cilium Assembly (GO:0060271),1/247,0.6975499170761763,0.699693586151395,0,0,0.8411638853230637,0.3029714194180565,HDAC6
GO_Biological_Process_2025,Monoatomic Cation Transmembrane Transport (GO:0098655),1/304,0.7709762118007513,0.7728705022474363,0,0,0.6809449365989231,0.1771122524137498,KCNH2
GO_Biological_Process_2025,Inorganic Cation Transmembrane Transport (GO:0098662),1/307,0.7743089069647635,0.7757348902188423,0,0,0.6741658066735466,0.172441083152139,KCNH2
GO_Biological_Process_2025,Protein Transport (GO:0015031),1/308,0.775409104911112,0.7763605271257269,0,0,0.6719355391736671,0.1709165552501657,HDAC6
GO_Biological_Process_2025,Protein Modification by Small Protein Conjugation (GO:0032446),1/316,0.7840217251311453,0.7845024251465538,0,0,0.6546031746031746,0.1592770942154069,PLK1
GO_Biological_Process_2025,Protein Localization (GO:0008104),1/371,0.835004979057798,0.835004979057798,0,0,0.5557325746799431,0.1002083592207675,HDAC6
GO_Molecular_Function_2025,Carbonate Dehydratase Activity (GO:0004089),9/12,1.9998037798154572e-19,5.0595035629331073e-17,0,0,686.2413793103449,29546.855286973245,CA12;CA3;CA5B;CA2;CA5A;CA4;CA7;CA6;CA9
GO_Molecular_Function_2025,Protein Tyrosine Kinase Activity (GO:0004713),14/102,5.420040632892482e-17,6.85635140060899e-15,0,0,38.44567627494457,1439.938333558326,DYRK2;FLT3;SRC;DYRK1A;CLK4;CLK3;MTOR;PKM;TTR;AXL;KIT;KDR;FYN;FGFR1
GO_Molecular_Function_2025,Hydro-Lyase Activity (GO:0016836),10/46,1.4175069343753883e-14,1.1954308479899109e-12,0,0,64.17312661498708,2046.307204678376,CA12;CA1;CA3;CA5B;CA2;CA5A;CA4;CA7;CA6;CA9
GO_Molecular_Function_2025,Protein Serine/Threonine Kinase Activity (GO:0004674),18/359,9.37573094149264e-14,5.930149820494095e-12,0,0,13.239115722986693,397.1478773810464,DYRK4;GSK3B;DYRK3;DYRK2;PRKAA2;PLK1;DYRK1A;DYRK1B;CSNK1E;MAPK14;CLK4;CLK3;MTOR;RPS6KA3;PKM;TTR;CDK2;MAPKAPK5
GO_Molecular_Function_2025,Endopeptidase Activity (GO:0004175),13/311,3.074283070038286e-09,1.4261395531135862e-07,0,0,10.304762674860516,201.9753486932624,KLK1;MMP1;MMP2;KLK2;MMP9;ADAMTS4;BACE1;MMP12;DPP4;ADAMTS5;MMP14;MMP13;PSMB5
GO_Molecular_Function_2025,Protein Homodimerization Activity (GO:0042803),18/680,3.382149137818782e-09,1.4261395531135862e-07,0,0,6.70764582849175,130.83098509007078,KCNH2;ACHE;APP;STAT1;SIRT6;TYR;VEGFA;MMP12;DPP4;PKM;TTR;TERT;STING1;HSD17B1;KIT;XDH;ABCG2;FGFR1
GO_Molecular_Function_2025,Serine-Type Endopeptidase Activity (GO:0004252),9/136,1.8712538418194048e-08,6.763246028290135e-07,0,0,16.109421667119197,286.6522095728335,MMP12;DPP4;MMP14;MMP13;KLK1;MMP1;MMP2;KLK2;MMP9
GO_Molecular_Function_2025,Metalloendopeptidase Activity (GO:0004222),8/99,2.50598223412666e-08,7.925168815425561e-07,0,0,19.793206793206792,346.42070483626594,ADAMTS4;MMP12;ADAMTS5;MMP14;MMP13;MMP1;MMP2;MMP9
GO_Molecular_Function_2025,Serine-Type Peptidase Activity (GO:0008236),9/149,4.142335931812611e-08,1.1644566563873229e-06,0,0,14.603940886699508,248.25853764692343,MMP12;DPP4;MMP14;MMP13;KLK1;MMP1;MMP2;KLK2;MMP9
GO_Molecular_Function_2025,Metallopeptidase Activity (GO:0008237),8/122,1.2880266274383205e-07,3.258707367418951e-06,0,0,15.781499202551831,250.37323786822583,ADAMTS4;MMP12;ADAMTS5;MMP14;MMP13;MMP1;MMP2;MMP9
GO_Molecular_Function_2025,Tau Protein Binding (GO:0048156),5/40,1.321175714586205e-06,3.038704143548272e-05,0,0,31.191522762951333,422.2392857171392,GSK3B;DYRK1A;FYN;HDAC6;SNCA
GO_Molecular_Function_2025,Transmembrane Receptor Protein Tyrosine Kinase Activity (GO:0004714),5/50,4.095992102721715e-06,8.635716683238282e-05,0,0,24.247863247863247,300.8069062761304,FLT3;AXL;KIT;KDR;FGFR1
GO_Molecular_Function_2025,Transition Metal Ion Binding (GO:0046914),11/458,1.2339684991031002e-05,0.00022679255242119865,0,0,5.633030661929201,63.66839971128206,ADAMTS4;MMP12;DYRK2;MMP13;CA2;ALOX5;CA9;SIRT6;TYR;MMP9;SNCA
GO_Molecular_Function_2025,ABC-type Xenobiotic Transporter Activity (GO:0008559),3/10,1.254978550947344e-05,0.00022679255242119865,0,0,91.69124423963132,1034.809684557288,ABCC1;ABCB1;ABCG2
GO_Molecular_Function_2025,Hsp90 Protein Binding (GO:0051879),4/35,2.3282551948480395e-05,0.0003703468986413749,0,0,27.872370266479663,297.3370477191675,KDR;MAPT;HIF1A;HDAC6
GO_Molecular_Function_2025,Protease Binding (GO:0002020),6/119,2.3421147740166e-05,0.0003703468986413749,0,0,11.676106194690265,124.48914029708206,ADAMTS4;DPP4;GSK3B;TTR;SERPINE1;BCL2
GO_Molecular_Function_2025,Transcription Coactivator Binding (GO:0001223),4/36,2.6096833856651637e-05,0.00038838229210193313,0,0,27.0,284.94980709754475,TERT;STAT1;HIF1A;ESR1
GO_Molecular_Function_2025,Transmembrane Receptor Protein Kinase Activity (GO:0019199),4/37,2.9152814587708133e-05,0.0004097590050383421,0,0,26.180500658761527,273.4018974530941,FLT3;AXL;KIT;KDR
GO_Molecular_Function_2025,Protein Serine Kinase Activity (GO:0106310),3/17,6.94016149133282e-05,0.0009241372933195808,0,0,45.8294930875576,438.8449133069964,GSK3B;PLK1;DYRK1A
GO_Molecular_Function_2025,Transcription Coregulator Binding (GO:0001221),5/103,0.00013850860761213465,0.0017521338862935,0,0,11.104507737160798,98.65886609122175,TERT;STAT1;HIF1A;ESR1;HDAC6
GO_Molecular_Function_2025,Ephrin Receptor Binding (GO:0046875),3/22,0.0001544616586009299,0.0018608952202873,0,0,33.76061120543294,296.26842648702603,APP;SRC;FYN
GO_Molecular_Function_2025,Protein Kinase Binding (GO:0019901),10/527,0.0002197265233457876,0.0022857809822763,0,0,4.360352660699024,36.72780361790209,BACE1;APP;GSK3B;TTR;STING1;PLK1;MAPKAPK5;MAPT;HIF1A;ESR1
GO_Molecular_Function_2025,Zinc Ion Binding (GO:0008270),8/338,0.00022332454338364416,0.0022857809822763,0,0,5.39228650137741,45.33232977027317,ADAMTS4;MMP12;MMP13;CA2;CA9;SIRT6;MMP9;SNCA
GO_Molecular_Function_2025,4-galactosyl-N-acetylglucosaminide 3-alpha-L-fucosyltransferase Activity (GO:0017083),2/5,0.00022586768599568456,0.0022857809822763,0,0,141.1418439716312,1184.964987580801,FUT7;FUT4
GO_Molecular_Function_2025,Arylesterase Activity (GO:0004064),2/5,0.00022586768599568456,0.0022857809822763,0,0,141.1418439716312,1184.964987580801,CA1;CA2
GO_Molecular_Function_2025,Protein Serine/Threonine/Tyrosine Kinase Activity (GO:0004712),3/27,0.00028831803960752,0.0028055563084885,0,0,26.72043010752688,217.81015335035795,PRKAA2;MAPKAPK5;MAPK14
GO_Molecular_Function_2025,Alpha-(1->3)-Fucosyltransferase Activity (GO:0046920),2/7,0.0004713603714468496,0.0044168212583723,0,0,84.67659574468085,648.6132088589799,FUT7;FUT4
GO_Molecular_Function_2025,Alpha-Tubulin Binding (GO:0043014),3/35,0.0006274568787277046,0.0056695210827896,0,0,20.032258064516128,147.71457783436244,FYN;HDAC6;SNCA
GO_Molecular_Function_2025,Non-Membrane Spanning Protein Tyrosine Kinase Activity (GO:0004715),3/36,0.000682126294766358,0.0059509638819271,0,0,19.424242424242426,141.60847168791395,SRC;DYRK1A;FYN
GO_Molecular_Function_2025,Histone H3 Kinase Activity (GO:0140996),2/10,0.0010006174330829,0.0081663293732256,0,0,52.91489361702128,365.49047439590856,PKM;DYRK1A
GO_Molecular_Function_2025,Estrogen Response Element Binding (GO:0034056),2/10,0.0010006174330829,0.0081663293732256,0,0,52.91489361702128,365.49047439590856,ESR1;ESR2
GO_Molecular_Function_2025,Fucosyltransferase Activity (GO:0008417),2/11,0.0012191569333951,0.0093468698226963,0,0,47.033096926713945,315.5730647708604,FUT7;FUT4
GO_Molecular_Function_2025,Dynactin Binding (GO:0034452),2/11,0.0012191569333951,0.0093468698226963,0,0,47.033096926713945,315.5730647708604,GSK3B;MAPT
GO_Molecular_Function_2025,Transcription Corepressor Binding (GO:0001222),3/46,0.0014008065828257,0.0102494527012207,0,0,14.89947486871718,97.90008497345548,STAT1;ESR1;HDAC6
GO_Molecular_Function_2025,Vascular Endothelial Growth Factor Receptor Binding (GO:0005172),2/12,0.0014584201472092,0.0102494527012207,0,0,42.327659574468086,276.41661242727787,PGF;VEGFA
GO_Molecular_Function_2025,Lipase Activator Activity (GO:0060229),2/12,0.0014584201472092,0.0102494527012207,0,0,42.327659574468086,276.41661242727787,SRC;FYN
GO_Molecular_Function_2025,MAP Kinase Kinase Activity (GO:0004708),2/14,0.0019983199495877,0.0136641877633972,0,0,35.269503546099294,219.2157820877061,MAPKAPK5;MAPK14
GO_Molecular_Function_2025,Phospholipase Activator Activity (GO:0016004),2/15,0.0022985611577693,0.0153035782346221,0,0,32.55482815057283,197.78594479007495,SRC;FYN
GO_Molecular_Function_2025,Ubiquitin-Like Protein Ligase Binding (GO:0044389),6/284,0.0024785019559776,0.0160784870477521,0,0,4.706474820143885,28.23932404573712,KCNH2;GSK3B;STAT1;BCL2;HIF1A;HDAC6
GO_Molecular_Function_2025,Phospholipase Binding (GO:0043274),2/16,0.00261873530111,0.0165635007795213,0,0,30.227963525835865,179.70717131978577,SRC;FYN
GO_Molecular_Function_2025,DNA-binding Transcription Factor Binding (GO:0140297),6/294,0.0029416692379291,0.0178223329282282,0,0,4.54074074074074,26.466970145395106,GSK3B;KDM1A;STING1;BCL2;SOST;HIF1A
GO_Molecular_Function_2025,Nuclear Steroid Receptor Activity (GO:0003707),2/17,0.0029586481540932,0.0178223329282282,0,0,28.21134751773049,164.2753203692656,ESR1;ESR2
GO_Molecular_Function_2025,Metal Ion Binding (GO:0046872),8/516,0.003388704171691,0.019938189661345,0,0,3.471009305654975,19.74069788454306,MMP12;DYRK3;DYRK2;MMP13;TTR;MMP1;PLK1;SNCA
GO_Molecular_Function_2025,Histone Deacetylase Activity (GO:0004407),2/20,0.0040948972210907,0.0235456590212718,0,0,23.505910165484632,129.23581519530129,SIRT6;HDAC6
GO_Molecular_Function_2025,Tubulin Binding (GO:0015631),6/326,0.0048651378109707,0.0272117485001913,0,0,4.08,21.72869376582406,PLK1;DYRK1A;FYN;MAPT;HDAC6;SNCA
GO_Molecular_Function_2025,"Oxidoreductase, Single Donors W Incorp of O2, Incorp of Two Atoms of O (GO:0016702)",2/22,0.0049475906363984,0.0272117485001913,0,0,21.153191489361703,112.29921711841662,ALOX5;PTGS1
GO_Molecular_Function_2025,RNA Polymerase II-specific DNA-binding Transcription Factor Binding (GO:0061629),5/232,0.0052288616464393,0.0278916141669058,0,0,4.7627922738054895,25.021622993852727,GSK3B;KDM1A;STING1;MAPK14;HIF1A
GO_Molecular_Function_2025,Steroid Hydroxylase Activity (GO:0008395),2/23,0.0054019331785707,0.0278916141669058,0,0,20.144883485309016,105.1764043129469,CYP1B1;CYP19A1
GO_Molecular_Function_2025,Mitogen-Activated Protein Kinase Binding (GO:0051019),2/23,0.0054019331785707,0.0278916141669058,0,0,20.144883485309016,105.1764043129469,MAPKAPK5;MAPK14
GO_Molecular_Function_2025,Kinase Binding (GO:0019900),7/472,0.0076633393291801,0.0383857153946418,0,0,3.287978736257098,16.01675530175866,GSK3B;TTR;STING1;PLK1;MAPT;HIF1A;ESR1
GO_Molecular_Function_2025,Magnesium Ion Binding (GO:0000287),4/162,0.0077378319570226,0.0383857153946418,0,0,5.4336818932306,26.41657122200385,DYRK3;DYRK2;PLK1;SNCA
GO_Molecular_Function_2025,Virus Receptor Activity (GO:0001618),2/29,0.0085083695950949,0.0413964905299813,0,0,15.663514578408195,74.66335234524666,DPP4;AXL
GO_Molecular_Function_2025,Protein Tyrosine Kinase Activator Activity (GO:0030296),2/30,0.009087823485852,0.0433814970173691,0,0,15.103343465045592,70.99809661026983,SRC;VEGFA
GO_Molecular_Function_2025,Ubiquitin Protein Ligase Binding (GO:0031625),5/268,0.0094609642741308,0.044326369654724,0,0,4.1033301299461,19.123902314737983,KCNH2;GSK3B;BCL2;HIF1A;HDAC6
GO_Molecular_Function_2025,Telomeric DNA Binding (GO:0042162),2/35,0.0122390168869593,0.0545372514575206,0,0,12.811734364925854,56.411684848762775,KDM1A;TERT
GO_Molecular_Function_2025,Growth Factor Receptor Binding (GO:0070851),3/100,0.0123887403730049,0.0545372514575206,0,0,6.58696375124709,28.92314213052681,FYN;PGF;VEGFA
GO_Molecular_Function_2025,"Oxidoreductase, Paired Donors, W Incorp or Reduc of O2, Reduced Flavin or Flavoprotein as One Donor, and Incorp of O (GO:0016712)",2/36,0.0129188360685873,0.0545372514575206,0,0,12.434292866082604,54.07759605240032,CYP1B1;CYP19A1
GO_Molecular_Function_2025,Chemoattractant Activity (GO:0042056),2/36,0.0129188360685873,0.0545372514575206,0,0,12.434292866082604,54.07759605240032,PGF;VEGFA
GO_Molecular_Function_2025,Core Promoter Sequence-Specific DNA Binding (GO:0001046),2/36,0.0129188360685873,0.0545372514575206,0,0,12.434292866082604,54.07759605240032,MMP12;STAT1
GO_Molecular_Function_2025,Anion Binding (GO:0043168),6/402,0.0129337355235226,0.0545372514575206,0,0,3.284175084175084,14.279318132008566,KDM1A;STING1;HSD17B1;SIRT6;XDH;MTOR
GO_Molecular_Function_2025,Carboxylic Ester Hydrolase Activity (GO:0052689),3/111,0.0163668707789965,0.0678822673292806,0,0,5.9127837514934285,24.31629989173449,ACHE;CA1;CA2
GO_Molecular_Function_2025,Nuclear Receptor Binding (GO:0016922),3/116,0.0183852271837277,0.0746776716266146,0,0,5.649728803882387,22.577490355145244,KDM1A;HIF1A;ESR1
GO_Molecular_Function_2025,Adenyl Ribonucleotide Binding (GO:0032559),5/318,0.0185956257410147,0.0746776716266146,0,0,3.439068918302145,13.704101218646402,DYRK3;DYRK2;ABCB1;STING1;PLK1
GO_Molecular_Function_2025,Endopeptidase Inhibitor Activity (GO:0004866),3/119,0.0196597518135948,0.0765936536256865,0,0,5.502780867630701,21.621426369934127,APP;SERPINE1;SNCA
GO_Molecular_Function_2025,Copper Ion Binding (GO:0005507),2/45,0.0197433037754554,0.0765936536256865,0,0,9.827313211281544,38.57162350571695,TYR;SNCA
GO_Molecular_Function_2025,Calcium Ion Binding (GO:0005509),5/324,0.0199809531197443,0.0765936536256865,0,0,3.373350787143891,13.199840005828756,MMP12;MMP13;TTR;MMP1;SNCA
GO_Molecular_Function_2025,"1-Phosphatidylinositol-4,5-Bisphosphate 3-Kinase Activity (GO:0046934)",1/5,0.0237728924186838,0.0823909833140687,0,0,52.36842105263158,195.81648814874995,PIK3CA
GO_Molecular_Function_2025,BH Domain Binding (GO:0051400),1/5,0.0237728924186838,0.0823909833140687,0,0,52.36842105263158,195.81648814874995,BCL2
GO_Molecular_Function_2025,BH3 Domain Binding (GO:0051434),1/5,0.0237728924186838,0.0823909833140687,0,0,52.36842105263158,195.81648814874995,BCL2
GO_Molecular_Function_2025,Telomerase Activity (GO:0003720),1/5,0.0237728924186838,0.0823909833140687,0,0,52.36842105263158,195.81648814874995,TERT
GO_Molecular_Function_2025,"Inositol-1,4,5-Trisphosphate 5-Phosphatase Activity (GO:0052658)",1/5,0.0237728924186838,0.0823909833140687,0,0,52.36842105263158,195.81648814874995,SYNJ2
GO_Molecular_Function_2025,Vascular Endothelial Growth Factor Receptor Activity (GO:0005021),1/5,0.0237728924186838,0.0823909833140687,0,0,52.36842105263158,195.81648814874995,KDR
GO_Molecular_Function_2025,RNA Polymerase III Type 3 Promoter Sequence-Specific DNA Binding (GO:0001006),1/5,0.0237728924186838,0.0823909833140687,0,0,52.36842105263158,195.81648814874995,MTOR
GO_Molecular_Function_2025,Exopeptidase Activity (GO:0008238),2/53,0.0268110563829108,0.0837251650349619,0,0,8.282436378806842,29.973647969477504,MMP12;DPP4
GO_Molecular_Function_2025,1-Phosphatidylinositol-4-Phosphate 3-Kinase Activity (GO:0035005),1/6,0.0284599375217657,0.0837251650349619,0,0,41.892631578947366,149.10667912928483,PIK3CA
GO_Molecular_Function_2025,Telethonin Binding (GO:0031433),1/6,0.0284599375217657,0.0837251650349619,0,0,41.892631578947366,149.10667912928483,TTR
GO_Molecular_Function_2025,Testosterone Dehydrogenase [NAD(P)+] Activity (GO:0030283),1/6,0.0284599375217657,0.0837251650349619,0,0,41.892631578947366,149.10667912928483,HSD17B1
GO_Molecular_Function_2025,Threonine-Type Peptidase Activity (GO:0070003),1/6,0.0284599375217657,0.0837251650349619,0,0,41.892631578947366,149.10667912928483,BACE1
GO_Molecular_Function_2025,"Histone Deacetylase Activity, NAD-dependent (GO:0017136)",1/6,0.0284599375217657,0.0837251650349619,0,0,41.892631578947366,149.10667912928483,SIRT6
GO_Molecular_Function_2025,NAD-dependent Protein Lysine Deacetylase Activity (GO:0034979),1/6,0.0284599375217657,0.0837251650349619,0,0,41.892631578947366,149.10667912928483,SIRT6
GO_Molecular_Function_2025,Minor Groove of Adenine-Thymine-Rich DNA Binding (GO:0003680),1/6,0.0284599375217657,0.0837251650349619,0,0,41.892631578947366,149.10667912928483,MAPT
GO_Molecular_Function_2025,RNA Polymerase III Cis-Regulatory Region Sequence-Specific DNA Binding (GO:0000992),1/6,0.0284599375217657,0.0837251650349619,0,0,41.892631578947366,149.10667912928483,MTOR
GO_Molecular_Function_2025,RNA-directed DNA Polymerase Activity (GO:0003964),1/6,0.0284599375217657,0.0837251650349619,0,0,41.892631578947366,149.10667912928483,TERT
GO_Molecular_Function_2025,"Oxidoreductase, Paired Donors, W Incorp or Reduction of O2, Another Compound as One Donor, and Incorp of O (GO:0016716)",1/6,0.0284599375217657,0.0837251650349619,0,0,41.892631578947366,149.10667912928483,TYR
GO_Molecular_Function_2025,"Beta-Galactoside (CMP) Alpha-2,3-Sialyltransferase Activity (GO:0003836)",1/6,0.0284599375217657,0.0837251650349619,0,0,41.892631578947366,149.10667912928483,ST3GAL3
GO_Molecular_Function_2025,Phosphatidylinositol Phosphate Phosphatase Activity (GO:0052866),1/6,0.0284599375217657,0.0837251650349619,0,0,41.892631578947366,149.10667912928483,SYNJ2
GO_Molecular_Function_2025,Iron Ion Binding (GO:0005506),2/57,0.0306725393385368,0.0891971546281589,0,0,7.678529980657641,26.754973950283677,ALOX5;SNCA
GO_Molecular_Function_2025,Flavin Adenine Dinucleotide Binding (GO:0050660),2/58,0.0316704328005645,0.091052494301623,0,0,7.541033434650456,26.034450815027743,KDM1A;XDH
GO_Molecular_Function_2025,Omega Peptidase Activity (GO:0008242),1/7,0.033124714124782,0.0920939854238445,0,0,34.90877192982456,118.95078944635851,BACE1
GO_Molecular_Function_2025,"Phosphatidylinositol-4,5-Bisphosphate 5-Phosphatase Activity (GO:0004439)",1/7,0.033124714124782,0.0920939854238445,0,0,34.90877192982456,118.95078944635851,SYNJ2
GO_Molecular_Function_2025,Estrogen 16-Alpha-Hydroxylase Activity (GO:0101020),1/7,0.033124714124782,0.0920939854238445,0,0,34.90877192982456,118.95078944635851,CYP1B1
GO_Molecular_Function_2025,Serine-Type Endopeptidase Inhibitor Activity (GO:0004867),2/60,0.0337042395194036,0.0926866586783601,0,0,7.28026412325752,24.68105380840516,APP;SERPINE1
GO_Molecular_Function_2025,Inositol-Polyphosphate 5-Phosphatase Activity (GO:0004445),1/8,0.0377673265742595,0.0946052833988878,0,0,29.9203007518797,98.02820827717792,SYNJ2
GO_Molecular_Function_2025,Urate Transmembrane Transporter Activity (GO:0015143),1/8,0.0377673265742595,0.0946052833988878,0,0,29.9203007518797,98.02820827717792,ABCG2
GO_Molecular_Function_2025,Vascular Endothelial Growth Factor Receptor 2 Binding (GO:0043184),1/8,0.0377673265742595,0.0946052833988878,0,0,29.9203007518797,98.02820827717792,VEGFA
GO_Molecular_Function_2025,RNA Polymerase II CTD Heptapeptide Repeat Kinase Activity (GO:0008353),1/8,0.0377673265742595,0.0946052833988878,0,0,29.9203007518797,98.02820827717792,DYRK1A
GO_Molecular_Function_2025,Phosphatidylinositol Phosphate 4-Phosphatase Activity (GO:0034596),1/8,0.0377673265742595,0.0946052833988878,0,0,29.9203007518797,98.02820827717792,SYNJ2
GO_Molecular_Function_2025,Phospholipase Inhibitor Activity (GO:0004859),1/8,0.0377673265742595,0.0946052833988878,0,0,29.9203007518797,98.02820827717792,SNCA
GO_Molecular_Function_2025,Calcium-Dependent Protein Serine/Threonine Kinase Activity (GO:0009931),1/8,0.0377673265742595,0.0946052833988878,0,0,29.9203007518797,98.02820827717792,MAPKAPK5
GO_Molecular_Function_2025,Cuprous Ion Binding (GO:1903136),1/8,0.0377673265742595,0.0946052833988878,0,0,29.9203007518797,98.02820827717792,SNCA
GO_Molecular_Function_2025,Death Domain Binding (GO:0070513),1/8,0.0377673265742595,0.0946052833988878,0,0,29.9203007518797,98.02820827717792,BCL2
GO_Molecular_Function_2025,1-Phosphatidylinositol-3-Kinase Activity (GO:0016303),1/9,0.0423878788402831,0.0974921213326512,0,0,26.178947368421053,82.74884713910977,PIK3CA
GO_Molecular_Function_2025,Tau-Protein Kinase Activity (GO:0050321),1/9,0.0423878788402831,0.0974921213326512,0,0,26.178947368421053,82.74884713910977,GSK3B
GO_Molecular_Function_2025,Tumor Necrosis Factor Receptor Binding (GO:0005164),1/9,0.0423878788402831,0.0974921213326512,0,0,26.178947368421053,82.74884713910977,STAT1
GO_Molecular_Function_2025,RNA Polymerase II General Transcription Initiation Factor Binding (GO:0001091),1/9,0.0423878788402831,0.0974921213326512,0,0,26.178947368421053,82.74884713910977,ESR1
GO_Molecular_Function_2025,Phosphatidylinositol 3-Kinase Regulator Activity (GO:0035014),1/9,0.0423878788402831,0.0974921213326512,0,0,26.178947368421053,82.74884713910977,FLT3
GO_Molecular_Function_2025,"Phosphatidylinositol-3,5-Bisphosphate 3-Phosphatase Activity (GO:0052629)",1/9,0.0423878788402831,0.0974921213326512,0,0,26.178947368421053,82.74884713910977,SYNJ2
GO_Molecular_Function_2025,"Phosphatidylinositol-4,5-Bisphosphate Phosphatase Activity (GO:0106019)",1/9,0.0423878788402831,0.0974921213326512,0,0,26.178947368421053,82.74884713910977,SYNJ2
GO_Molecular_Function_2025,Proton Channel Activity (GO:0015252),1/9,0.0423878788402831,0.0974921213326512,0,0,26.178947368421053,82.74884713910977,STING1
GO_Molecular_Function_2025,Estradiol 17-Beta-Dehydrogenase [NAD(P)+] Activity (GO:0004303),1/9,0.0423878788402831,0.0974921213326512,0,0,26.178947368421053,82.74884713910977,HSD17B1
GO_Molecular_Function_2025,ATP Binding (GO:0005524),4/281,0.0464604893952645,0.1033702438206162,0,0,3.0806780725160885,9.455072403763864,DYRK3;DYRK2;ABCB1;PLK1
GO_Molecular_Function_2025,Glycerophospholipid Flippase Activity (GO:0140333),1/10,0.0469864744639164,0.1033702438206162,0,0,23.269005847953217,71.15418818005004,ABCB1
GO_Molecular_Function_2025,Voltage-Gated Potassium Channel Activity Involved in Ventricular Cardiac Muscle Cell Action Potential Repolarization (GO:1902282),1/10,0.0469864744639164,0.1033702438206162,0,0,23.269005847953217,71.15418818005004,KCNH2
GO_Molecular_Function_2025,Channel Inhibitor Activity (GO:0016248),1/10,0.0469864744639164,0.1033702438206162,0,0,23.269005847953217,71.15418818005004,BCL2
GO_Molecular_Function_2025,Dipeptidyl-Peptidase Activity (GO:0008239),1/10,0.0469864744639164,0.1033702438206162,0,0,23.269005847953217,71.15418818005004,DPP4
GO_Molecular_Function_2025,ATPase Binding (GO:0051117),2/74,0.0492724093905823,0.1074648239294597,0,0,5.860520094562648,17.642456958799208,SRC;ESR1
GO_Molecular_Function_2025,BMP Receptor Binding (GO:0070700),1/11,0.0515632165556114,0.1114999469108521,0,0,20.94105263157895,62.08910527455818,SRC
GO_Molecular_Function_2025,"Phosphotransferase Activity, Alcohol Group as Acceptor (GO:0016773)",2/79,0.0553529754623832,0.1154301346851333,0,0,5.478585244542692,15.85516191751156,PKM;NADK
GO_Molecular_Function_2025,Voltage-Gated Potassium Channel Activity Involved in Cardiac Muscle Cell Action Potential Repolarization (GO:0086008),1/12,0.0561182077718237,0.1154301346851333,0,0,19.036363636363635,54.83034223662069,KCNH2
GO_Molecular_Function_2025,Nucleotidyltransferase Activity (GO:0016779),1/12,0.0561182077718237,0.1154301346851333,0,0,19.036363636363635,54.83034223662069,TERT
GO_Molecular_Function_2025,Phosphatidylinositol Phosphate 5-Phosphatase Activity (GO:0034595),1/12,0.0561182077718237,0.1154301346851333,0,0,19.036363636363635,54.83034223662069,SYNJ2
GO_Molecular_Function_2025,Platelet-Derived Growth Factor Receptor Binding (GO:0005161),1/12,0.0561182077718237,0.1154301346851333,0,0,19.036363636363635,54.83034223662069,VEGFA
GO_Molecular_Function_2025,Cardiolipin Binding (GO:1901612),1/12,0.0561182077718237,0.1154301346851333,0,0,19.036363636363635,54.83034223662069,MMP12
GO_Molecular_Function_2025,Sequence-Specific DNA Binding (GO:0043565),7/718,0.0573325166367415,0.1169768282991581,0,0,2.12315302074938,6.069855282659476,MMP12;KDM1A;TERT;BCL2;MAPT;HIF1A;ESR1
GO_Molecular_Function_2025,Histone H3K9 Demethylase Activity (GO:0032454),1/13,0.0606515503312197,0.1180372479522968,0,0,17.449122807017545,48.903087500760165,KDM1A
GO_Molecular_Function_2025,RNA Polymerase II Core Promoter Sequence-Specific DNA Binding (GO:0000979),1/13,0.0606515503312197,0.1180372479522968,0,0,17.449122807017545,48.903087500760165,STAT1
GO_Molecular_Function_2025,"Phosphatidylinositol-3,5-Bisphosphate Phosphatase Activity (GO:0106018)",1/13,0.0606515503312197,0.1180372479522968,0,0,17.449122807017545,48.903087500760165,SYNJ2
GO_Molecular_Function_2025,Protein Kinase A Catalytic Subunit Binding (GO:0034236),1/13,0.0606515503312197,0.1180372479522968,0,0,17.449122807017545,48.903087500760165,GSK3B
GO_Molecular_Function_2025,Cyclin-Dependent Protein Kinase Activity (GO:0097472),1/13,0.0606515503312197,0.1180372479522968,0,0,17.449122807017545,48.903087500760165,CDK2
GO_Molecular_Function_2025,Cyclin-Dependent Protein Serine/Threonine Kinase Activity (GO:0004693),1/13,0.0606515503312197,0.1180372479522968,0,0,17.449122807017545,48.903087500760165,CDK2
GO_Molecular_Function_2025,Actin Binding (GO:0003779),3/187,0.0611725810568395,0.1181424657051938,0,0,3.4572230014025247,9.659675402656044,DYRK1A;MAPT;SNCA
GO_Molecular_Function_2025,"2 Iron, 2 Sulfur Cluster Binding (GO:0051537)",1/14,0.0651633459609098,0.1221209372452605,0,0,16.106072874493925,43.98340031976613,XDH
GO_Molecular_Function_2025,MAP Kinase Activity (GO:0004707),1/14,0.0651633459609098,0.1221209372452605,0,0,16.106072874493925,43.98340031976613,MAPK14
GO_Molecular_Function_2025,Muscle Alpha-Actinin Binding (GO:0051371),1/14,0.0651633459609098,0.1221209372452605,0,0,16.106072874493925,43.98340031976613,TTR
GO_Molecular_Function_2025,Aspartic-Type Peptidase Activity (GO:0070001),1/14,0.0651633459609098,0.1221209372452605,0,0,16.106072874493925,43.98340031976613,BACE1
GO_Molecular_Function_2025,Cadherin Binding (GO:0045296),4/317,0.0664074792499379,0.1235374430164286,0,0,2.721350187526045,7.3801536386463615,PKM;SRC;STAT1;KDR
GO_Molecular_Function_2025,Kinase Activity (GO:0016301),2/90,0.0695843256413094,0.1241013033724396,0,0,4.79110251450677,12.769322807684263,GSK3B;NADK
GO_Molecular_Function_2025,Transmembrane Receptor Protein Tyrosine Kinase Activator Activity (GO:0030297),1/15,0.0696536959639779,0.1241013033724396,0,0,14.954887218045112,39.84310237624529,VEGFA
GO_Molecular_Function_2025,NAD+ Binding (GO:0070403),1/15,0.0696536959639779,0.1241013033724396,0,0,14.954887218045112,39.84310237624529,SIRT6
GO_Molecular_Function_2025,"Oxidoreductase Activity, Acting on NAD(P)H, Quinone or Similar Compound as Acceptor (GO:0016655)",1/15,0.0696536959639779,0.1241013033724396,0,0,14.954887218045112,39.84310237624529,CBR1
GO_Molecular_Function_2025,Phosphatidylinositol-3-Phosphate Phosphatase Activity (GO:0004438),1/15,0.0696536959639779,0.1241013033724396,0,0,14.954887218045112,39.84310237624529,SYNJ2
GO_Molecular_Function_2025,Protein Serine/Threonine Kinase Binding (GO:0120283),1/15,0.0696536959639779,0.1241013033724396,0,0,14.954887218045112,39.84310237624529,BACE1
GO_Molecular_Function_2025,Growth Factor Activity (GO:0008083),2/92,0.0722888268464433,0.1278956167283227,0,0,4.684160756501182,12.30569174241841,PGF;VEGFA
GO_Molecular_Function_2025,Ribosome Binding (GO:0043022),2/93,0.0736537800118073,0.1284455026511364,0,0,4.632452653729249,12.083195988524617,RPSA;MTOR
GO_Molecular_Function_2025,Phosphatidylglycerol Binding (GO:1901611),1/16,0.0741227011346479,0.1284455026511364,0,0,13.95719298245614,36.31708280615695,MMP12
GO_Molecular_Function_2025,Phosphatidylinositol Monophosphate Phosphatase Activity (GO:0052744),1/16,0.0741227011346479,0.1284455026511364,0,0,13.95719298245614,36.31708280615695,SYNJ2
GO_Molecular_Function_2025,Histone Acetyltransferase Binding (GO:0035035),1/17,0.0785704618658466,0.132522179013728,0,0,13.08421052631579,33.28308421675135,STAT1
GO_Molecular_Function_2025,Transmembrane Receptor Protein Serine/Threonine Kinase Binding (GO:0070696),1/17,0.0785704618658466,0.132522179013728,0,0,13.08421052631579,33.28308421675135,SRC
GO_Molecular_Function_2025,Neuropilin Binding (GO:0038191),1/17,0.0785704618658466,0.132522179013728,0,0,13.08421052631579,33.28308421675135,VEGFA
GO_Molecular_Function_2025,Receptor Antagonist Activity (GO:0048019),1/17,0.0785704618658466,0.132522179013728,0,0,13.08421052631579,33.28308421675135,ESR2
GO_Molecular_Function_2025,Single-Stranded DNA Binding (GO:0003697),2/97,0.0791957151834087,0.1326921585523338,0,0,4.436506159014558,11.250239090274126,RAD52;MAPT
GO_Molecular_Function_2025,Hexosyltransferase Activity (GO:0016758),2/99,0.0820144458187472,0.134604235538442,0,0,4.344593112524676,10.865218604443312,FUT7;FUT4
GO_Molecular_Function_2025,BMP Binding (GO:0036122),1/18,0.0829970780395136,0.134604235538442,0,0,12.313931888544891,30.64875924889407,SOST
GO_Molecular_Function_2025,Metalloaminopeptidase Activity (GO:0070006),1/18,0.0829970780395136,0.134604235538442,0,0,12.313931888544891,30.64875924889407,MMP14
GO_Molecular_Function_2025,Phosphatidylcholine Transporter Activity (GO:0008525),1/18,0.0829970780395136,0.134604235538442,0,0,12.313931888544891,30.64875924889407,ABCB1
GO_Molecular_Function_2025,Disordered Domain Specific Binding (GO:0097718),1/18,0.0829970780395136,0.134604235538442,0,0,12.313931888544891,30.64875924889407,FYN
GO_Molecular_Function_2025,Protein Heterodimerization Activity (GO:0046982),3/216,0.0857461341230776,0.1381768912938766,0,0,2.982129335150689,7.325195968452227,APP;BCL2;HIF1A
GO_Molecular_Function_2025,Aspartic-Type Endopeptidase Activity (GO:0004190),1/19,0.0874026490788467,0.1399548747908115,0,0,11.629239766081872,28.343128394593275,BACE1
GO_Molecular_Function_2025,Fibroblast Growth Factor Binding (GO:0017134),1/20,0.0917872740073591,0.1442371448687072,0,0,11.01662049861496,26.310792233027552,FGFR1
GO_Molecular_Function_2025,TBP-class Protein Binding (GO:0017025),1/20,0.0917872740073591,0.1442371448687072,0,0,11.01662049861496,26.310792233027552,ESR1
GO_Molecular_Function_2025,Sialyltransferase Activity (GO:0008373),1/20,0.0917872740073591,0.1442371448687072,0,0,11.01662049861496,26.310792233027552,ST3GAL3
GO_Molecular_Function_2025,Telomerase RNA Binding (GO:0070034),1/21,0.0961510513071087,0.146273868251535,0,0,10.465263157894736,24.507918218027072,TERT
GO_Molecular_Function_2025,Histone Demethylase Activity (GO:0032452),1/21,0.0961510513071087,0.146273868251535,0,0,10.465263157894736,24.507918218027072,KDM1A
GO_Molecular_Function_2025,DNA Polymerase Activity (GO:0034061),1/21,0.0961510513071087,0.146273868251535,0,0,10.465263157894736,24.507918218027072,TERT
GO_Molecular_Function_2025,Actinin Binding (GO:0042805),1/21,0.0961510513071087,0.146273868251535,0,0,10.465263157894736,24.507918218027072,TTR
GO_Molecular_Function_2025,Cysteine-Type Endopeptidase Inhibitor Activity (GO:0004869),1/21,0.0961510513071087,0.146273868251535,0,0,10.465263157894736,24.507918218027072,SNCA
GO_Molecular_Function_2025,Cytokine Receptor Binding (GO:0005126),2/109,0.0965523161976535,0.146273868251535,0,0,3.936567906144363,9.202397802454184,PGF;VEGFA
GO_Molecular_Function_2025,bHLH Transcription Factor Binding (GO:0043425),1/22,0.1004940790729363,0.1513392976515052,0,0,9.96641604010025,22.899400276475088,KDM1A
GO_Molecular_Function_2025,Protein Kinase Regulator Activity (GO:0019887),2/113,0.1025597665206661,0.1525244409878119,0,0,3.793942879049262,8.639982397381063,TTR;SNCA
GO_Molecular_Function_2025,Ferrous Iron Binding (GO:0008198),1/23,0.104816454902684,0.1525244409878119,0,0,9.51291866028708,21.456811429654763,SNCA
GO_Molecular_Function_2025,Lipoprotein Particle Binding (GO:0071813),1/23,0.104816454902684,0.1525244409878119,0,0,9.51291866028708,21.456811429654763,MAPT
GO_Molecular_Function_2025,Alpha-Actinin Binding (GO:0051393),1/23,0.104816454902684,0.1525244409878119,0,0,9.51291866028708,21.456811429654763,TTR
GO_Molecular_Function_2025,Bitter Taste Receptor Activity (GO:0033038),1/23,0.104816454902684,0.1525244409878119,0,0,9.51291866028708,21.456811429654763,TAS2R31
GO_Molecular_Function_2025,"Steroid Dehydrogenase Activity, Acting on the CH-OH Group of Donors, NAD or NADP as Acceptor (GO:0033764)",1/24,0.1091182759636125,0.1525244409878119,0,0,9.098855835240274,20.15690355426019,HSD17B1
GO_Molecular_Function_2025,MHC Class II Protein Complex Binding (GO:0023026),1/24,0.1091182759636125,0.1525244409878119,0,0,9.098855835240274,20.15690355426019,PKM
GO_Molecular_Function_2025,Low-Density Lipoprotein Particle Receptor Binding (GO:0050750),1/24,0.1091182759636125,0.1525244409878119,0,0,9.098855835240274,20.15690355426019,APP
GO_Molecular_Function_2025,Phosphatidylinositol Kinase Activity (GO:0052742),1/24,0.1091182759636125,0.1525244409878119,0,0,9.098855835240274,20.15690355426019,PIK3CA
GO_Molecular_Function_2025,Calcium/Calmodulin-Dependent Protein Kinase Activity (GO:0004683),1/24,0.1091182759636125,0.1525244409878119,0,0,9.098855835240274,20.15690355426019,MAPKAPK5
GO_Molecular_Function_2025,Chemorepellent Activity (GO:0045499),1/24,0.1091182759636125,0.1525244409878119,0,0,9.098855835240274,20.15690355426019,DPP4
GO_Molecular_Function_2025,Protein Phosphatase 2A Binding (GO:0051721),1/24,0.1091182759636125,0.1525244409878119,0,0,9.098855835240274,20.15690355426019,MAPT
GO_Molecular_Function_2025,Delayed Rectifier Potassium Channel Activity (GO:0005251),1/24,0.1091182759636125,0.1525244409878119,0,0,9.098855835240274,20.15690355426019,KCNH2
GO_Molecular_Function_2025,Receptor Ligand Activity (GO:0048018),4/380,0.1102733118442608,0.1526069609522639,0,0,2.258094357076781,4.978631403429421,DPP4;APP;PGF;VEGFA
GO_Molecular_Function_2025,Microtubule Binding (GO:0008017),3/243,0.1117913154354679,0.1526069609522639,0,0,2.643010752688172,5.791157422617985,PLK1;MAPT;HDAC6
GO_Molecular_Function_2025,Protein Phosphatase Binding (GO:0019903),2/120,0.1133113409508087,0.1526069609522639,0,0,3.567616300036062,7.76889840568967,MAPT;MAPK14
GO_Molecular_Function_2025,Histone H3 Demethylase Activity (GO:0141052),1/25,0.1133996389684807,0.1526069609522639,0,0,8.719298245614034,18.98049165758473,KDM1A
GO_Molecular_Function_2025,mRNA 3'-UTR AU-rich Region Binding (GO:0035925),1/25,0.1133996389684807,0.1526069609522639,0,0,8.719298245614034,18.98049165758473,ELAVL3
GO_Molecular_Function_2025,Nuclear Androgen Receptor Binding (GO:0050681),1/25,0.1133996389684807,0.1526069609522639,0,0,8.719298245614034,18.98049165758473,KDM1A
GO_Molecular_Function_2025,Alcohol Dehydrogenase (NADP+) Activity (GO:0008106),1/25,0.1133996389684807,0.1526069609522639,0,0,8.719298245614034,18.98049165758473,CBR1
GO_Molecular_Function_2025,NAD+ poly-ADP-ribosyltransferase Activity (GO:0003950),1/26,0.1176606401638211,0.1558541463950091,0,0,8.370105263157894,17.91161285774819,SIRT6
GO_Molecular_Function_2025,"Oxidoreductase, Paired Donors, W Incorp or Reduction of O2, NAD(P)H as One Donor, and Incorp of O (GO:0016709)",1/26,0.1176606401638211,0.1558541463950091,0,0,8.370105263157894,17.91161285774819,CYP1B1
GO_Molecular_Function_2025,Cyclic Nucleotide Binding (GO:0030551),1/26,0.1176606401638211,0.1558541463950091,0,0,8.370105263157894,17.91161285774819,STING1
GO_Molecular_Function_2025,Tumor Necrosis Factor Receptor Superfamily Binding (GO:0032813),1/27,0.1219013753793836,0.1597981760154614,0,0,8.047773279352226,16.936884596393483,STAT1
GO_Molecular_Function_2025,Inward Rectifier Potassium Channel Activity (GO:0005242),1/27,0.1219013753793836,0.1597981760154614,0,0,8.047773279352226,16.936884596393483,KCNH2
GO_Molecular_Function_2025,Transcription Cis-Regulatory Region Binding (GO:0000976),5/548,0.1236712544033615,0.1612826152786107,0,0,1.9590998320280089,4.094770213283677,KCNH2;MMP12;STAT1;HIF1A;SNCA
GO_Molecular_Function_2025,Glutathione Transferase Activity (GO:0004364),1/28,0.1261219399763672,0.1619738620001062,0,0,7.749317738791423,16.045009357904707,PTGES
GO_Molecular_Function_2025,NF-kappaB Binding (GO:0051059),1/28,0.1261219399763672,0.1619738620001062,0,0,7.749317738791423,16.045009357904707,GSK3B
GO_Molecular_Function_2025,Aminopeptidase Activity (GO:0004177),1/28,0.1261219399763672,0.1619738620001062,0,0,7.749317738791423,16.045009357904707,MMP14
GO_Molecular_Function_2025,5'-3' RNA Polymerase Activity (GO:0034062),1/29,0.1303224289056154,0.1640376841448791,0,0,7.472180451127819,15.226388466574354,TERT
GO_Molecular_Function_2025,Taste Receptor Activity (GO:0008527),1/29,0.1303224289056154,0.1640376841448791,0,0,7.472180451127819,15.226388466574354,TAS2R31
GO_Molecular_Function_2025,Lipoprotein Particle Receptor Binding (GO:0070325),1/29,0.1303224289056154,0.1640376841448791,0,0,7.472180451127819,15.226388466574354,APP
GO_Molecular_Function_2025,NAD Binding (GO:0051287),1/29,0.1303224289056154,0.1640376841448791,0,0,7.472180451127819,15.226388466574354,SIRT6
GO_Molecular_Function_2025,SH2 Domain Binding (GO:0042169),1/30,0.1345029365993388,0.1676317387174026,0,0,7.214156079854809,14.472818068487964,SRC
GO_Molecular_Function_2025,Adenyl Nucleotide Binding (GO:0030554),1/30,0.1345029365993388,0.1676317387174026,0,0,7.214156079854809,14.472818068487964,HSD17B1
GO_Molecular_Function_2025,Iron-Sulfur Cluster Binding (GO:0051536),1/31,0.1386635571508699,0.1711311217520491,0,0,6.973333333333334,13.77724766471137,XDH
GO_Molecular_Function_2025,Kinesin Binding (GO:0019894),1/31,0.1386635571508699,0.1711311217520491,0,0,6.973333333333334,13.77724766471137,SNCA
GO_Molecular_Function_2025,General Transcription Initiation Factor Binding (GO:0140296),1/33,0.1469255107829,0.1787122799426621,0,0,6.536842105263158,12.5365489531719,ESR1
GO_Molecular_Function_2025,DNA Secondary Structure Binding (GO:0000217),1/33,0.1469255107829,0.1787122799426621,0,0,6.536842105263158,12.5365489531719,MAPT
GO_Molecular_Function_2025,Hsp70 Protein Binding (GO:0030544),1/33,0.1469255107829,0.1787122799426621,0,0,6.536842105263158,12.5365489531719,SNCA
GO_Molecular_Function_2025,G Protein-Coupled Receptor Binding (GO:0001664),2/143,0.1504311271338151,0.1821008381093551,0,0,2.982194054625019,5.649020868943953,APP;FYN
GO_Molecular_Function_2025,Nuclear Estrogen Receptor Binding (GO:0030331),1/35,0.1551090334319401,0.1859838173378239,0,0,6.151702786377709,11.464479210986868,ESR1
GO_Molecular_Function_2025,Pentosyltransferase Activity (GO:0016763),1/35,0.1551090334319401,0.1859838173378239,0,0,6.151702786377709,11.464479210986868,SIRT6
GO_Molecular_Function_2025,NADP Binding (GO:0050661),1/37,0.1632148618429656,0.1947800002182562,0,0,5.809356725146199,10.53054991851772,HSD17B1
GO_Molecular_Function_2025,Kinase Inhibitor Activity (GO:0019210),1/38,0.1672388690603558,0.1986452294472771,0,0,5.652062588904694,10.107765156158749,SNCA
GO_Molecular_Function_2025,"Hydrolase Activity, Acting on Carbon-Nitrogen (But Not Peptide) Bonds, in Linear Amides (GO:0016811)",1/39,0.1712437259129061,0.2024516946540432,0,0,5.503047091412743,9.711048020338644,HDAC6
GO_Molecular_Function_2025,Methyltransferase Activity (GO:0008168),1/41,0.1791963488077396,0.2098920196683246,0,0,5.227368421052631,8.987274190321951,DNMT1
GO_Molecular_Function_2025,Proton Transmembrane Transporter Activity (GO:0015078),1/41,0.1791963488077396,0.2098920196683246,0,0,5.227368421052631,8.987274190321951,STING1
GO_Molecular_Function_2025,Monocarboxylic Acid Transmembrane Transporter Activity (GO:0008028),1/46,0.1987490358238112,0.2317212260987292,0,0,4.645380116959064,7.505598149262955,ABCG2
GO_Molecular_Function_2025,Damaged DNA Binding (GO:0003684),1/48,0.2064404126728171,0.2395845156248749,0,0,4.447256438969765,7.016629791356106,SIRT6
GO_Molecular_Function_2025,Metalloexopeptidase Activity (GO:0008235),1/51,0.2178406877428757,0.2505167909043071,0,0,4.1797894736842105,6.369962683048184,MMP14
GO_Molecular_Function_2025,SH3 Domain Binding (GO:0017124),1/51,0.2178406877428757,0.2505167909043071,0,0,4.1797894736842105,6.369962683048184,MAPT
GO_Molecular_Function_2025,tRNA Binding (GO:0000049),1/52,0.2216046451049667,0.2525494378898945,0,0,4.097626418988648,6.1745508317775455,TERT
GO_Molecular_Function_2025,Manganese Ion Binding (GO:0030145),1/52,0.2216046451049667,0.2525494378898945,0,0,4.097626418988648,6.1745508317775455,DYRK2
GO_Molecular_Function_2025,S-adenosylmethionine-dependent Methyltransferase Activity (GO:0008757),1/55,0.2327893023462064,0.2641062488501803,0,0,3.8693957115009754,5.640114444169701,DNMT1
GO_Molecular_Function_2025,Polyubiquitin Modification-Dependent Protein Binding (GO:0031593),1/56,0.2364820634449505,0.2670980448730914,0,0,3.798851674641148,5.477499328550885,HDAC6
GO_Molecular_Function_2025,Protein Kinase Inhibitor Activity (GO:0004860),1/58,0.2438148989175783,0.2741563085606547,0,0,3.665189289012004,5.172850068462446,SNCA
GO_Molecular_Function_2025,Channel Activity (GO:0015267),1/63,0.2618434908943032,0.2931256778595518,0,0,3.368760611205433,4.514167236027909,BCL2
GO_Molecular_Function_2025,"Oxidoreductase Activity, Acting on the CH-OH Group of Donors, NAD or NADP as Acceptor (GO:0016616)",1/70,0.2863709842832397,0.3191711851262539,0,0,3.0259344012204425,3.783831599728172,CBR1
GO_Molecular_Function_2025,"Acyltransferase Activity, Transferring Groups Other Than Amino-Acyl Groups (GO:0016747)",1/73,0.2966342386868027,0.3291599227533381,0,0,2.8994152046783626,3.5235300385346275,SIRT6
GO_Molecular_Function_2025,Voltage-Gated Monoatomic Cation Channel Activity (GO:0022843),1/75,0.3033951203966583,0.3337346324363241,0,0,2.8207681365576103,3.364384583945817,KCNH2
GO_Molecular_Function_2025,Potassium Channel Activity (GO:0005267),1/75,0.3033951203966583,0.3337346324363241,0,0,2.8207681365576103,3.364384583945817,KCNH2
GO_Molecular_Function_2025,Carboxylic Acid Transmembrane Transporter Activity (GO:0046943),1/76,0.3067514046072819,0.3359658240936897,0,0,2.783017543859649,3.2887408583424422,ABCC1
GO_Molecular_Function_2025,Voltage-Gated Potassium Channel Activity (GO:0005249),1/79,0.316724539977527,0.3453935716134237,0,0,2.67557354925776,3.0761680248455487,KCNH2
GO_Molecular_Function_2025,Cytokine Receptor Activity (GO:0004896),1/83,0.329801509344508,0.358110651777513,0,0,2.5445442875481388,2.82257211840961,FLT3
GO_Molecular_Function_2025,Ligand-Gated Monoatomic Cation Channel Activity (GO:0099094),1/87,0.3426307603493315,0.3704512067024824,0,0,2.425703794369645,2.598175972333266,KCNH2
GO_Molecular_Function_2025,G Protein-Coupled Receptor Activity (GO:0004930),2/259,0.3536922705766064,0.3807835934292827,0,0,1.626541932279162,1.690510632042299,ADORA3;ESR1
GO_Molecular_Function_2025,Cation Binding (GO:0043169),1/95,0.3675645972797949,0.3940417081007971,0,0,2.218365061590146,2.2202644276744072,ACHE
GO_Molecular_Function_2025,Phosphatidylinositol Bisphosphate Binding (GO:1902936),1/96,0.3706147702541442,0.3956351766848037,0,0,2.1949030470914126,2.178643448840774,MAPT
GO_Molecular_Function_2025,Histone Deacetylase Binding (GO:0042826),1/100,0.3826705658807354,0.4067884586883448,0,0,2.105794790005316,2.022786046627892,HDAC6
GO_Molecular_Function_2025,mRNA 3'-UTR Binding (GO:0003730),1/105,0.3974193911948428,0.4206991881685993,0,0,2.004048582995952,1.8492621930167092,ELAVL3
GO_Molecular_Function_2025,Protein Kinase Activator Activity (GO:0030295),1/107,0.4032207996447776,0.4250619262922031,0,0,1.9660377358490568,1.785695015423773,SRC
GO_Molecular_Function_2025,Phosphatidylinositol Binding (GO:0035091),1/109,0.4089669305484903,0.4293304291650127,0,0,1.9294346978557504,1.7251480440753342,MAPT
GO_Molecular_Function_2025,Phosphatidylinositol Phosphate Binding (GO:1901981),1/112,0.4174836204295661,0.43646014863091,0,0,1.8770033191085824,1.6395811091445014,MAPT
GO_Molecular_Function_2025,Phosphatase Binding (GO:0019902),1/116,0.428650559490387,0.4462905002101561,0,0,1.811350114416476,1.5344186616979538,MAPK14
GO_Molecular_Function_2025,Monoatomic Cation Channel Activity (GO:0005261),1/124,0.4503527610239784,0.46696413335683,0,0,1.6928540864356012,1.3504304854874238,STING1
GO_Molecular_Function_2025,"DNA-binding Transcription Activator Activity, RNA Polymerase II-specific (GO:0001228)",2/318,0.4527802270088957,0.4675648874826555,0,0,1.3188796121734447,1.0450121786078252,HIF1A;ESR1
GO_Molecular_Function_2025,Cis-Regulatory Region Sequence-Specific DNA Binding (GO:0000987),5/1035,0.5588255570813776,0.5747270973235307,0,0,1.0068281233329777,0.5858913243018018,STAT1;HIF1A;ESR1;HDAC6;ESR2
GO_Molecular_Function_2025,RNA Polymerase II Cis-Regulatory Region Sequence-Specific DNA Binding (GO:0000978),5/1054,0.5752468502294841,0.5892204579273663,0,0,0.9875967692936234,0.546097584407239,STAT1;HIF1A;ESR1;HDAC6;ESR2
GO_Molecular_Function_2025,Cytokine Activity (GO:0005125),1/186,0.5930734910934424,0.6050306179300038,0,0,1.12199146514936,0.5861698064349876,VEGFA
GO_Molecular_Function_2025,Double-Stranded DNA Binding (GO:0003690),3/651,0.6087490704440185,0.6185281719772557,0,0,0.9585822381521306,0.4757914614527606,STAT1;MAPT;ESR1
GO_Molecular_Function_2025,Sequence-Specific Double-Stranded DNA Binding (GO:1990837),3/706,0.6635702972720634,0.6715331408393281,0,0,0.8810627265635754,0.3613418697869218,KCNH2;ESR1;SNCA
GO_Molecular_Function_2025,Guanyl Ribonucleotide Binding (GO:0032561),1/232,0.6746295698197539,0.6800051042406284,0,0,0.8964684438368649,0.3528423812066619,STING1
GO_Molecular_Function_2025,RNA Polymerase II Transcription Regulatory Region Sequence-Specific DNA Binding (GO:0000977),5/1236,0.7149154208503251,0.7177523868060803,0,0,0.8334597977164996,0.2797016368152295,STAT1;HIF1A;ESR1;HDAC6;ESR2
GO_Molecular_Function_2025,mRNA Binding (GO:0003729),1/310,0.7775936031471251,0.7775936031471251,0,0,0.6675183103389541,0.1679150668823834,PKM
GO_Cellular_Component_2025,Dendrite (GO:0030425),10/281,9.9486159760723e-07,6.11644655294015e-05,0,0,8.42401098429589,116.42541024491744,MMP12;APP;GSK3B;PRKAA2;STAT1;ADORA3;DYRK1A;FYN;MAPT;HDAC6
GO_Cellular_Component_2025,Axon (GO:0030424),9/217,1.0109829013124214e-06,6.11644655294015e-05,0,0,9.79575596816976,135.2263706921469,MMP12;APP;GSK3B;PRKAA2;STAT1;DYRK1A;MAPT;HDAC6;SNCA
GO_Cellular_Component_2025,Neuron Projection (GO:0043005),12/560,1.517615588331942e-05,0.0005618758041199232,0,0,5.045881126173097,55.98801238245916,MMP12;APP;GSK3B;PRKAA2;STAT1;ADORA3;DYRK1A;FYN;MAPT;HDAC6;PTGS1;SNCA
GO_Cellular_Component_2025,Membrane Raft (GO:0045121),7/171,1.8574406747766052e-05,0.0005618758041199232,0,0,9.466977254042204,103.13065536462572,MMP12;APP;SRC;KDR;FYN;MAPT;ABCG2
GO_Cellular_Component_2025,Secretory Granule Lumen (GO:0034774),7/316,0.0008248756377224851,0.0167621180219114,0,0,4.987636813206793,35.41360756346221,APP;PKM;TTR;ALOX5;SERPINE1;MAPK14;VEGFA
GO_Cellular_Component_2025,Platelet Alpha Granule (GO:0031091),4/90,0.0009289345569948932,0.0167621180219114,0,0,10.019211324570271,69.94884599169751,APP;SERPINE1;SNCA;VEGFA
GO_Cellular_Component_2025,Lytic Vacuole (GO:0000323),6/236,0.000969709307052726,0.0167621180219114,0,0,5.702608695652174,39.56763149640548,BACE1;APP;SRC;TYR;MTOR;SNCA
GO_Cellular_Component_2025,trans-Golgi Network (GO:0005802),6/251,0.0013303954664075,0.0201222314294137,0,0,5.349387755102041,35.425138395583375,BACE1;MMP12;APP;FUT7;CA4;FUT4
GO_Cellular_Component_2025,Golgi-associated Vesicle (GO:0005798),3/48,0.0015850525143587,0.0213101504708233,0,0,14.23584229390681,91.78043611536052,BACE1;APP;TYR
GO_Cellular_Component_2025,Cytoskeleton (GO:0005856),10/694,0.0018252632106493,0.0220856848488566,0,0,3.267373861009112,20.60416110879155,DYRK4;DYRK3;MMP14;DYRK2;AXL;PLK1;DYRK1A;MAPT;CLK3;SNCA
GO_Cellular_Component_2025,Glial Cell Projection (GO:0097386),2/15,0.0022985611577693,0.0221335467642248,0,0,32.55482815057283,197.78594479007495,FYN;MAPT
GO_Cellular_Component_2025,Cytoplasmic Vesicle Lumen (GO:0060205),4/117,0.0024427233131699,0.0221335467642248,0,0,7.614851866102347,45.80060595477753,BACE1;PKM;ALOX5;MAPK14
GO_Cellular_Component_2025,Collagen-Containing Extracellular Matrix (GO:0062023),7/383,0.0024751556016086,0.0221335467642248,0,0,4.084867320105188,24.51513521170729,ADAMTS4;ACHE;PKM;MMP2;SERPINE1;SOST;MMP9
GO_Cellular_Component_2025,Intracellular Membrane-Bounded Organelle (GO:0043231),40/5597,0.0026676766192714,0.0221335467642248,0,0,1.8441348106635127,10.929352303662425,APP;DYRK4;GSK3B;DYRK3;DNMT1;DYRK2;PRKAA2;KDM1A;KLK1;SRC;HIF1A;HDAC6;PSMB5;TERT;CYP1B1;FYN;SNCA;STAT1;PLK1;DYRK1A;DYRK1B;RPSA;SIRT6;CSNK1E;MAPK14;TYR;CLK4;ESR1;CLK3;ESR2;MTOR;MMP12;RAD52;MMP14;PKM;AXL;CDK2;BCL2;MAPKAPK5;MAPT
GO_Cellular_Component_2025,Nucleus (GO:0005634),36/4879,0.0028558537549862,0.0221335467642248,0,0,1.865909560189965,10.931215537695216,APP;DYRK4;GSK3B;DYRK3;DNMT1;DYRK2;PRKAA2;KDM1A;KLK1;HIF1A;HDAC6;PSMB5;TERT;FYN;SNCA;STAT1;PLK1;DYRK1A;DYRK1B;RPSA;SIRT6;CSNK1E;MAPK14;CLK4;ESR1;CLK3;ESR2;MTOR;MMP12;RAD52;MMP14;PKM;CDK2;BCL2;MAPKAPK5;MAPT
GO_Cellular_Component_2025,Ficolin-1-Rich Granule Lumen (GO:1904813),4/123,0.002926749985352,0.0221335467642248,0,0,7.228717573986116,42.17134576305843,PKM;ALOX5;MAPK14;MMP9
GO_Cellular_Component_2025,Platelet Alpha Granule Lumen (GO:0031093),3/66,0.003940609812375,0.0280478698410221,0,0,10.159242191500256,56.24582955023419,APP;SERPINE1;VEGFA
GO_Cellular_Component_2025,Protein Kinase Complex (GO:1902911),2/22,0.0049475906363984,0.0320377770174607,0,0,21.153191489361703,112.29921711841662,STING1;MTOR
GO_Cellular_Component_2025,Serine/Threonine Protein Kinase Complex (GO:1902554),3/72,0.0050307253167913,0.0320377770174607,0,0,9.273024777933614,49.07461926566847,STING1;CDK2;MTOR
GO_Cellular_Component_2025,Ficolin-1-Rich Granule (GO:0101002),4/184,0.0119479884203184,0.0697487928094591,0,0,4.764251207729469,21.092256489866152,PKM;ALOX5;MAPK14;MMP9
GO_Cellular_Component_2025,Intracellular Organelle Lumen (GO:0070013),10/912,0.0121051623884185,0.0697487928094591,0,0,2.449595214768215,10.812815248640334,BACE1;APP;ADAMTS5;MMP14;PKM;CA5B;CA5A;ALOX5;MAPK14;MMP9
GO_Cellular_Component_2025,Lysosome (GO:0005764),7/532,0.0141372287399085,0.0750564255171539,0,0,2.9032209737827714,12.364654458253629,BACE1;DPP4;APP;SRC;TYR;MTOR;SNCA
GO_Cellular_Component_2025,Microtubule (GO:0005874),4/194,0.0142669238586325,0.0750564255171539,0,0,4.511212814645309,19.17180381780736,PLK1;DYRK1A;MAPT;HDAC6
GO_Cellular_Component_2025,Multivesicular Body (GO:0005771),2/49,0.0231647687999635,0.1027328565235981,0,0,8.989135355364418,33.845197946063955,BACE1;HDAC6
GO_Cellular_Component_2025,Nuclear Envelope Lumen (GO:0005641),1/5,0.0237728924186838,0.1027328565235981,0,0,52.36842105263158,195.81648814874995,APP
GO_Cellular_Component_2025,TORC1 Complex (GO:0031931),1/5,0.0237728924186838,0.1027328565235981,0,0,52.36842105263158,195.81648814874995,MTOR
GO_Cellular_Component_2025,Serine Protease Inhibitor Complex (GO:0097180),1/5,0.0237728924186838,0.1027328565235981,0,0,52.36842105263158,195.81648814874995,SERPINE1
GO_Cellular_Component_2025,External Side of Apical Plasma Membrane (GO:0098591),1/5,0.0237728924186838,0.1027328565235981,0,0,52.36842105263158,195.81648814874995,ABCG2
GO_Cellular_Component_2025,Pinosome (GO:0044352),1/6,0.0284599375217657,0.1187466358666776,0,0,41.892631578947366,149.10667912928483,MMP14
GO_Cellular_Component_2025,Extracellular Membrane-Bounded Organelle (GO:0065010),2/59,0.032681046976022,0.1235093652833893,0,0,7.40836132885405,25.34370756629708,CBR1;PKM
GO_Cellular_Component_2025,TORC2 Complex (GO:0031932),1/7,0.033124714124782,0.1235093652833893,0,0,34.90877192982456,118.95078944635851,MTOR
GO_Cellular_Component_2025,Caveola (GO:0005901),2/62,0.0357877956150482,0.1235093652833893,0,0,7.036879432624113,23.4338524197694,SRC;HDAC6
GO_Cellular_Component_2025,Extracellular Vesicle (GO:1903561),2/62,0.0357877956150482,0.1235093652833893,0,0,7.036879432624113,23.4338524197694,CBR1;PKM
GO_Cellular_Component_2025,Macropinosome (GO:0044354),1/8,0.0377673265742595,0.1235093652833893,0,0,29.9203007518797,98.02820827717792,MMP14
GO_Cellular_Component_2025,"Phosphatidylinositol 3-Kinase Complex, Class I (GO:0097651)",1/8,0.0377673265742595,0.1235093652833893,0,0,29.9203007518797,98.02820827717792,PIK3CA
GO_Cellular_Component_2025,"Phosphatidylinositol 3-Kinase Complex, Class IA (GO:0005943)",1/8,0.0377673265742595,0.1235093652833893,0,0,29.9203007518797,98.02820827717792,PIK3CA
GO_Cellular_Component_2025,"Transferase Complex, Transferring Phosphorus-Containing Groups (GO:0061695)",1/8,0.0377673265742595,0.1235093652833893,0,0,29.9203007518797,98.02820827717792,TERT
GO_Cellular_Component_2025,Low-Density Lipoprotein Particle (GO:0034362),1/9,0.0423878788402831,0.1349719299914278,0,0,26.178947368421053,82.74884713910977,APP
GO_Cellular_Component_2025,Secretory Granule Membrane (GO:0030667),4/279,0.0454665979206103,0.1410630345742013,0,0,3.103399209486166,9.591915935815615,MMP12;STING1;CA4;SNCA
GO_Cellular_Component_2025,Cytoplasmic Vesicle Membrane (GO:0030659),5/415,0.0496227025961825,0.1501086753534521,0,0,2.6124363441436613,7.845947931863138,BACE1;MMP12;STING1;FLT3;CA4
GO_Cellular_Component_2025,Intermediate Filament Cytoskeleton (GO:0045111),2/78,0.0541164827852107,0.1597096199270854,0,0,5.550951847704368,16.189997566417798,MMP14;CLK3
GO_Cellular_Component_2025,Plasma Membrane Raft (GO:0044853),2/83,0.0603971655867505,0.1696259578755785,0,0,5.206987128972944,14.61503969822391,SRC;HDAC6
GO_Cellular_Component_2025,Bounding Membrane of Organelle (GO:0098588),8/881,0.0611281672272271,0.1696259578755785,0,0,1.9817765281682809,5.538634393428807,BACE1;MMP12;FUT7;STING1;FLT3;CA4;FUT4;ST3GAL3
GO_Cellular_Component_2025,Cytoplasmic Stress Granule (GO:0010494),2/84,0.0616821665002103,0.1696259578755785,0,0,5.143227815256876,14.32780050708702,DYRK3;PRKAA2
GO_Cellular_Component_2025,Early Endosome (GO:0005769),4/320,0.0682434607229701,0.175859741907694,0,0,2.695101816180517,7.23546886524677,BACE1;MMP12;APP;KDR
GO_Cellular_Component_2025,Triglyceride-Rich Plasma Lipoprotein Particle (GO:0034385),1/15,0.0696536959639779,0.175859741907694,0,0,14.954887218045112,39.84310237624529,APP
GO_Cellular_Component_2025,Very-Low-Density Lipoprotein Particle (GO:0034361),1/15,0.0696536959639779,0.175859741907694,0,0,14.954887218045112,39.84310237624529,APP
GO_Cellular_Component_2025,Melanosome Membrane (GO:0033162),1/16,0.0741227011346479,0.175859741907694,0,0,13.95719298245614,36.31708280615695,TYR
GO_Cellular_Component_2025,Pigment Granule Membrane (GO:0090741),1/16,0.0741227011346479,0.175859741907694,0,0,13.95719298245614,36.31708280615695,TYR
GO_Cellular_Component_2025,Platelet Alpha Granule Membrane (GO:0031092),1/16,0.0741227011346479,0.175859741907694,0,0,13.95719298245614,36.31708280615695,SNCA
GO_Cellular_Component_2025,Chitosome (GO:0045009),1/16,0.0741227011346479,0.175859741907694,0,0,13.95719298245614,36.31708280615695,TYR
GO_Cellular_Component_2025,Golgi Lumen (GO:0005796),2/99,0.0820144458187472,0.1908413066167003,0,0,4.344593112524676,10.865218604443312,APP;MMP14
GO_Cellular_Component_2025,High-Density Lipoprotein Particle (GO:0034364),1/19,0.0874026490788467,0.1995418969535935,0,0,11.629239766081872,28.343128394593275,APP
GO_Cellular_Component_2025,Late Endosome (GO:0005770),3/222,0.0912851079369984,0.2045462603773484,0,0,2.8995433789954337,6.940833041825544,BACE1;SRC;HDAC6
GO_Cellular_Component_2025,Pericentric Heterochromatin (GO:0005721),1/21,0.0961510513071087,0.2104394288336705,0,0,10.465263157894736,24.507918218027072,SIRT6
GO_Cellular_Component_2025,Intracellular Membraneless Organelle (GO:0043232),10/1310,0.0973934546668227,0.2104394288336705,0,0,1.6640429338103755,3.8755497878573593,DYRK4;RPS6KA3;DYRK3;DYRK2;TERT;STAT1;PLK1;DYRK1A;DYRK1B;SIRT6
GO_Cellular_Component_2025,Pigment Granule (GO:0048770),1/24,0.1091182759636125,0.231637041957844,0,0,9.098855835240274,20.15690355426019,TYR
GO_Cellular_Component_2025,Rough Endoplasmic Reticulum (GO:0005791),1/25,0.1133996389684807,0.2325653612743418,0,0,8.719298245614034,18.98049165758473,PKM
GO_Cellular_Component_2025,Endosome Lumen (GO:0031904),1/25,0.1133996389684807,0.2325653612743418,0,0,8.719298245614034,18.98049165758473,APP
GO_Cellular_Component_2025,Focal Adhesion (GO:0005925),4/387,0.1157987470161089,0.233527473149153,0,0,2.216029061187422,4.777540452718631,MMP12;DPP4;MMP14;SRC
GO_Cellular_Component_2025,Microtubule Cytoskeleton (GO:0015630),4/393,0.1206308107678987,0.2384492927678194,0,0,2.18117804850788,4.613236392125859,PLK1;DYRK1A;MAPT;HDAC6
GO_Cellular_Component_2025,Cell-Substrate Junction (GO:0030055),4/395,0.1222608340228382,0.2384492927678194,0,0,2.169798732347381,4.560045832134168,MMP12;DPP4;MMP14;SRC
GO_Cellular_Component_2025,Endoplasmic Reticulum Membrane (GO:0005789),7/872,0.1257494121902486,0.2384492927678194,0,0,1.731155419886991,3.589488691596674,STING1;MMP1;BCL2;CYP1B1;CYP19A1;PTGES;PTGS1
GO_Cellular_Component_2025,Condensed Nuclear Chromosome (GO:0000794),1/28,0.1261219399763672,0.2384492927678194,0,0,7.749317738791423,16.045009357904707,TTR
GO_Cellular_Component_2025,Dendrite Membrane (GO:0032590),1/29,0.1303224289056154,0.2389244529936283,0,0,7.472180451127819,15.226388466574354,APP
GO_Cellular_Component_2025,Exocytic Vesicle (GO:0070382),1/29,0.1303224289056154,0.2389244529936283,0,0,7.472180451127819,15.226388466574354,APP
GO_Cellular_Component_2025,Melanosome (GO:0042470),1/31,0.1386635571508699,0.2504222450038098,0,0,6.973333333333334,13.77724766471137,TYR
GO_Cellular_Component_2025,Intercalated Disc (GO:0014704),1/32,0.1428043841681324,0.2541078012403532,0,0,6.74804753820034,13.1335867781803,PIK3CA
GO_Cellular_Component_2025,Aggresome (GO:0016235),1/34,0.151027029770598,0.2621504111721959,0,0,6.3384370015948965,11.98152498220752,HDAC6
GO_Cellular_Component_2025,Polymeric Cytoskeletal Fiber (GO:0099513),3/280,0.1516572626616009,0.2621504111721959,0,0,2.2856643763829045,4.3110650759496,DYRK1A;MAPT;HDAC6
GO_Cellular_Component_2025,Endoplasmic Reticulum Lumen (GO:0005788),3/289,0.1619711547277487,0.2742916428194284,0,0,2.212722761109858,4.027901150052561,BACE1;APP;ADAMTS5
GO_Cellular_Component_2025,Supramolecular Fiber (GO:0099512),1/37,0.1632148618429656,0.2742916428194284,0,0,5.809356725146199,10.53054991851772,SNCA
GO_Cellular_Component_2025,Recycling Endosome (GO:0055037),2/155,0.1706532882221439,0.2815942624121622,0,0,2.7466277291058265,4.856371087153063,BACE1;APP
GO_Cellular_Component_2025,Brush Border Membrane (GO:0031526),1/40,0.1752295225708418,0.2815942624121622,0,0,5.361673414304994,9.338204649149848,CA4
GO_Cellular_Component_2025,Cytosolic Small Ribosomal Subunit (GO:0022627),1/40,0.1752295225708418,0.2815942624121622,0,0,5.361673414304994,9.338204649149848,RPSA
GO_Cellular_Component_2025,Small Ribosomal Subunit (GO:0015935),1/41,0.1791963488077396,0.2815942624121622,0,0,5.227368421052631,8.987274190321951,RPSA
GO_Cellular_Component_2025,Synaptic Membrane (GO:0097060),1/41,0.1791963488077396,0.2815942624121622,0,0,5.227368421052631,8.987274190321951,APP
GO_Cellular_Component_2025,Golgi Membrane (GO:0000139),4/476,0.1954413505935062,0.3031846592540289,0,0,1.7899778924097274,2.922129854807567,FUT7;STING1;FUT4;ST3GAL3
GO_Cellular_Component_2025,Mitochondrial Outer Membrane (GO:0005741),2/171,0.1982568133004076,0.303659169738599,0,0,2.4845776155105126,4.020523749605022,STING1;BCL2
GO_Cellular_Component_2025,Cyclin-Dependent Protein Kinase Holoenzyme Complex (GO:0000307),1/47,0.20260390111696,0.306438400439402,0,0,4.5441647597254,7.254770090703806,CDK2
GO_Cellular_Component_2025,Cell-Cell Contact Zone (GO:0044291),1/48,0.2064404126728171,0.3083862954742082,0,0,4.447256438969765,7.016629791356106,PIK3CA
GO_Cellular_Component_2025,Endoplasmic reticulum-Golgi Intermediate Compartment Membrane (GO:0033116),1/52,0.2216046451049667,0.3270019763134265,0,0,4.097626418988648,6.1745508317775455,STING1
GO_Cellular_Component_2025,Tertiary Granule Lumen (GO:1904724),1/54,0.2290788681344703,0.3339583499309748,0,0,3.942601787487587,5.810168619029014,MMP9
GO_Cellular_Component_2025,Transport Vesicle Membrane (GO:0030658),1/58,0.2438148989175783,0.3493479725574283,0,0,3.665189289012004,5.172850068462446,CA4
GO_Cellular_Component_2025,Basolateral Plasma Membrane (GO:0016323),2/200,0.2494067909928498,0.3493479725574283,0,0,2.117558564367075,2.9405900871231445,ABCC1;CA4
GO_Cellular_Component_2025,Actin Cytoskeleton (GO:0015629),3/361,0.2506169317870405,0.3493479725574283,0,0,1.7612182375202738,2.4372260591366075,AXL;DYRK1A;SNCA
GO_Cellular_Component_2025,Endocytic Vesicle (GO:0030139),2/201,0.2511840794421179,0.3493479725574283,0,0,2.106810648989629,2.910704754310939,DPP4;MTOR
GO_Cellular_Component_2025,Condensed Chromosome (GO:0000793),1/62,0.2582721311889656,0.3551241803848277,0,0,3.424158757549612,4.6354257369801735,TTR
GO_Cellular_Component_2025,Spindle Microtubule (GO:0005876),1/71,0.2898084293575974,0.3910934087791154,0,0,2.9825563909774435,3.694000964986116,PLK1
GO_Cellular_Component_2025,Endosome Membrane (GO:0010008),3/392,0.2908959238852924,0.3910934087791154,0,0,1.618293390828427,1.9982520521005869,BACE1;APP;FLT3
GO_Cellular_Component_2025,Vesicle (GO:0031982),2/230,0.302732870242329,0.4025349153771627,0,0,1.8361328854050016,2.1940034082348947,CBR1;PKM
GO_Cellular_Component_2025,Vesicle Membrane (GO:0012506),1/77,0.310091685697144,0.4074855027283367,0,0,2.7462603878116343,3.215561314237512,STING1
GO_Cellular_Component_2025,Actin Filament (GO:0005884),1/78,0.3134160390858073,0.4074855027283367,0,0,2.7104579630895422,3.14473776364498,DYRK1A
GO_Cellular_Component_2025,Nuclear Membrane (GO:0031965),2/239,0.3186487024821755,0.4074855027283367,0,0,1.7655983481461532,2.0192548519011915,ALOX5;BCL2
GO_Cellular_Component_2025,Mitochondrial Membrane (GO:0031966),4/595,0.3199409764057055,0.4074855027283367,0,0,1.4208048260133892,1.6191758182997655,APP;STING1;SRC;BCL2
GO_Cellular_Component_2025,Autophagosome (GO:0005776),1/81,0.3232942831563663,0.4074855027283367,0,0,2.608421052631579,2.9454089082907395,STING1
GO_Cellular_Component_2025,Voltage-Gated Potassium Channel Complex (GO:0008076),1/83,0.329801509344508,0.4114018827905719,0,0,2.5445442875481388,2.82257211840961,KCNH2
GO_Cellular_Component_2025,Azurophil Granule Lumen (GO:0035578),1/89,0.3489539461183639,0.426032445738971,0,0,2.370334928229665,2.4955249379020694,TTR
GO_Cellular_Component_2025,Nuclear Chromosome (GO:0000228),1/90,0.3520929303627859,0.426032445738971,0,0,2.343583678296866,2.4463735666438886,TTR
GO_Cellular_Component_2025,Potassium Channel Complex (GO:0034705),1/90,0.3520929303627859,0.426032445738971,0,0,2.343583678296866,2.4463735666438886,KCNH2
GO_Cellular_Component_2025,Phagocytic Vesicle (GO:0045335),1/100,0.3826705658807354,0.458446915560089,0,0,2.105794790005316,2.022786046627892,MTOR
GO_Cellular_Component_2025,Glutamatergic Synapse (GO:0098978),1/102,0.3886124808534803,0.4610010802281482,0,0,2.0638874413757167,1.9507299108194924,GSK3B
GO_Cellular_Component_2025,Cell Projection Membrane (GO:0031253),1/107,0.4032207996447776,0.4724825942048694,0,0,1.9660377358490568,1.785695015423773,CA4
GO_Cellular_Component_2025,trans-Golgi Network Membrane (GO:0032588),1/108,0.4061007421264993,0.4724825942048694,0,0,1.9475651746187896,1.7550561801729816,APP
GO_Cellular_Component_2025,Lytic Vacuole Membrane (GO:0098852),2/314,0.4463181323561985,0.5092774213448727,0,0,1.3360611020185489,1.07783159449202,DPP4;MTOR
GO_Cellular_Component_2025,Cell-Cell Junction (GO:0005911),2/316,0.4495544052460316,0.5092774213448727,0,0,1.327415638975471,1.0612666759974716,SRC;VEGFA
GO_Cellular_Component_2025,Early Endosome Membrane (GO:0031901),1/124,0.4503527610239784,0.5092774213448727,0,0,1.6928540864356012,1.3504304854874238,APP
GO_Cellular_Component_2025,Asymmetric Synapse (GO:0032279),1/131,0.4686716991821424,0.5250858851948077,0,0,1.6011336032388663,1.2134235161728557,FYN
GO_Cellular_Component_2025,Adherens Junction (GO:0005912),1/151,0.5177480394199429,0.5747478235762669,0,0,1.3862456140350876,0.9125191392137552,VEGFA
GO_Cellular_Component_2025,Azurophil Granule (GO:0042582),1/155,0.5270109213468184,0.5761984190268937,0,0,1.3499658236500345,0.8646990183859043,TTR
GO_Cellular_Component_2025,Nucleolus (GO:0005730),4/805,0.5435122259658274,0.5761984190268937,0,0,1.0369103837594311,0.6322074523773287,RPS6KA3;TERT;STAT1;SIRT6
GO_Cellular_Component_2025,Tertiary Granule (GO:0070820),1/163,0.5450116988754113,0.5761984190268937,0,0,1.2827810266406758,0.7785814025748058,MMP9
GO_Cellular_Component_2025,Vacuolar Lumen (GO:0005775),1/163,0.5450116988754113,0.5761984190268937,0,0,1.2827810266406758,0.7785814025748058,TTR
GO_Cellular_Component_2025,Postsynaptic Density (GO:0014069),1/164,0.5472135822606589,0.5761984190268937,0,0,1.2748466257668711,0.7686255449956099,FYN
GO_Cellular_Component_2025,Lysosomal Membrane (GO:0005765),2/383,0.5514429231830825,0.5761984190268937,0,0,1.0902440386441057,0.6489317199020334,DPP4;MTOR
GO_Cellular_Component_2025,Nuclear Lumen (GO:0031981),4/814,0.552388567000989,0.5761984190268937,0,0,1.0249060654857756,0.6082853930154796,RPS6KA3;TERT;STAT1;SIRT6
GO_Cellular_Component_2025,Chromosome (GO:0005694),1/179,0.5790039459663157,0.5971865280143025,0,0,1.166528681253696,0.6374449157654924,DYRK1B
GO_Cellular_Component_2025,Mitochondrial Matrix (GO:0005759),2/407,0.5846317943622777,0.5971865280143025,0,0,1.0243761491988443,0.5498575009989446,CA5B;CA5A
GO_Cellular_Component_2025,Mitochondrial Inner Membrane (GO:0005743),2/409,0.5873156763115868,0.5971865280143025,0,0,1.019237806471849,0.5424310472057688,APP;SRC
GO_Cellular_Component_2025,Spindle (GO:0005819),1/227,0.666613880922749,0.6721689965971052,0,0,0.9165346995808104,0.3716954138724786,PLK1
GO_Cellular_Component_2025,Cilium (GO:0005929),1/402,0.8582852732642333,0.8582852732642333,0,0,0.5119569497309359,0.0782366203097409,STING1
KEGG_2021_Human,Nitrogen metabolism,10/17,7.573667434877577e-20,1.5374544892801478e-17,0,0,330.5149501661129,14551.58978879786,CA12;CA1;CA3;CA5B;CA2;CA5A;CA4;CA7;CA6;CA9
KEGG_2021_Human,Central carbon metabolism in cancer,10/70,1.2557583193670021e-12,1.2745946941575068e-10,0,0,38.45736434108528,1053.8579802977963,PKM;PIK3CA;FLT3;PGAM1;KIT;SIRT6;MET;HIF1A;MTOR;FGFR1
KEGG_2021_Human,Pathways in cancer,19/531,7.000409006473543e-12,4.736943427713765e-10,0,0,9.34577922077922,240.04683030439332,GSK3B;FLT3;MMP1;STAT1;MMP2;MMP9;HIF1A;ESR1;PGF;ESR2;MTOR;VEGFA;PIK3CA;TERT;KIT;CDK2;BCL2;MET;FGFR1
KEGG_2021_Human,Proteoglycans in cancer,12/205,2.8619783087397076e-10,1.4524539916854018e-08,0,0,14.589933382679495,320.6041250374329,PIK3CA;SRC;MMP2;KDR;MAPK14;MMP9;MET;HIF1A;ESR1;MTOR;VEGFA;FGFR1
KEGG_2021_Human,PI3K-Akt signaling pathway,13/354,1.4446332000857461e-08,5.865210792348129e-07,0,0,8.985584567007031,162.21518836505956,GSK3B;PRKAA2;FLT3;PGF;MTOR;VEGFA;PIK3CA;KIT;CDK2;KDR;BCL2;MET;FGFR1
KEGG_2021_Human,Fluid shear stress and atherosclerosis,9/139,2.2640702401373376e-08,7.660104312464659e-07,0,0,15.73527851458886,276.996235896716,PRKAA2;PIK3CA;SRC;MMP2;KDR;BCL2;MAPK14;MMP9;VEGFA
KEGG_2021_Human,Prolactin signaling pathway,7/70,4.4043512942228344e-08,1.2772618753246217e-06,0,0,24.77028714107366,419.56129746544576,GSK3B;PIK3CA;SRC;STAT1;MAPK14;ESR1;ESR2
KEGG_2021_Human,MAPK signaling pathway,11/294,1.6735331426817437e-07,4.246590349554924e-06,0,0,8.972396591145293,139.99772707926726,RPS6KA3;FLT3;KIT;KDR;MAPKAPK5;MAPT;MAPK14;MET;PGF;VEGFA;FGFR1
KEGG_2021_Human,Relaxin signaling pathway,8/129,1.983772958695701e-07,4.4745101179469696e-06,0,0,14.863260706235913,229.38611574929092,MMP13;PIK3CA;MMP1;SRC;MMP2;MAPK14;MMP9;VEGFA
KEGG_2021_Human,Chemical carcinogenesis,10/239,2.2583944259893705e-07,4.584540684758422e-06,0,0,9.990352391591347,152.88677360017897,RPS6KA3;CBR1;PIK3CA;SRC;BCL2;CYP1B1;ESR1;ESR2;MTOR;VEGFA
KEGG_2021_Human,Prostate cancer,7/97,4.248548151776248e-07,7.840502498277984e-06,0,0,17.31560549313358,254.04622352142857,GSK3B;PIK3CA;CDK2;BCL2;MMP9;MTOR;FGFR1
KEGG_2021_Human,AGE-RAGE signaling pathway in diabetic complications,7/100,5.232574268571911e-07,8.323544490736854e-06,0,0,16.754500422858523,242.3235612048881,PIK3CA;STAT1;MMP2;SERPINE1;BCL2;MAPK14;VEGFA
KEGG_2021_Human,Focal adhesion,9/201,5.330348688649217e-07,8.323544490736854e-06,0,0,10.620689655172416,153.4124527735389,GSK3B;PIK3CA;SRC;KDR;BCL2;FYN;MET;PGF;VEGFA
KEGG_2021_Human,Gastric cancer,8/149,5.989345144022271e-07,8.684550458832292e-06,0,0,12.742101869761443,182.5702827063539,GSK3B;ABCB1;PIK3CA;TERT;CDK2;BCL2;MET;MTOR
KEGG_2021_Human,Rap1 signaling pathway,9/210,7.69215218668665e-07,1.0410045959315931e-05,0,0,10.140504374678333,142.75695622282134,PIK3CA;SRC;KIT;KDR;MAPK14;MET;PGF;VEGFA;FGFR1
KEGG_2021_Human,Bladder cancer,5/41,1.4989816189363051e-06,1.901832929025437e-05,0,0,30.32356532356532,406.66098347890016,SRC;MMP1;MMP2;MMP9;VEGFA
KEGG_2021_Human,Thyroid hormone signaling pathway,7/121,1.901891418874668e-06,2.2710821060679865e-05,0,0,13.653656613443722,179.8549993093763,GSK3B;PIK3CA;SRC;STAT1;HIF1A;ESR1;MTOR
KEGG_2021_Human,MicroRNAs in cancer,10/310,2.407019143407747e-06,2.7145827006209592e-05,0,0,7.598449612403101,98.30206543675756,ABCC1;DNMT1;ABCB1;PIK3CA;BCL2;CYP1B1;MMP9;MET;MTOR;VEGFA
KEGG_2021_Human,Kaposi sarcoma-associated herpesvirus infection,8/193,4.175545730958603e-06,4.418388729986104e-05,0,0,9.68992628992629,120.02199964627216,GSK3B;PIK3CA;SRC;STAT1;MAPK14;HIF1A;MTOR;VEGFA
KEGG_2021_Human,Estrogen signaling pathway,7/137,4.353092344813895e-06,4.418388729986104e-05,0,0,11.96352636127917,147.68523561978483,PIK3CA;SRC;MMP2;BCL2;MMP9;ESR1;ESR2
KEGG_2021_Human,Breast cancer,7/147,6.930248218353714e-06,6.699239944408589e-05,0,0,11.103370786516852,131.90376934062502,GSK3B;PIK3CA;KIT;ESR1;ESR2;MTOR;FGFR1
KEGG_2021_Human,VEGF signaling pathway,5/59,9.354130794476314e-06,8.631311596721326e-05,0,0,20.1973951973952,233.8796260105009,PIK3CA;SRC;KDR;MAPK14;VEGFA
KEGG_2021_Human,Hepatitis B,7/162,1.3082901973957864e-05,0.00011547083046580202,0,0,10.021239579557813,112.68086590425496,PIK3CA;SRC;STAT1;CDK2;BCL2;MAPK14;MMP9
KEGG_2021_Human,HIF-1 signaling pathway,6/109,1.420390276530423e-05,0.0001201413442231983,0,0,12.816181229773465,143.0541352789232,PIK3CA;SERPINE1;BCL2;HIF1A;MTOR;VEGFA
KEGG_2021_Human,Ras signaling pathway,8/232,1.6022372712289085e-05,0.00013010166642378736,0,0,7.987012987012987,88.18879972096813,PIK3CA;FLT3;KIT;KDR;MET;PGF;VEGFA;FGFR1
KEGG_2021_Human,Sphingolipid signaling pathway,6/119,2.3421147740166e-05,0.00018286511504821915,0,0,11.676106194690265,124.48914029708206,ABCC1;PIK3CA;ADORA3;BCL2;FYN;MAPK14
KEGG_2021_Human,FoxO signaling pathway,6/131,4.02787529342481e-05,0.00030283654983897644,0,0,10.5488,106.75054842921908,PRKAA2;PIK3CA;PLK1;CDK2;CSNK1E;MAPK14
KEGG_2021_Human,PD-L1 expression and PD-1 checkpoint pathway in cancer,5/89,6.923804766778728e-05,0.0004967343127516967,0,0,12.964416535845109,124.1726633232156,PIK3CA;STAT1;MAPK14;HIF1A;MTOR
KEGG_2021_Human,Alzheimer disease,9/369,7.09620446788138e-05,0.0004967343127516967,0,0,5.6160919540229886,53.65257858964357,BACE1;APP;GSK3B;PSMB5;PIK3CA;CSNK1E;MAPT;MTOR;SNCA
KEGG_2021_Human,Lipid and atherosclerosis,7/215,7.9785936767266e-05,0.0005398848387918332,0,0,7.4477095937770095,70.27780393804763,GSK3B;PIK3CA;MMP1;SRC;BCL2;MAPK14;MMP9
KEGG_2021_Human,IL-17 signaling pathway,5/94,8.984996295720468e-05,0.0005883723380745985,0,0,12.232991727373747,113.979302265171,GSK3B;MMP13;MMP1;MAPK14;MMP9
KEGG_2021_Human,Ovarian steroidogenesis,4/51,0.0001047836521098636,0.0006518940642043266,0,0,18.369102682701204,168.32734427600298,ALOX5;HSD17B1;CYP1B1;CYP19A1
KEGG_2021_Human,Human cytomegalovirus infection,7/225,0.0001059729266933142,0.0006518940642043266,0,0,7.102463663539841,65.0040692798006,GSK3B;PIK3CA;STING1;SRC;MAPK14;MTOR;VEGFA
KEGG_2021_Human,Progesterone-mediated oocyte maturation,5/100,0.0001204768090204692,0.0007193174185633897,0,0,11.456911509543088,103.38777988426902,RPS6KA3;PIK3CA;PLK1;CDK2;MAPK14
KEGG_2021_Human,Thermogenesis,7/232,0.00012816773919136008,0.0007433728873098884,0,0,6.879051186017478,61.65123091102421,RPS6KA3;PRKAA2;KDM1A;SIRT6;MAPK14;MTOR;FGFR1
KEGG_2021_Human,"Parathyroid hormone synthesis, secretion and action",5/106,0.00015853800614875794,0.0008939782013388295,0,0,10.773038842345771,94.25887794935288,MMP14;MMP13;BCL2;SOST;FGFR1
KEGG_2021_Human,Insulin resistance,5/108,0.00017307218610106086,0.0009495582102301448,0,0,10.562786727835272,91.49276498439444,GSK3B;RPS6KA3;PRKAA2;PIK3CA;MTOR
KEGG_2021_Human,Shigellosis,7/246,0.000183904544301448,0.0009824374340314196,0,0,6.471487001081284,55.66186617778172,GSK3B;PIK3CA;STING1;SRC;BCL2;MAPK14;MTOR
KEGG_2021_Human,Human papillomavirus infection,8/331,0.00019378886612172875,0.00100869589289,0,0,5.5111173656065295,47.11311669043079,GSK3B;PKM;PIK3CA;TERT;STAT1;CDK2;MTOR;VEGFA
KEGG_2021_Human,Arachidonic acid metabolism,4/61,0.000210940939665722,0.0010705252688035,0,0,15.138825324180017,128.1339937121721,CBR1;ALOX5;PTGES;PTGS1
KEGG_2021_Human,"Growth hormone synthesis, secretion and action",5/119,0.0002720517435279602,0.0013149167603851,0,0,9.538268748795064,78.30459161655668,GSK3B;PIK3CA;STAT1;MAPK14;MTOR
KEGG_2021_Human,Neurotrophin signaling pathway,5/119,0.0002720517435279602,0.0013149167603851,0,0,9.538268748795064,78.30459161655668,GSK3B;RPS6KA3;PIK3CA;BCL2;MAPK14
KEGG_2021_Human,Acute myeloid leukemia,4/67,0.00030308965886630715,0.0014308651337176,0,0,13.692891649413388,110.93271375199755,PIK3CA;FLT3;KIT;MTOR
KEGG_2021_Human,Fc epsilon RI signaling pathway,4/68,0.0003208563224514985,0.0014803143967648,0,0,13.478260869565217,108.42610042953902,PIK3CA;ALOX5;FYN;MAPK14
KEGG_2021_Human,Platelet activation,5/124,0.0003291187595732503,0.0014846912931859,0,0,9.135192538553882,73.25594849986626,PIK3CA;SRC;FYN;MAPK14;PTGS1
KEGG_2021_Human,Renal cell carcinoma,4/69,0.00033935720239146875,0.0014975980888145,0,0,13.270234113712377,106.008698723836,PIK3CA;MET;HIF1A;VEGFA
KEGG_2021_Human,Adherens junction,4/71,0.0003786315229962856,0.0016353659397499,0,0,12.872809863724854,101.42418743806252,SRC;FYN;MET;FGFR1
KEGG_2021_Human,Diabetic cardiomyopathy,6/203,0.0004410092586116909,0.0018651016562119,0,0,6.669035532994924,51.52793416901543,GSK3B;PIK3CA;MMP2;MAPK14;MMP9;MTOR
KEGG_2021_Human,Pathways of neurodegeneration,9/475,0.000464564187858902,0.0019246230639868,0,0,4.3150806570963445,33.115701693757565,APP;GSK3B;PSMB5;BCL2;CSNK1E;MAPT;MAPK14;MTOR;SNCA
KEGG_2021_Human,Pancreatic cancer,4/76,0.0004908969211448545,0.0019930414998481,0,0,11.97584541062802,91.24727617285396,PIK3CA;STAT1;MTOR;VEGFA
KEGG_2021_Human,Autophagy,5/137,0.0005199868929912048,0.0020299488322541,0,0,8.23010323010323,62.233628814803545,PRKAA2;PIK3CA;BCL2;HIF1A;MTOR
KEGG_2021_Human,Yersinia infection,5/137,0.0005199868929912048,0.0020299488322541,0,0,8.23010323010323,62.233628814803545,GSK3B;RPS6KA3;PIK3CA;SRC;MAPK14
KEGG_2021_Human,Measles,5/139,0.0005554711982026847,0.0021275594950027,0,0,8.106445793012957,60.76343545976968,GSK3B;PIK3CA;STAT1;CDK2;BCL2
KEGG_2021_Human,ErbB signaling pathway,4/85,0.0007496673734677148,0.002818194015073,0,0,10.640365002683843,76.56679984357685,GSK3B;PIK3CA;SRC;MTOR
KEGG_2021_Human,Colorectal cancer,4/86,0.0007833705801089737,0.0028913495956749,0,0,10.510074231177096,75.16704920248702,GSK3B;PIK3CA;BCL2;MTOR
KEGG_2021_Human,mTOR signaling pathway,5/154,0.0008826795165185632,0.0031614060434375,0,0,7.284829264695037,51.23091418348636,GSK3B;RPS6KA3;PRKAA2;PIK3CA;MTOR
KEGG_2021_Human,Coronavirus disease,6/232,0.000887685440768172,0.0031614060434375,0,0,5.804719764011799,40.78914532158161,PIK3CA;STING1;MMP1;STAT1;RPSA;MAPK14
KEGG_2021_Human,Cellular senescence,5/156,0.0009352492682016364,0.0032733724387057,0,0,7.187613710792519,50.13143114387052,PIK3CA;SERPINE1;CDK2;MAPK14;MTOR
KEGG_2021_Human,GnRH signaling pathway,4/93,0.0010499075996333,0.0036123939445013,0,0,9.680019540791402,66.39576822357638,MMP14;SRC;MMP2;MAPK14
KEGG_2021_Human,Hepatocellular carcinoma,5/168,0.0013010855114617,0.0043022714909682,0,0,6.65441920043147,44.215663381230655,GSK3B;PIK3CA;TERT;MET;MTOR
KEGG_2021_Human,ABC transporters,3/45,0.001313994248473,0.0043022714909682,0,0,15.254992319508448,101.21204943569812,ABCC1;ABCB1;ABCG2
KEGG_2021_Human,Glycosphingolipid biosynthesis,3/45,0.001313994248473,0.0043022714909682,0,0,15.254992319508448,101.21204943569812,FUT7;FUT4;ST3GAL3
KEGG_2021_Human,Type II diabetes mellitus,3/46,0.0014008065828257,0.0045137101002162,0,0,14.89947486871718,97.90008497345548,PKM;PIK3CA;MTOR
KEGG_2021_Human,C-type lectin receptor signaling pathway,4/104,0.0015884430219976,0.0049608297456233,0,0,8.610434782608696,55.4942605601181,PIK3CA;SRC;STAT1;MAPK14
KEGG_2021_Human,T cell receptor signaling pathway,4/104,0.0015884430219976,0.0049608297456233,0,0,8.610434782608696,55.4942605601181,GSK3B;PIK3CA;FYN;MAPK14
KEGG_2021_Human,Th17 cell differentiation,4/107,0.0017633804211116,0.0054237306891768,0,0,8.358379062895736,52.99649150055304,STAT1;MAPK14;HIF1A;MTOR
KEGG_2021_Human,Axon guidance,5/182,0.001850682210926,0.0056072908778802,0,0,6.123735022040107,38.5317712938684,GSK3B;PIK3CA;SRC;FYN;MET
KEGG_2021_Human,TNF signaling pathway,4/112,0.0020839550415816,0.0061189709058369,0,0,7.969404186795491,49.19901895032857,MMP14;PIK3CA;MAPK14;MMP9
KEGG_2021_Human,Toxoplasmosis,4/112,0.0020839550415816,0.0061189709058369,0,0,7.969404186795491,49.19901895032857,STAT1;ALOX5;BCL2;MAPK14
KEGG_2021_Human,Endocrine and other factor-regulated calcium reabsorption,3/53,0.0021099899675299,0.0061189709058369,0,0,12.809032258064516,78.91737109678841,KLK1;KLK2;ESR1
KEGG_2021_Human,Cholinergic synapse,4/113,0.0021525824389121,0.006151091824739,0,0,7.895891503789389,48.48935685090776,ACHE;PIK3CA;BCL2;FYN
KEGG_2021_Human,Neutrophil extracellular trap formation,5/189,0.0021816680363606,0.006151091824739,0,0,5.8886765408504536,36.08384031833502,PIK3CA;SRC;MAPK14;HDAC6;MTOR
KEGG_2021_Human,Leukocyte transendothelial migration,4/114,0.002222755364757,0.0061810868362422,0,0,7.823715415019762,47.7951376926109,PIK3CA;MMP2;MAPK14;MMP9
KEGG_2021_Human,Hedgehog signaling pathway,3/56,0.0024709827814584,0.0067785068194063,0,0,12.082166768107122,72.53093039942031,GSK3B;BCL2;CSNK1E
KEGG_2021_Human,Epstein-Barr virus infection,5/202,0.0029080201330425,0.0078710411601018,0,0,5.496457856863948,32.10086826041016,PIK3CA;STAT1;CDK2;BCL2;MAPK14
KEGG_2021_Human,Viral carcinogenesis,5/203,0.0029703185915853,0.0079338772906818,0,0,5.468420468420469,31.82120932908589,PKM;PIK3CA;SRC;CDK2;HDAC6
KEGG_2021_Human,Steroid hormone biosynthesis,3/61,0.0031532246844044,0.008313046895248,0,0,11.03781979977753,63.57044273872647,HSD17B1;CYP1B1;CYP19A1
KEGG_2021_Human,Osteoclast differentiation,4/127,0.0032835862433066,0.0085457436845032,0,0,6.992223400494875,39.98726064341961,PIK3CA;STAT1;FYN;MAPK14
KEGG_2021_Human,Oocyte meiosis,4/129,0.0034726568224441,0.0089234093032425,0,0,6.879652173913043,38.95833734110742,RPS6KA3;PLK1;CDK2;MAPK14
KEGG_2021_Human,Human immunodeficiency virus 1 infection,5/212,0.0035752241810485,0.0090721313594106,0,0,5.22827414131762,29.454671268009022,PIK3CA;STING1;BCL2;MAPK14;MTOR
KEGG_2021_Human,Insulin signaling pathway,4/137,0.0043030485325422,0.0107841833593343,0,0,6.463223275580255,35.21442958623038,GSK3B;PRKAA2;PIK3CA;MTOR
KEGG_2021_Human,Epithelial cell signaling in Helicobacter pylori infection,3/70,0.0046493401598271,0.0115099518590841,0,0,9.550794415021668,51.2976030457789,SRC;MAPK14;MET
KEGG_2021_Human,Signaling pathways regulating pluripotency of stem cells,4/143,0.0050072742264845,0.0121575861822457,0,0,6.182358461057241,32.74710936168719,GSK3B;PIK3CA;MAPK14;FGFR1
KEGG_2021_Human,Melanoma,3/72,0.0050307253167913,0.0121575861822457,0,0,9.273024777933614,49.07461926566847,PIK3CA;MET;FGFR1
KEGG_2021_Human,p53 signaling pathway,3/73,0.0052282833821959,0.0124612776732937,0,0,9.140092165898617,48.01904884848528,SERPINE1;CDK2;BCL2
KEGG_2021_Human,Mannose type O-glycan biosynthesis,2/23,0.0054019331785707,0.0124612776732937,0,0,20.144883485309016,105.1764043129469,FUT4;ST3GAL3
KEGG_2021_Human,Proximal tubule bicarbonate reclamation,2/23,0.0054019331785707,0.0124612776732937,0,0,20.144883485309016,105.1764043129469,CA2;CA4
KEGG_2021_Human,Renin-angiotensin system,2/23,0.0054019331785707,0.0124612776732937,0,0,20.144883485309016,105.1764043129469,KLK1;KLK2
KEGG_2021_Human,Phospholipase D signaling pathway,4/148,0.0056501766056262,0.0128874814712597,0,0,5.966183574879227,30.881374728014425,PIK3CA;KIT;FYN;MTOR
KEGG_2021_Human,Bacterial invasion of epithelial cells,3/77,0.0060649738722234,0.0136798855117929,0,0,8.644289450741063,44.1310429963081,PIK3CA;SRC;MET
KEGG_2021_Human,Non-alcoholic fatty liver disease,4/155,0.0066396288777809,0.0148114798042805,0,0,5.687589979844515,28.52155297279389,GSK3B;PRKAA2;PIK3CA;MAPK14
KEGG_2021_Human,Hepatitis C,4/157,0.0069420940765592,0.0153178814950165,0,0,5.612674055129298,27.895842113140688,GSK3B;PIK3CA;STAT1;CDK2
KEGG_2021_Human,JAK-STAT signaling pathway,4/162,0.0077378319570226,0.0168901063147913,0,0,5.4336818932306,26.41657122200385,PIK3CA;STAT1;BCL2;MTOR
KEGG_2021_Human,Bile secretion,3/90,0.0093147685615091,0.020115936361557,0,0,7.347793845012977,34.35941646878212,ABCB1;CA2;ABCG2
KEGG_2021_Human,Circadian rhythm,2/31,0.0096844370952349,0.0206941129508704,0,0,14.581804842259722,67.61925731038481,PRKAA2;CSNK1E
KEGG_2021_Human,Small cell lung cancer,3/92,0.0098888961645971,0.0209108950147209,0,0,7.181949981877492,33.154342735740734,PIK3CA;CDK2;BCL2
KEGG_2021_Human,Prion disease,5/273,0.0101929622164911,0.0213316631953371,0,0,4.025750369033951,18.462323782581805,GSK3B;PSMB5;PIK3CA;FYN;MAPK14
KEGG_2021_Human,Tuberculosis,4/180,0.0110931975139311,0.0229787662788574,0,0,4.873517786561265,21.93776600619692,SRC;STAT1;BCL2;MAPK14
KEGG_2021_Human,NOD-like receptor signaling pathway,4/181,0.011303064618906,0.0231769910872518,0,0,4.845738147875215,21.72190019119432,STING1;STAT1;BCL2;MAPK14
KEGG_2021_Human,Choline metabolism in cancer,3/98,0.0117330392948656,0.0235822472956209,0,0,6.726315789473684,29.900804658388942,PIK3CA;HIF1A;MTOR
KEGG_2021_Human,Inflammatory mediator regulation of TRP channels,3/98,0.0117330392948656,0.0235822472956209,0,0,6.726315789473684,29.900804658388942,PIK3CA;SRC;MAPK14
KEGG_2021_Human,Nicotinate and nicotinamide metabolism,2/35,0.0122390168869593,0.0243580434122818,0,0,12.811734364925854,56.411684848762775,SIRT6;NADK
KEGG_2021_Human,Melanogenesis,3/101,0.0127243362978483,0.0250780608588662,0,0,6.519420671494404,28.452309138616958,GSK3B;KIT;TYR
KEGG_2021_Human,Chagas disease,3/102,0.0130651118387525,0.0252592162215882,0,0,6.453242098403389,27.99293694442775,PIK3CA;SERPINE1;MAPK14
KEGG_2021_Human,Longevity regulating pathway,3/102,0.0130651118387525,0.0252592162215882,0,0,6.453242098403389,27.99293694442775,PRKAA2;PIK3CA;MTOR
KEGG_2021_Human,Toll-like receptor signaling pathway,3/104,0.0137622465847819,0.0261471881137807,0,0,6.324816352603002,27.107063574474683,PIK3CA;STAT1;MAPK14
KEGG_2021_Human,Chemokine signaling pathway,4/192,0.0137820154097268,0.0261471881137807,0,0,4.559666975023127,19.53539509268129,GSK3B;PIK3CA;SRC;STAT1
KEGG_2021_Human,Glucagon signaling pathway,3/107,0.0148470619545029,0.0279069775626304,0,0,6.141439205955335,25.855172138180443,PKM;PRKAA2;PGAM1
KEGG_2021_Human,Serotonergic synapse,3/113,0.0171583638940424,0.0319554850503726,0,0,5.804692082111437,23.59763787355669,APP;ALOX5;PTGS1
KEGG_2021_Human,AMPK signaling pathway,3/120,0.020095201945805,0.0370847817727128,0,0,5.455472842569617,21.31602829517405,PRKAA2;PIK3CA;MTOR
KEGG_2021_Human,Cell cycle,3/124,0.0218901111470153,0.040033266331929,0,0,5.27406025059984,20.155983070060085,GSK3B;PLK1;CDK2
KEGG_2021_Human,Apelin signaling pathway,3/137,0.0283105994909662,0.050689080885935,0,0,4.759268175252768,16.964501856481633,PRKAA2;SERPINE1;MTOR
KEGG_2021_Human,Caffeine metabolism,1/6,0.0284599375217657,0.050689080885935,0,0,41.892631578947366,149.10667912928483,XDH
KEGG_2021_Human,Calcium signaling pathway,4/240,0.028505558943768,0.050689080885935,0,0,3.62343404568902,12.890932453248952,KDR;MET;VEGFA;FGFR1
KEGG_2021_Human,Regulation of lipolysis in adipocytes,2/55,0.0287154891718351,0.050689080885935,0,0,7.969088719389803,28.292803980406767,PIK3CA;PTGS1
KEGG_2021_Human,Legionellosis,2/57,0.0306725393385368,0.0536769438424395,0,0,7.678529980657641,26.754973950283677,CLK1;CLK4
KEGG_2021_Human,Amyotrophic lateral sclerosis,5/364,0.0309585960744072,0.0537144872060227,0,0,2.9913679635128103,10.395316503656298,PSMB5;BCL2;MAPK14;HDAC6;MTOR
KEGG_2021_Human,Spinocerebellar ataxia,3/143,0.0315758137284872,0.0540260324244924,0,0,4.553917050691244,15.735440306350188,PSMB5;PIK3CA;MTOR
KEGG_2021_Human,Endometrial cancer,2/58,0.0316704328005645,0.0540260324244924,0,0,7.541033434650456,26.034450815027743,GSK3B;PIK3CA
KEGG_2021_Human,Herpes simplex virus 1 infection,6/498,0.0327866809915037,0.0554641353439604,0,0,2.6303523035230354,8.989841641566898,PIK3CA;STING1;SRC;STAT1;BCL2;MTOR
KEGG_2021_Human,GnRH secretion,2/64,0.0379199832327683,0.0636178231095204,0,0,6.809196980096088,22.281578964471294,PIK3CA;ESR2
KEGG_2021_Human,Glycolysis / Gluconeogenesis,2/67,0.0412070438835408,0.0685658189209736,0,0,6.493944353518821,20.71013710858211,PKM;PGAM1
KEGG_2021_Human,Mitophagy,2/68,0.0423258636601282,0.0698548806748457,0,0,6.395228884590587,20.223996482743463,SRC;HIF1A
KEGG_2021_Human,Adipocytokine signaling pathway,2/69,0.0434560271546038,0.0711417218740692,0,0,6.29946014607812,19.755143064684585,PRKAA2;MTOR
KEGG_2021_Human,Hippo signaling pathway,3/163,0.0438173729677067,0.0711594136995557,0,0,3.9806451612903215,12.450362977661497,GSK3B;SERPINE1;CSNK1E
KEGG_2021_Human,RIG-I-like receptor signaling pathway,2/70,0.0445974022062857,0.0718513702212381,0,0,6.206508135168961,19.3027347613863,STING1;MAPK14
KEGG_2021_Human,Wnt signaling pathway,3/166,0.0458307233569452,0.0732569830036211,0,0,3.906788046704928,12.043848523142367,GSK3B;SOST;CSNK1E
KEGG_2021_Human,Non-small cell lung cancer,2/72,0.0469132633268802,0.0744015035574742,0,0,6.0285714285714285,18.444142055706436,PIK3CA;MET
KEGG_2021_Human,Inositol phosphate metabolism,2/73,0.0480874899858185,0.0756725617606292,0,0,5.943362301468385,18.036519009727165,PIK3CA;SYNJ2
KEGG_2021_Human,Glioma,2/75,0.0504678942317755,0.0788075579157725,0,0,5.779947537161178,17.26133880145489,PIK3CA;MTOR
KEGG_2021_Human,Metabolism of xenobiotics by cytochrome P450,2/76,0.0516738181926809,0.0800746953672841,0,0,5.701552616446233,16.89258314724502,CBR1;CYP1B1
KEGG_2021_Human,Leishmaniasis,2/77,0.0528900558601742,0.0813384949970861,0,0,5.6252482269503545,16.53564182286236,STAT1;MAPK14
KEGG_2021_Human,B cell receptor signaling pathway,2/81,0.0578556685979003,0.0883060204915321,0,0,5.3393482359278215,15.216095118015389,GSK3B;PIK3CA
KEGG_2021_Human,Transcriptional misregulation in cancer,3/192,0.0651380306838086,0.0986792554389041,0,0,3.364908687489333,9.190395787701105,FLT3;MMP9;MET
KEGG_2021_Human,Pathogenic Escherichia coli infection,3/197,0.069219462123399,0.1040855615633333,0,0,3.2773528433654806,8.752082972324887,SRC;FYN;MAPK14
KEGG_2021_Human,Th1 and Th2 cell differentiation,2/92,0.0722888268464433,0.1079017047781469,0,0,4.684160756501182,12.30569174241841,STAT1;MAPK14
KEGG_2021_Human,Rheumatoid arthritis,2/93,0.0736537800118073,0.1091366229372036,0,0,4.632452653729249,12.083195988524617,MMP1;VEGFA
KEGG_2021_Human,Phosphatidylinositol signaling system,2/97,0.0791957151834087,0.1164980447987824,0,0,4.436506159014558,11.250239090274126,PIK3CA;SYNJ2
KEGG_2021_Human,Hematopoietic cell lineage,2/99,0.0820144458187472,0.1197764928144294,0,0,4.344593112524676,10.865218604443312,FLT3;KIT
KEGG_2021_Human,Regulation of actin cytoskeleton,3/218,0.0875759549714474,0.1269851347085988,0,0,2.9540885221305326,7.193940544403094,PIK3CA;SRC;FGFR1
KEGG_2021_Human,Human T-cell leukemia virus 1 infection,3/219,0.088497085324542,0.12741069731122,0,0,2.9402628434886497,7.129507184510439,PIK3CA;TERT;CDK2
KEGG_2021_Human,Vitamin digestion and absorption,1/24,0.1091182759636125,0.1559930283141784,0,0,9.098855835240274,20.15690355426019,ABCC1
KEGG_2021_Human,Folate biosynthesis,1/26,0.1176606401638211,0.1651312794658853,0,0,8.370105263157894,17.91161285774819,CBR1
KEGG_2021_Human,Parkinson disease,3/249,0.1179509139042038,0.1651312794658853,0,0,2.577760293731969,5.509928407889412,PSMB5;MAPT;SNCA
KEGG_2021_Human,Salmonella infection,3/249,0.1179509139042038,0.1651312794658853,0,0,2.577760293731969,5.509928407889412,PIK3CA;BCL2;MAPK14
KEGG_2021_Human,Collecting duct acid secretion,1/27,0.1219013753793836,0.1694930082329786,0,0,8.047773279352226,16.936884596393483,CA2
KEGG_2021_Human,Purine metabolism,2/129,0.1275374464361615,0.176123140316604,0,0,3.313285307421679,6.823198392753208,PKM;XDH
KEGG_2021_Human,Natural killer cell mediated cytotoxicity,2/131,0.1307546027722584,0.1793458402889761,0,0,3.261586673264061,6.635479475026395,PIK3CA;FYN
KEGG_2021_Human,Dopaminergic synapse,2/132,0.1323702897985452,0.1803434149604341,0,0,3.2363338788870704,6.544359213411342,GSK3B;MAPK14
KEGG_2021_Human,Pentose phosphate pathway,1/30,0.1345029365993388,0.1820273075311052,0,0,7.214156079854809,14.472818068487964,PGD
KEGG_2021_Human,Apoptosis,2/142,0.148768814196762,0.2000004588208126,0,0,3.003647416413374,5.723034929437476,PIK3CA;BCL2
KEGG_2021_Human,Tyrosine metabolism,1/36,0.1591716136285312,0.2125778787275779,0,0,5.975639097744361,10.981864174896383,TYR
KEGG_2021_Human,Adrenergic signaling in cardiomyocytes,2/150,0.1621691391689169,0.2151468633384547,0,0,2.8401380103507763,5.166538848042643,BCL2;MAPK14
KEGG_2021_Human,Aldosterone-regulated sodium reabsorption,1/37,0.1632148618429656,0.2151468633384547,0,0,5.809356725146199,10.53054991851772,PIK3CA
KEGG_2021_Human,Oxytocin signaling pathway,2/154,0.1689503097584346,0.2212704056836272,0,0,2.764837625979843,4.916297773094317,PRKAA2;SRC
KEGG_2021_Human,Cushing syndrome,2/155,0.1706532882221439,0.2214170468810187,0,0,2.7466277291058265,4.856371087153063,GSK3B;CDK2
KEGG_2021_Human,Various types of N-glycan biosynthesis,1/39,0.1712437259129061,0.2214170468810187,0,0,5.503047091412743,9.711048020338644,ST3GAL3
KEGG_2021_Human,"Glycine, serine and threonine metabolism",1/40,0.1752295225708418,0.2251366650751955,0,0,5.361673414304994,9.338204649149848,PGAM1
KEGG_2021_Human,Necroptosis,2/159,0.1774939344278264,0.2266117527600551,0,0,2.6761078736956225,4.626505717646329,STAT1;BCL2
KEGG_2021_Human,Homologous recombination,1/41,0.1791963488077396,0.2273553675498196,0,0,5.227368421052631,8.987274190321951,RAD52
KEGG_2021_Human,Tryptophan metabolism,1/42,0.1831442939256588,0.2309210662540916,0,0,5.099614890885751,8.656499106359142,CYP1B1
KEGG_2021_Human,Tight junction,2/169,0.1947741345384751,0.2440688229093237,0,0,2.514587845585425,4.113651161102613,PRKAA2;SRC
KEGG_2021_Human,Proteasome,1/46,0.1987490358238112,0.2462789935733106,0,0,4.645380116959064,7.505598149262955,PSMB5
KEGG_2021_Human,Influenza A,2/172,0.2000010932081214,0.2462789935733106,0,0,2.469837296620776,3.975036282531163,PIK3CA;STAT1
KEGG_2021_Human,Carbohydrate digestion and absorption,1/47,0.20260390111696,0.2462789935733106,0,0,4.5441647597254,7.254770090703806,PIK3CA
KEGG_2021_Human,Other types of O-glycan biosynthesis,1/47,0.20260390111696,0.2462789935733106,0,0,4.5441647597254,7.254770090703806,ST3GAL3
KEGG_2021_Human,Pyruvate metabolism,1/47,0.20260390111696,0.2462789935733106,0,0,4.5441647597254,7.254770090703806,PKM
KEGG_2021_Human,Cysteine and methionine metabolism,1/50,0.2140587201245348,0.2571237880785832,0,0,4.26530612244898,6.5749903239841245,DNMT1
KEGG_2021_Human,Malaria,1/50,0.2140587201245348,0.2571237880785832,0,0,4.26530612244898,6.5749903239841245,MET
KEGG_2021_Human,Glycosaminoglycan biosynthesis,1/53,0.2253506770761879,0.2690952202733303,0,0,4.018623481781376,5.988140905299795,ST3GAL3
KEGG_2021_Human,Glutathione metabolism,1/57,0.2401572346402309,0.2850989393682273,0,0,3.730827067669173,5.3218808984322825,PGD
KEGG_2021_Human,Viral myocarditis,1/60,0.2510780363139976,0.2963304730915204,0,0,3.5405887600356825,4.893063523640772,FYN
KEGG_2021_Human,Basal cell carcinoma,1/63,0.2618434908943032,0.3054840727100204,0,0,3.368760611205433,4.514167236027909,GSK3B
KEGG_2021_Human,Cytosolic DNA-sensing pathway,1/63,0.2618434908943032,0.3054840727100204,0,0,3.368760611205433,4.514167236027909,STING1
KEGG_2021_Human,Inflammatory bowel disease,1/65,0.2689352378142914,0.311964875864578,0,0,3.263157894736842,4.285455271531161,STAT1
KEGG_2021_Human,Long-term potentiation,1/67,0.2759595545346783,0.318294258923521,0,0,3.163955342902711,4.073595558926187,RPS6KA3
KEGG_2021_Human,PPAR signaling pathway,1/74,0.3000227571516145,0.3440361057197691,0,0,2.859552992069214,3.4426071256038537,MMP1
KEGG_2021_Human,Thyroid hormone synthesis,1/75,0.3033951203966583,0.3440361057197691,0,0,2.8207681365576103,3.364384583945817,TTR
KEGG_2021_Human,Chronic myeloid leukemia,1/76,0.3067514046072819,0.3440361057197691,0,0,2.783017543859649,3.2887408583424422,PIK3CA
KEGG_2021_Human,Gastric acid secretion,1/76,0.3067514046072819,0.3440361057197691,0,0,2.783017543859649,3.2887408583424422,CA2
KEGG_2021_Human,Pertussis,1/76,0.3067514046072819,0.3440361057197691,0,0,2.783017543859649,3.2887408583424422,MAPK14
KEGG_2021_Human,Peroxisome,1/82,0.3265556739650601,0.3642351748071824,0,0,2.5760883690708254,2.8830417337920933,XDH
KEGG_2021_Human,Complement and coagulation cascades,1/85,0.3362468073532034,0.3729950923098376,0,0,2.4837092731829573,2.7070191839217608,SERPINE1
KEGG_2021_Human,Taste transduction,1/86,0.3394464157511476,0.3744979478124073,0,0,2.4543653250774,2.6517924525695524,TAS2R31
KEGG_2021_Human,Gap junction,1/88,0.3457999132280331,0.3794453101907606,0,0,2.397701149425288,2.5461067581623245,SRC
KEGG_2021_Human,GABAergic synapse,1/89,0.3489539461183639,0.3808475863549885,0,0,2.370334928229665,2.4955249379020694,SRC
KEGG_2021_Human,Hypertrophic cardiomyopathy,1/90,0.3520929303627859,0.3822185286825965,0,0,2.343583678296866,2.4463735666438886,PRKAA2
KEGG_2021_Human,Fc gamma R-mediated phagocytosis,1/97,0.3736503849555481,0.4034629156700866,0,0,2.171929824561404,2.138123125116582,PIK3CA
KEGG_2021_Human,Glycerophospholipid metabolism,1/98,0.3766715102489588,0.4045731036007336,0,0,2.1494302767227347,2.098664596023561,ACHE
KEGG_2021_Human,Amoebiasis,1/102,0.3886124808534803,0.4130279246767356,0,0,2.0638874413757167,1.9507299108194924,PIK3CA
KEGG_2021_Human,Pancreatic secretion,1/102,0.3886124808534803,0.4130279246767356,0,0,2.0638874413757167,1.9507299108194924,CA2
KEGG_2021_Human,Protein digestion and absorption,1/103,0.3915621790125016,0.4139954288517595,0,0,2.043550051599587,1.9160549127172235,DPP4
KEGG_2021_Human,NF-kappa B signaling pathway,1/104,0.3944977936526413,0.4149380938418973,0,0,2.02360756259581,1.882241842110544,BCL2
KEGG_2021_Human,Drug metabolism,1/108,0.4061007421264993,0.4249404672766977,0,0,1.9475651746187896,1.7550561801729816,XDH
KEGG_2021_Human,Huntington disease,2/306,0.4332705851703259,0.4510457886644932,0,0,1.3717805151175813,1.147347398342623,PSMB5;MTOR
KEGG_2021_Human,Retrograde endocannabinoid signaling,1/148,0.5106832837539101,0.528921972459407,0,0,1.414751163623344,0.9507208147578562,MAPK14
KEGG_2021_Human,Ribosome,1/158,0.5338423349968476,0.5501014924079192,0,0,1.323969158565203,0.8309955132640383,RPSA
KEGG_2021_Human,cGMP-PKG signaling pathway,1/167,0.5537561594607285,0.567739900861252,0,0,1.2516169942929614,0.7397442366176196,ADORA3
KEGG_2021_Human,Protein processing in endoplasmic reticulum,1/171,0.5623342760934364,0.5736374776229528,0,0,1.2219195046439628,0.7034087262374212,BCL2
KEGG_2021_Human,Alcoholism,1/186,0.5930734910934424,0.601969593459844,0,0,1.12199146514936,0.5861698064349876,HDAC6
KEGG_2021_Human,cAMP signaling pathway,1/216,0.648285040034943,0.654735637448226,0,0,0.9639657282741738,0.4178066556350681,PIK3CA
KEGG_2021_Human,Endocytosis,1/252,0.7048290906954197,0.7083183436196544,0,0,0.8241979450618578,0.2883043835752833,SRC
KEGG_2021_Human,Neuroactive ligand-receptor interaction,1/341,0.8088842461367732,0.8088842461367732,0,0,0.6056965944272446,0.1284679174583975,ADORA3
Reactome_2022,Reversible Hydration Of Carbon Dioxide R-HSA-1475029,10/12,2.6204465067143367e-22,1.8867214848343224e-19,0,0,1157.093023255814,57500.03376318277,CA12;CA1;CA3;CA5B;CA2;CA5A;CA4;CA7;CA6;CA9
Reactome_2022,Signal Transduction R-HSA-162582,38/2465,1.1918013499515036e-11,4.290484859825413e-09,0,0,4.717943253342426,118.67028568344595,APP;GSK3B;PRKAA2;KDM1A;FLT3;SRC;SERPINE1;KLK2;HIF1A;HDAC6;RPS6KA3;PSMB5;TERT;ADORA3;KDR;FYN;SOST;ST3GAL3;TAS2R31;STAT1;MMP2;PLK1;SIRT6;CSNK1E;MAPK14;MMP9;ESR1;PGF;ESR2;MTOR;VEGFA;PIK3CA;AXL;KIT;CDK2;BCL2;MAPKAPK5;FGFR1
Reactome_2022,PI3K/AKT Signaling In Cancer R-HSA-2219528,10/105,7.961277561762828e-11,1.9107066148230787e-08,0,0,24.246022031823745,563.813275491002,GSK3B;PIK3CA;FLT3;SRC;KIT;FYN;ESR1;ESR2;MTOR;FGFR1
Reactome_2022,Metabolism R-HSA-1430728,33/2049,1.5478296144712638e-10,2.7860933060482754e-08,0,0,4.64777021919879,104.98846860251896,ACHE;PRKAA2;CYP19A1;FUT4;PTGS1;CA1;FUT7;PSMB5;TTR;CA3;CA5B;CA2;CA5A;ALOX5;HSD17B1;CA4;CA7;CA6;CYP1B1;CA9;XDH;NADK;ST3GAL3;CA12;CBR1;ABCC1;RPSA;SYNJ2;TYR;PKM;PIK3CA;ABCG2;PTGES
Reactome_2022,Signaling By Receptor Tyrosine Kinases R-HSA-9006934,17/496,1.9816306979124623e-10,2.8535482049939463e-08,0,0,8.726645701752068,194.97011472840128,FLT3;SRC;STAT1;MAPK14;MMP9;HIF1A;ESR1;PGF;MTOR;VEGFA;RPS6KA3;PIK3CA;AXL;KIT;KDR;FYN;FGFR1
Reactome_2022,Signaling By VEGF R-HSA-194138,9/102,1.4633466791920243e-09,1.756016015030429e-07,0,0,22.03670745272525,448.2825979418563,PIK3CA;SRC;AXL;KDR;FYN;MAPK14;PGF;MTOR;VEGFA
Reactome_2022,Degradation Of Extracellular Matrix R-HSA-1474228,9/109,2.650090078721113e-09,2.725806938113145e-07,0,0,20.486896551724136,404.5890045091307,ADAMTS4;MMP12;ADAMTS5;MMP14;MMP13;MMP1;MMP2;KLK2;MMP9
Reactome_2022,Constitutive Signaling By Aberrant PI3K In Cancer R-HSA-2219530,8/78,3.726325203045317e-09,3.289287788111949e-07,0,0,25.75844155844156,499.9157971396165,PIK3CA;FLT3;SRC;KIT;FYN;ESR1;ESR2;FGFR1
Reactome_2022,Signaling By Interleukins R-HSA-449147,15/453,4.111609735139936e-09,3.289287788111949e-07,0,0,8.230170810079485,158.9200818065106,APP;MMP1;STAT1;MMP2;MAPK14;MMP9;HIF1A;VEGFA;RPS6KA3;CA1;PSMB5;PIK3CA;ALOX5;BCL2;FYN
Reactome_2022,Disease R-HSA-1643685,28/1736,5.9016402434382525e-09,3.947618206061689e-07,0,0,4.386692381870781,83.11920305519729,APP;GSK3B;DNMT1;KDM1A;FLT3;SRC;CYP19A1;HDAC6;ADAMTS4;ADAMTS5;PSMB5;TTR;KDR;CYP1B1;FYN;ST3GAL3;STAT1;RPSA;MAPK14;ESR1;ESR2;MTOR;VEGFA;PIK3CA;STING1;KIT;CDK2;FGFR1
Reactome_2022,PIP3 Activates AKT Signaling R-HSA-1257604,12/268,6.0310833703720255e-09,3.947618206061689e-07,0,0,10.964285714285714,207.51379028330376,GSK3B;PSMB5;KDM1A;PIK3CA;FLT3;SRC;KIT;FYN;ESR1;ESR2;MTOR;FGFR1
Reactome_2022,Activation Of Matrix Metalloproteinases R-HSA-1592389,6/33,1.041292570315372e-08,6.247755421892232e-07,0,0,49.07901234567901,902.0829435092498,MMP14;MMP13;MMP1;MMP2;KLK2;MMP9
Reactome_2022,Diseases Of Signal Transduction By Growth Factor Receptors And Second Messengers R-HSA-5663202,14/424,1.4728485360964882e-08,7.325622109043418e-07,0,0,8.117668054729327,146.3898243071614,GSK3B;FLT3;SRC;STAT1;ESR1;HDAC6;ESR2;MTOR;PSMB5;PIK3CA;KIT;KDR;FYN;FGFR1
Reactome_2022,Extracellular Matrix Organization R-HSA-1474244,12/291,1.5105914688008453e-08,7.325622109043418e-07,0,0,10.048643113159242,180.95776859796248,ADAMTS4;MMP12;ADAMTS5;MMP14;MMP13;TTR;MMP1;MMP2;SERPINE1;KDR;KLK2;MMP9
Reactome_2022,VEGFA-VEGFR2 Pathway R-HSA-4420097,8/93,1.5261712727173787e-08,7.325622109043418e-07,0,0,21.196791443850262,381.4981265850061,PIK3CA;SRC;AXL;KDR;FYN;MAPK14;MTOR;VEGFA
Reactome_2022,Signaling By KIT In Disease R-HSA-9669938,5/19,2.5281824240084138e-08,1.1154693689264484e-06,0,0,78.06122448979592,1365.539059519365,PIK3CA;SRC;STAT1;KIT;FYN
Reactome_2022,Intracellular Signaling By Second Messengers R-HSA-9006925,12/306,2.6337471210763368e-08,1.1154693689264484e-06,0,0,9.528668610301263,166.29692735144053,GSK3B;PSMB5;KDM1A;PIK3CA;FLT3;SRC;KIT;FYN;ESR1;ESR2;MTOR;FGFR1
Reactome_2022,Collagen Degradation R-HSA-1442490,6/40,3.5125334592831014e-08,1.4050133837132403e-06,0,0,38.96078431372549,668.736272661575,MMP12;MMP14;MMP13;MMP1;MMP2;MMP9
Reactome_2022,"PI5P, PP2A And IER3 Regulate PI3K/AKT Signaling R-HSA-6811558",8/106,4.2950316227679226e-08,1.6275909307331077e-06,0,0,18.37291280148423,311.6637954385744,PIK3CA;FLT3;SRC;KIT;FYN;ESR1;ESR2;FGFR1
Reactome_2022,Interleukin-4 And Interleukin-13 Signaling R-HSA-6785807,8/107,4.6239580243594295e-08,1.633221428659174e-06,0,0,18.186409550045912,307.1580854163274,MMP1;STAT1;MMP2;ALOX5;BCL2;MMP9;HIF1A;VEGFA
Reactome_2022,Signaling By SCF-KIT R-HSA-1433557,6/42,4.763562500255925e-08,1.633221428659174e-06,0,0,36.79259259259259,620.3115189136813,PIK3CA;SRC;STAT1;KIT;FYN;MMP9
Reactome_2022,Extra-nuclear Estrogen Signaling R-HSA-9009391,7/73,5.916732442436617e-08,1.936385162979256e-06,0,0,23.6407899216888,393.4512174744313,PIK3CA;SRC;MMP2;BCL2;MMP9;ESR1;ESR2
Reactome_2022,Negative Regulation Of PI3K/AKT Network R-HSA-199418,8/113,7.090691734599073e-08,2.219694803874492e-06,0,0,17.141991341991343,282.1897103033471,PIK3CA;FLT3;SRC;KIT;FYN;ESR1;ESR2;FGFR1
Reactome_2022,Cytokine Signaling In Immune System R-HSA-1280215,16/702,2.1694428241730177e-07,6.508328472519053e-06,0,0,5.602915451895044,85.96903516620091,APP;FLT3;MMP1;STAT1;MMP2;MAPK14;MMP9;HIF1A;VEGFA;RPS6KA3;CA1;PSMB5;PIK3CA;ALOX5;BCL2;FYN
Reactome_2022,Arachidonic Acid Metabolism R-HSA-2142753,6/59,3.831856151226675e-07,1.1035745715532824e-05,0,0,24.969811320754715,368.9226281815578,CBR1;ABCC1;ALOX5;CYP1B1;PTGES;PTGS1
Reactome_2022,Transcriptional Regulation By RUNX2 R-HSA-8878166,7/119,1.7005278737472462e-06,4.709154111915451e-05,0,0,13.898876404494382,184.6406221065287,GSK3B;MMP13;PSMB5;SRC;STAT1;ESR1;HDAC6
Reactome_2022,ESR-mediated Signaling R-HSA-8939211,8/188,3.4379246062374333e-06,9.167798949966489e-05,0,0,9.961616161616162,125.3235324562668,KDM1A;PIK3CA;SRC;MMP2;BCL2;MMP9;ESR1;ESR2
Reactome_2022,Erythrocytes Take Up Oxygen And Release Carbon Dioxide R-HSA-1247673,3/7,3.6988368343231376e-06,9.511294716830926e-05,0,0,160.48387096774192,2007.2507574283989,CA1;CA2;CA4
Reactome_2022,VEGF Binds To VEGFR Leading To Receptor Dimerization R-HSA-195399,3/8,5.897544132097508e-06,0.00014642178534862778,0,0,128.38064516129032,1545.8280801374915,KDR;PGF;VEGFA
Reactome_2022,Regulation Of Gene Expression By Hypoxia-inducible Factor R-HSA-1234158,3/11,1.719590425575834e-05,0.0003993887440047098,0,0,80.2258064516129,880.1444324729835,CA9;HIF1A;VEGFA
Reactome_2022,Erythrocytes Take Up Carbon Dioxide And Release Oxygen R-HSA-1237044,3/11,1.719590425575834e-05,0.0003993887440047098,0,0,80.2258064516129,880.1444324729835,CA1;CA2;CA4
Reactome_2022,Fatty Acid Metabolism R-HSA-8978868,7/173,2.002259314943417e-05,0.0004505083458622689,0,0,9.351969676458644,101.17567986204624,CBR1;ABCC1;PRKAA2;ALOX5;CYP1B1;PTGES;PTGS1
Reactome_2022,CD28 Co-Stimulation R-HSA-389356,4/34,2.0697585196512537e-05,0.00045158367701481896,0,0,28.80289855072464,310.6534757241944,PIK3CA;SRC;FYN;MTOR
Reactome_2022,MAPK Family Signaling Cascades R-HSA-5683057,9/318,2.2369226597297172e-05,0.0004737012691192343,0,0,6.560093739537998,70.24433152363726,PSMB5;PIK3CA;FLT3;SRC;MMP2;KIT;MAPKAPK5;FYN;FGFR1
Reactome_2022,TFAP2 (AP-2) Family Regulates Transcription Of Growth Factors And Their Receptors R-HSA-8866910,3/13,2.9599170340151376e-05,0.0006088972184259712,0,0,64.1741935483871,669.1933597211495,KIT;ESR1;VEGFA
Reactome_2022,"Platelet Activation, Signaling And Aggregation R-HSA-76002",8/254,3.067279380431435e-05,0.000613455876086287,0,0,7.26459719142646,75.49467104041109,APP;TTR;PIK3CA;SRC;SERPINE1;FYN;MAPK14;VEGFA
Reactome_2022,Immune System R-HSA-168256,23/1943,3.543411439841004e-05,0.0006860485981412168,0,0,2.9511415525114155,30.2428132213532,APP;FLT3;MMP1;SRC;STAT1;MMP2;MAPK14;MMP9;HIF1A;MTOR;VEGFA;MMP12;RPS6KA3;CA1;PKM;PSMB5;TTR;PIK3CA;STING1;ALOX5;BCL2;FYN;XDH
Reactome_2022,Signaling By Nuclear Receptors R-HSA-9006931,8/260,3.620812045745311e-05,0.0006860485981412168,0,0,7.0894660894660895,72.49849054822914,KDM1A;PIK3CA;SRC;MMP2;BCL2;MMP9;ESR1;ESR2
Reactome_2022,Axon Guidance R-HSA-422475,11/519,3.896582256788538e-05,0.0007193690320224992,0,0,4.941083835108847,50.16596265276578,GSK3B;RPS6KA3;PSMB5;PIK3CA;SRC;MMP2;RPSA;FYN;MAPK14;MMP9;FGFR1
Reactome_2022,Cellular Responses To Stress R-HSA-2262752,13/722,4.057569201602349e-05,0.0007303624562884228,0,0,4.2404030791714105,42.88040356557257,GSK3B;ABCC1;RPSA;MAPK14;HIF1A;HDAC6;MTOR;VEGFA;RPS6KA3;PSMB5;CDK2;CA9;MAPKAPK5
Reactome_2022,Generic Transcription Pathway R-HSA-212436,17/1190,4.674167014164802e-05,0.0008016434648269168,0,0,3.4362502293157218,34.26241977642886,GSK3B;DYRK2;PRKAA2;SRC;STAT1;SERPINE1;MAPK14;ESR1;HDAC6;ESR2;MTOR;VEGFA;MMP13;PSMB5;KIT;CDK2;MAPKAPK5
Reactome_2022,Synthesis Of Prostaglandins (PG) And Thromboxanes (TX) R-HSA-2162123,3/15,4.676253544823681e-05,0.0008016434648269168,0,0,53.473118279569896,533.1498864494959,CBR1;PTGS1;PTGES
Reactome_2022,Cellular Responses To Stimuli R-HSA-8953897,13/736,4.9400409786533294e-05,0.0008271696522396273,0,0,4.155260044326685,41.20169637209724,GSK3B;ABCC1;RPSA;MAPK14;HIF1A;HDAC6;MTOR;VEGFA;RPS6KA3;PSMB5;CDK2;CA9;MAPKAPK5
Reactome_2022,Regulation Of KIT Signaling R-HSA-1433559,3/16,5.735371733283438e-05,0.00093851537453729,0,0,49.35732009925558,482.03705760975896,SRC;KIT;FYN
Reactome_2022,Nervous System Development R-HSA-9675108,11/545,6.053647452938494e-05,0.000968583592470159,0,0,4.694205772196519,45.59136802914791,GSK3B;RPS6KA3;PSMB5;PIK3CA;SRC;MMP2;RPSA;FYN;MAPK14;MMP9;FGFR1
Reactome_2022,Regulation Of TP53 Activity Thru Phosphorylation R-HSA-6804756,5/90,7.303451157821545e-05,0.0011431488768764,0,0,12.81124757595346,122.02173279972672,DYRK2;PRKAA2;CDK2;MAPKAPK5;MAPK14
Reactome_2022,VEGFR2 Mediated Cell Proliferation R-HSA-5218921,3/18,8.299237239090204e-05,0.0012448855858635,0,0,42.77204301075269,401.91870215095247,SRC;KDR;VEGFA
Reactome_2022,Lewis Blood Group Biosynthesis R-HSA-9037629,3/18,8.299237239090204e-05,0.0012448855858635,0,0,42.77204301075269,401.91870215095247,FUT7;FUT4;ST3GAL3
Reactome_2022,EPH-ephrin Mediated Repulsion Of Cells R-HSA-3928665,4/49,8.949412055196608e-05,0.0013150156489268,0,0,19.18743961352657,178.85260283531898,SRC;MMP2;FYN;MMP9
Reactome_2022,Signaling By PDGFR In Disease R-HSA-9671555,3/19,9.821083440888516e-05,0.0013979445786036,0,0,40.096774193548384,370.02883113531794,PIK3CA;STAT1;KDR
Reactome_2022,Hemostasis R-HSA-109582,11/576,9.902107431775825e-05,0.0013979445786036,0,0,4.42954711087975,40.84121219530213,APP;TTR;KDM1A;PIK3CA;MMP1;SRC;SERPINE1;CDK2;FYN;MAPK14;VEGFA
Reactome_2022,Regulation Of TP53 Activity R-HSA-5633007,6/157,0.0001101300152642126,0.0015248771344275,0,0,8.720971302428255,79.48161500097855,DYRK2;PRKAA2;CDK2;MAPKAPK5;MAPK14;MTOR
Reactome_2022,RNA Polymerase II Transcription R-HSA-73857,17/1312,0.00015443226064937852,0.0020594887813457,0,0,3.0922535555446946,27.13685960186262,GSK3B;DYRK2;PRKAA2;SRC;STAT1;SERPINE1;MAPK14;ESR1;HDAC6;ESR2;MTOR;VEGFA;MMP13;PSMB5;KIT;CDK2;MAPKAPK5
Reactome_2022,Blood Group Systems Biosynthesis R-HSA-9033658,3/22,0.0001544616586009299,0.0020594887813457,0,0,33.76061120543294,296.26842648702603,FUT7;FUT4;ST3GAL3
Reactome_2022,Gene Expression (Transcription) R-HSA-74160,18/1449,0.00016317837238898894,0.0021361532385467,0,0,2.9790356394129978,25.979176738894218,GSK3B;DNMT1;DYRK2;PRKAA2;SRC;STAT1;SERPINE1;MAPK14;ESR1;HDAC6;ESR2;MTOR;VEGFA;MMP13;PSMB5;KIT;CDK2;MAPKAPK5
Reactome_2022,CD28 Dependent PI3K/Akt Signaling R-HSA-389357,3/23,0.0001770138224423282,0.0022359640729557,0,0,32.07096774193548,277.0701579251247,PIK3CA;FYN;MTOR
Reactome_2022,Signaling By NTRK2 (TRKB) R-HSA-9006115,3/23,0.0001770138224423282,0.0022359640729557,0,0,32.07096774193548,277.0701579251247,PIK3CA;SRC;FYN
Reactome_2022,Metabolism Of Lipids R-HSA-556833,12/732,0.0001974841694079088,0.0024515276202361,0,0,3.806349206349206,32.46759589189546,ACHE;CBR1;ABCC1;PRKAA2;PIK3CA;ALOX5;HSD17B1;CYP1B1;SYNJ2;CYP19A1;PTGES;PTGS1
Reactome_2022,Post NMDA Receptor Activation Events R-HSA-438064,4/61,0.000210940939665722,0.0025741945179545,0,0,15.138825324180017,128.1339937121721,RPS6KA3;PRKAA2;SRC;MAPT
Reactome_2022,Abacavir Transmembrane Transport R-HSA-2161517,2/5,0.00022586768599568456,0.0027104122319482,0,0,141.1418439716312,1184.964987580801,ABCB1;ABCG2
Reactome_2022,Signaling By ALK R-HSA-201556,3/26,0.00025717547174507096,0.0030355137648598,0,0,27.883590462833094,230.47884186791404,PIK3CA;SRC;HIF1A
Reactome_2022,Regulation Of IGF Transport And Uptake By IGFBPs R-HSA-381426,5/123,0.000317039919747133,0.0035242645377848,0,0,9.213075060532688,74.224981333471,APP;KLK1;MMP1;MMP2;KLK2
Reactome_2022,Costimulation By CD28 Family R-HSA-388841,4/68,0.0003208563224514985,0.0035242645377848,0,0,13.478260869565217,108.42610042953902,PIK3CA;SRC;FYN;MTOR
Reactome_2022,Downstream Signal Transduction R-HSA-186763,3/28,0.00032179542822181363,0.0035242645377848,0,0,25.65032258064516,206.2694937675109,PIK3CA;SRC;STAT1
Reactome_2022,RAF/MAP Kinase Cascade R-HSA-5673001,7/271,0.0003312859151910026,0.0035242645377848,0,0,5.851208716377256,46.88297814017956,PSMB5;PIK3CA;FLT3;SRC;KIT;FYN;FGFR1
Reactome_2022,Activated NTRK2 Signals Thru FYN R-HSA-9032500,2/6,0.0003377420182043853,0.0035242645377848,0,0,105.85106382978724,846.0917098504582,SRC;FYN
Reactome_2022,Activated NTRK3 Signals Thru PI3K R-HSA-9603381,2/6,0.0003377420182043853,0.0035242645377848,0,0,105.85106382978724,846.0917098504582,PIK3CA;SRC
Reactome_2022,Estrogen Biosynthesis R-HSA-193144,2/6,0.0003377420182043853,0.0035242645377848,0,0,105.85106382978724,846.0917098504582,HSD17B1;CYP19A1
Reactome_2022,FLT3 Signaling Thru SRC Family Kinases R-HSA-9706374,2/6,0.0003377420182043853,0.0035242645377848,0,0,105.85106382978724,846.0917098504582,FLT3;FYN
Reactome_2022,MAPK1/MAPK3 Signaling R-HSA-5684996,7/277,0.0003779343572788755,0.0038873248177255,0,0,5.719434040782355,45.07365879682451,PSMB5;PIK3CA;FLT3;SRC;KIT;FYN;FGFR1
Reactome_2022,FGFR1 Mutant Receptor Activation R-HSA-1839124,3/30,0.00039604353236937927,0.003994401025061,0,0,23.747909199522105,186.04079823243575,PIK3CA;STAT1;FGFR1
Reactome_2022,Regulation Of RUNX2 Expression And Activity R-HSA-8939902,4/72,0.0003994401025061017,0.003994401025061,0,0,12.682864450127877,99.24908020357051,GSK3B;PSMB5;STAT1;ESR1
Reactome_2022,Innate Immune System R-HSA-168249,14/1035,0.0004102942146206069,0.0040467374592717,0,0,3.157616874895488,24.625104821002587,APP;SRC;MAPK14;MMP9;MMP12;RPS6KA3;PKM;PSMB5;TTR;PIK3CA;STING1;ALOX5;BCL2;FYN
Reactome_2022,Cellular Response To Hypoxia R-HSA-1234174,4/73,0.0004210531679688076,0.0040967335261829,0,0,12.498424700693132,97.14714862183554,PSMB5;CA9;HIF1A;VEGFA
Reactome_2022,Signaling By NTRKs R-HSA-166520,5/132,0.0004387367523345086,0.0041469050269239,0,0,8.556286233451587,66.15387657132062,RPS6KA3;PIK3CA;SRC;FYN;MAPK14
Reactome_2022,Signaling By NOTCH R-HSA-157118,6/203,0.0004410092586116909,0.0041469050269239,0,0,6.669035532994924,51.52793416901543,PSMB5;STAT1;SIRT6;HIF1A;HDAC6;ST3GAL3
Reactome_2022,Activation Of NMDA Receptors And Postsynaptic Events R-HSA-442755,4/74,0.00044348845426825725,0.0041469050269239,0,0,12.319254658385091,95.11497922752076,RPS6KA3;PRKAA2;SRC;MAPT
Reactome_2022,Metabolism Of Proteins R-HSA-392499,20/1890,0.0005626504288097779,0.0051823855433951,0,0,2.537855333520968,18.9903959359163,ACHE;APP;DNMT1;KLK1;MMP1;MMP2;RPSA;KLK2;HIF1A;ESR1;ADAMTS4;BACE1;MMP12;DPP4;RAD52;ADAMTS5;PSMB5;TTR;SNCA;ST3GAL3
Reactome_2022,Amyloid Fiber Formation R-HSA-977225,4/79,0.0005686228582336353,0.0051823855433951,0,0,11.495072463768116,85.89455132922436,BACE1;APP;TTR;SNCA
Reactome_2022,Signaling By FGFR1 In Disease R-HSA-5655302,3/36,0.000682126294766358,0.0060633448423676,0,0,19.424242424242426,141.60847168791395,PIK3CA;STAT1;FGFR1
Reactome_2022,Transcriptional Regulation By AP-2 (TFAP2) Family Of Transcription Factors R-HSA-8864260,3/36,0.000682126294766358,0.0060633448423676,0,0,19.424242424242426,141.60847168791395,KIT;ESR1;VEGFA
Reactome_2022,FLT3 Signaling R-HSA-9607240,3/37,0.0007397419343401823,0.0064952950332308,0,0,18.85199240986717,135.9079565533667,PIK3CA;FLT3;FYN
Reactome_2022,EPH-Ephrin Signaling R-HSA-2682334,4/91,0.0009681046371414644,0.0083772622304622,0,0,9.903548225887056,68.73231205726461,SRC;MMP2;FYN;MMP9
Reactome_2022,Abacavir ADME R-HSA-2161522,2/10,0.0010006174330829,0.0083772622304622,0,0,52.91489361702128,365.49047439590856,ABCB1;ABCG2
Reactome_2022,Activation Of AMPK Downstream Of NMDARs R-HSA-9619483,2/10,0.0010006174330829,0.0083772622304622,0,0,52.91489361702128,365.49047439590856,PRKAA2;MAPT
Reactome_2022,Activation Of PPARGC1A (PGC-1alpha) By Phosphorylation R-HSA-2151209,2/10,0.0010006174330829,0.0083772622304622,0,0,52.91489361702128,365.49047439590856,PRKAA2;MAPK14
Reactome_2022,Drug ADME R-HSA-9748784,4/95,0.0011364494404558,0.0094050988175653,0,0,9.46631629240325,64.1801704620759,ABCC1;ABCB1;XDH;ABCG2
Reactome_2022,Signaling By PDGFRA Extracellular Domain Mutants R-HSA-9673770,2/11,0.0012191569333951,0.0099558352061644,0,0,47.033096926713945,315.5730647708604,PIK3CA;STAT1
Reactome_2022,PI3K Cascade R-HSA-109704,3/44,0.0012306518518731,0.0099558352061644,0,0,15.627852084972462,104.70991096419613,PIK3CA;FLT3;FGFR1
Reactome_2022,PECAM1 Interactions R-HSA-210990,2/12,0.0014584201472092,0.01153914841748,0,0,42.327659574468086,276.41661242727787,SRC;FYN
Reactome_2022,p38MAPK Events R-HSA-171007,2/12,0.0014584201472092,0.01153914841748,0,0,42.327659574468086,276.41661242727787,SRC;MAPK14
Reactome_2022,IRS-mediated Signaling R-HSA-112399,3/47,0.0014911419622017,0.0116698066607093,0,0,14.560117302052786,94.76034521616964,PIK3CA;FLT3;FGFR1
Reactome_2022,Signaling By ERBB2 R-HSA-1227986,3/49,0.0016825893967761,0.0127522564808296,0,0,13.925666199158483,88.94909779620225,PIK3CA;SRC;FYN
Reactome_2022,Signaling By FGFR1 R-HSA-5654736,3/49,0.0016825893967761,0.0127522564808296,0,0,13.925666199158483,88.94909779620225,PIK3CA;SRC;FGFR1
Reactome_2022,Netrin-1 Signaling R-HSA-373752,3/49,0.0016825893967761,0.0127522564808296,0,0,13.925666199158483,88.94909779620225,SRC;FYN;MAPK14
Reactome_2022,FCGR Activation R-HSA-2029481,2/13,0.0017182072819512,0.0128865546146341,0,0,38.47775628626693,244.9676276502863,SRC;FYN
Reactome_2022,IRS-related Events Triggered By IGF1R R-HSA-2428928,3/51,0.0018887419901292,0.0140195281741555,0,0,13.344086021505376,83.69202965543494,PIK3CA;FLT3;FGFR1
Reactome_2022,Signaling By PDGF R-HSA-186797,3/52,0.0019974552526144,0.0141805405157737,0,0,13.071099407504937,81.24840214579592,PIK3CA;SRC;STAT1
Reactome_2022,IGF1R Signaling Cascade R-HSA-2428924,3/52,0.0019974552526144,0.0141805405157737,0,0,13.071099407504937,81.24840214579592,PIK3CA;FLT3;FGFR1
Reactome_2022,DCC Mediated Attractive Signaling R-HSA-418885,2/14,0.0019983199495877,0.0141805405157737,0,0,35.269503546099294,219.2157820877061,SRC;FYN
Reactome_2022,Role Of LAT2/NTAL/LAB On Calcium Mobilization R-HSA-2730905,2/14,0.0019983199495877,0.0141805405157737,0,0,35.269503546099294,219.2157820877061,PIK3CA;FYN
Reactome_2022,SARS-CoV Infections R-HSA-9679506,7/369,0.0020089099064012,0.0141805405157737,0,0,4.245887392141039,26.36765295107483,GSK3B;KDM1A;STING1;STAT1;RPSA;ST3GAL3;VEGFA
Reactome_2022,"Nucleotide-binding Domain, Leucine Rich Repeat Containing NLR Signaling Pathways R-HSA-168643",3/53,0.0021099899675299,0.0144685026344914,0,0,12.809032258064516,78.91737109678841,APP;BCL2;MAPK14
Reactome_2022,Signaling By Type 1 Insulin-like Growth Factor 1 Receptor (IGF1R) R-HSA-2404192,3/53,0.0021099899675299,0.0144685026344914,0,0,12.809032258064516,78.91737109678841,PIK3CA;FLT3;FGFR1
Reactome_2022,Insulin Receptor Signaling Cascade R-HSA-74751,3/53,0.0021099899675299,0.0144685026344914,0,0,12.809032258064516,78.91737109678841,PIK3CA;FLT3;FGFR1
Reactome_2022,Signaling By NTRK1 (TRKA) R-HSA-187037,4/114,0.002222755364757,0.0149568585292063,0,0,7.823715415019762,47.7951376926109,RPS6KA3;PIK3CA;SRC;MAPK14
Reactome_2022,Macroautophagy R-HSA-1632852,4/114,0.002222755364757,0.0149568585292063,0,0,7.823715415019762,47.7951376926109,PRKAA2;SRC;HDAC6;MTOR
Reactome_2022,EPHA-mediated Growth Cone Collapse R-HSA-3928663,2/15,0.0022985611577693,0.0151831562715038,0,0,32.55482815057283,197.78594479007495,SRC;FYN
Reactome_2022,Signaling By FLT3 ITD And TKD Mutants R-HSA-9703648,2/15,0.0022985611577693,0.0151831562715038,0,0,32.55482815057283,197.78594479007495,PIK3CA;FLT3
Reactome_2022,Signaling By ERBB4 R-HSA-1236394,3/57,0.002599258732796,0.0165393808491163,0,0,11.857825567502989,70.58405029921917,PIK3CA;SRC;ESR1
Reactome_2022,NCAM Signaling For Neurite Out-Growth R-HSA-375165,3/57,0.002599258732796,0.0165393808491163,0,0,11.857825567502989,70.58405029921917,SRC;FYN;FGFR1
Reactome_2022,CRMPs In Sema3A Signaling R-HSA-399956,2/16,0.00261873530111,0.0165393808491163,0,0,30.227963525835865,179.70717131978577,GSK3B;FYN
Reactome_2022,Signaling By NTRK3 (TRKC) R-HSA-9034015,2/16,0.00261873530111,0.0165393808491163,0,0,30.227963525835865,179.70717131978577,PIK3CA;SRC
Reactome_2022,Heme Degradation R-HSA-189483,2/16,0.00261873530111,0.0165393808491163,0,0,30.227963525835865,179.70717131978577,ABCC1;ABCG2
Reactome_2022,TCF Dependent Signaling In Response To WNT R-HSA-201681,5/198,0.0026682584202949,0.0167056179357596,0,0,5.611512839492114,33.25567293802176,GSK3B;PSMB5;TERT;SOST;CSNK1E
Reactome_2022,Signaling By Cytosolic FGFR1 Fusion Mutants R-HSA-1839117,2/17,0.0029586481540932,0.0182070655636506,0,0,28.21134751773049,164.2753203692656,PIK3CA;STAT1
Reactome_2022,GAB1 Signalosome R-HSA-180292,2/17,0.0029586481540932,0.0182070655636506,0,0,28.21134751773049,164.2753203692656,PIK3CA;SRC
Reactome_2022,Platelet Degranulation R-HSA-114608,4/125,0.0031016621195662,0.0189193481064266,0,0,7.1085159899389145,41.05748852006977,APP;TTR;SERPINE1;VEGFA
Reactome_2022,Selective Autophagy R-HSA-9663891,3/61,0.0031532246844044,0.0189193481064266,0,0,11.03781979977753,63.57044273872647,PRKAA2;SRC;HDAC6
Reactome_2022,Signaling By FGFR In Disease R-HSA-1226099,3/61,0.0031532246844044,0.0189193481064266,0,0,11.03781979977753,63.57044273872647,PIK3CA;STAT1;FGFR1
Reactome_2022,Regulation Of Signaling By CBL R-HSA-912631,2/18,0.0033181068615317,0.0195822700024821,0,0,26.4468085106383,150.96792713266765,PIK3CA;FYN
Reactome_2022,Ephrin Signaling R-HSA-3928664,2/18,0.0033181068615317,0.0195822700024821,0,0,26.4468085106383,150.96792713266765,SRC;FYN
Reactome_2022,Autophagy R-HSA-9612973,4/128,0.0033772198700035,0.0197690919219717,0,0,6.935483870967742,39.46777492892892,PRKAA2;SRC;HDAC6;MTOR
Reactome_2022,Response To Elevated Platelet Cytosolic Ca2+ R-HSA-76005,4/130,0.0035699137147418,0.0207285312468882,0,0,6.824706694271912,38.45868170637832,APP;TTR;SERPINE1;VEGFA
Reactome_2022,Signaling To RAS R-HSA-167044,2/19,0.0036969199300382,0.0212942587970203,0,0,24.88986232790989,139.38958235666968,SRC;MAPK14
Reactome_2022,Cell Surface Interactions At Vascular Wall R-HSA-202733,4/134,0.0039774701016689,0.0227284005809656,0,0,6.613377926421404,36.55286273839602,PIK3CA;MMP1;SRC;FYN
Reactome_2022,Circadian Clock R-HSA-400253,3/69,0.0044654510785828,0.0247979538785444,0,0,9.695992179863149,52.46874707193491,SERPINE1;CSNK1E;HIF1A
Reactome_2022,PI-3K cascade:FGFR1 R-HSA-5654689,2/21,0.0045118499417907,0.0247979538785444,0,0,22.267637178051512,120.2685777556432,PIK3CA;FGFR1
Reactome_2022,CTLA4 Inhibitory Signaling R-HSA-389513,2/21,0.0045118499417907,0.0247979538785444,0,0,22.267637178051512,120.2685777556432,SRC;FYN
Reactome_2022,Synthesis Of Leukotrienes (LT) And Eoxins (EX) R-HSA-2142691,2/21,0.0045118499417907,0.0247979538785444,0,0,22.267637178051512,120.2685777556432,ABCC1;ALOX5
Reactome_2022,Inflammasomes R-HSA-622312,2/21,0.0045118499417907,0.0247979538785444,0,0,22.267637178051512,120.2685777556432,APP;BCL2
Reactome_2022,ERK/MAPK Targets R-HSA-198753,2/22,0.0049475906363984,0.026783949309826,0,0,21.153191489361703,112.29921711841662,RPS6KA3;MAPK14
Reactome_2022,Nephrin Family Interactions R-HSA-373753,2/22,0.0049475906363984,0.026783949309826,0,0,21.153191489361703,112.29921711841662,PIK3CA;FYN
Reactome_2022,Developmental Biology R-HSA-1266738,12/1073,0.0052200155540184,0.0280478447678603,0,0,2.5370943853507475,13.333077693767889,GSK3B;RPS6KA3;PSMB5;PIK3CA;SRC;MMP2;CDK2;RPSA;FYN;MAPK14;MMP9;FGFR1
Reactome_2022,Telomere Extension By Telomerase R-HSA-171319,2/23,0.0054019331785707,0.0285984697689037,0,0,20.144883485309016,105.1764043129469,TERT;CDK2
Reactome_2022,Canonical Retinoid Cycle In Rods (Twilight Vision) R-HSA-2453902,2/23,0.0054019331785707,0.0285984697689037,0,0,20.144883485309016,105.1764043129469,TTR;HSD17B1
Reactome_2022,Mitotic G1 Phase And G1/S Transition R-HSA-453279,4/147,0.0055174183500652,0.0289966511828248,0,0,6.008209182122226,31.24175778620365,PSMB5;SRC;CDK2;DYRK1A
Reactome_2022,RUNX2 Regulates Osteoblast Differentiation R-HSA-8940973,2/24,0.0058746927635266,0.0306505709401389,0,0,19.22823984526112,98.77742005697412,SRC;HDAC6
Reactome_2022,Signaling By Insulin Receptor R-HSA-74752,3/77,0.0060649738722234,0.0314156920000064,0,0,8.644289450741063,44.1310429963081,PIK3CA;FLT3;FGFR1
Reactome_2022,Infectious Disease R-HSA-5663205,11/961,0.0063048870738517,0.032276717233421,0,0,2.581969040247678,13.081365973380391,GSK3B;PSMB5;KDM1A;STING1;SRC;STAT1;RPSA;FYN;MAPK14;ST3GAL3;VEGFA
Reactome_2022,ADP Signaling Thru P2Y Purinoceptor 1 R-HSA-418592,2/25,0.0063656858988136,0.032276717233421,0,0,18.39130434782609,93.00176010517843,SRC;MAPK14
Reactome_2022,Cyclin A/B1/B2 Associated Events During G2/M Transition R-HSA-69273,2/25,0.0063656858988136,0.032276717233421,0,0,18.39130434782609,93.00176010517843,PLK1;CDK2
Reactome_2022,Transmission Across Chemical Synapses R-HSA-112315,5/246,0.0066687532052093,0.0335769392150401,0,0,4.482923715288861,22.4608929391211,ACHE;RPS6KA3;PRKAA2;SRC;MAPT
Reactome_2022,Regulation Of APC/C Activators Between G1/S And Early Anaphase R-HSA-176408,3/80,0.0067420477233622,0.0336722461962504,0,0,8.306242144951822,41.52615707146557,PSMB5;PLK1;CDK2
Reactome_2022,Diseases Of Metabolism R-HSA-5668914,5/247,0.0067812162478559,0.0336722461962504,0,0,4.464172191444919,22.29228492287282,ADAMTS4;ADAMTS5;CYP1B1;CYP19A1;ST3GAL3
Reactome_2022,Constitutive Signaling By AKT1 E17K In Cancer R-HSA-5674400,2/26,0.0068747303967701,0.0339027800388666,0,0,17.624113475177303,87.76637294514885,GSK3B;MTOR
Reactome_2022,Transcriptional Regulation By TP53 R-HSA-3700989,6/354,0.0071976468058123,0.0352537802733666,0,0,3.746360153256705,18.484545262926552,DYRK2;PRKAA2;CDK2;MAPKAPK5;MAPK14;MTOR
Reactome_2022,Neutrophil Degranulation R-HSA-6798695,7/468,0.0073292309043855,0.0352926136654308,0,0,3.3171902800458213,16.306924921300077,MMP12;PKM;TTR;STING1;ALOX5;MAPK14;MMP9
Reactome_2022,Endogenous Sterols R-HSA-211976,2/27,0.0074016453659445,0.0352926136654308,0,0,16.918297872340425,83.0020652995721,CYP1B1;CYP19A1
Reactome_2022,FLT3 Signaling In Disease R-HSA-9682385,2/27,0.0074016453659445,0.0352926136654308,0,0,16.918297872340425,83.0020652995721,PIK3CA;FLT3
Reactome_2022,G0 And Early G1 R-HSA-1538133,2/27,0.0074016453659445,0.0352926136654308,0,0,16.918297872340425,83.0020652995721,CDK2;DYRK1A
Reactome_2022,Paracetamol ADME R-HSA-9753281,2/28,0.0079462512056703,0.0369116185037589,0,0,16.266775777414075,78.65075568636239,ABCC1;ABCG2
Reactome_2022,Recycling Pathway Of L1 R-HSA-437239,2/28,0.0079462512056703,0.0369116185037589,0,0,16.266775777414075,78.65075568636239,RPS6KA3;SRC
Reactome_2022,DAP12 Signaling R-HSA-2424491,2/28,0.0079462512056703,0.0369116185037589,0,0,16.266775777414075,78.65075568636239,PIK3CA;FYN
Reactome_2022,Metabolism Of Porphyrins R-HSA-189445,2/28,0.0079462512056703,0.0369116185037589,0,0,16.266775777414075,78.65075568636239,ABCC1;ABCG2
Reactome_2022,Signaling By FGFR R-HSA-190236,3/86,0.0082265737933977,0.0378020776515947,0,0,7.703458997279441,36.97957408731587,PIK3CA;SRC;FGFR1
Reactome_2022,Cellular Senescence R-HSA-2559583,4/165,0.0082429530434727,0.0378020776515947,0,0,5.331623008371591,25.58324182355596,RPS6KA3;CDK2;MAPKAPK5;MAPK14
Reactome_2022,APC/C-mediated Degradation Of Cell Cycle Proteins R-HSA-174143,3/87,0.0084911618318685,0.0382876631779273,0,0,7.61136712749616,36.29655050656309,PSMB5;PLK1;CDK2
Reactome_2022,Fcgamma Receptor (FCGR) Dependent Phagocytosis R-HSA-2029480,3/87,0.0084911618318685,0.0382876631779273,0,0,7.61136712749616,36.29655050656309,PIK3CA;SRC;FYN
Reactome_2022,Energy Dependent Regulation Of mTOR By LKB1-AMPK R-HSA-380972,2/29,0.0085083695950949,0.0382876631779273,0,0,15.663514578408195,74.66335234524666,PRKAA2;MTOR
Reactome_2022,Peptide Hormone Metabolism R-HSA-2980736,3/89,0.0090352399874704,0.039897761645204,0,0,7.433608402100525,34.98719074188787,MMP12;DPP4;ACHE
Reactome_2022,Downstream Signaling Of Activated FGFR1 R-HSA-5654687,2/30,0.009087823485852,0.039897761645204,0,0,15.103343465045592,70.99809661026983,PIK3CA;FGFR1
Reactome_2022,Translation Of Structural Proteins R-HSA-9683701,2/30,0.009087823485852,0.039897761645204,0,0,15.103343465045592,70.99809661026983,GSK3B;ST3GAL3
Reactome_2022,MAPK Targets/ Nuclear Events Mediated By MAP Kinases R-HSA-450282,2/30,0.009087823485852,0.039897761645204,0,0,15.103343465045592,70.99809661026983,RPS6KA3;MAPK14
Reactome_2022,MAPK6/MAPK4 Signaling R-HSA-5687128,3/90,0.0093147685615091,0.0406462628138583,0,0,7.347793845012977,34.35941646878212,PSMB5;MMP2;MAPKAPK5
Reactome_2022,RHO GTPase Effectors R-HSA-195258,5/269,0.0096043628892677,0.0415047304081497,0,0,4.087579087579088,18.989003227711223,KDM1A;SRC;PLK1;KLK2;MAPK14
Reactome_2022,RUNX2 Regulates Bone Development R-HSA-8941326,2/31,0.0096844370952349,0.0415047304081497,0,0,14.581804842259722,67.61925731038481,SRC;HDAC6
Reactome_2022,Downregulation Of SMAD2/3:SMAD4 Transcriptional Activity R-HSA-2173795,2/31,0.0096844370952349,0.0415047304081497,0,0,14.581804842259722,67.61925731038481,STAT1;SERPINE1
Reactome_2022,GPVI-mediated Activation Cascade R-HSA-114604,2/32,0.0102980358970329,0.0436152108580217,0,0,14.095035460992907,64.49609274272176,PIK3CA;FYN
Reactome_2022,Nuclear Signaling By ERBB4 R-HSA-1251985,2/32,0.0102980358970329,0.0436152108580217,0,0,14.095035460992907,64.49609274272176,SRC;ESR1
Reactome_2022,Organelle Biogenesis And Maintenance R-HSA-1852241,5/275,0.0104963666254829,0.0441952278967702,0,0,3.9955229955229954,18.20650398625648,PRKAA2;PLK1;CSNK1E;MAPK14;HDAC6
Reactome_2022,Neuronal System R-HSA-112316,6/386,0.0107528709298448,0.0449627517782662,0,0,3.425263157894737,15.52528783648336,KCNH2;ACHE;RPS6KA3;PRKAA2;SRC;MAPT
Reactome_2022,Signal Amplification R-HSA-392518,2/33,0.010928446612773,0.0449627517782662,0,0,13.639670555936856,61.60201862094402,SRC;MAPK14
Reactome_2022,Signaling To ERKs R-HSA-187687,2/33,0.010928446612773,0.0449627517782662,0,0,13.639670555936856,61.60201862094402,SRC;MAPK14
Reactome_2022,Negative Regulation Of FGFR1 Signaling R-HSA-5654726,2/33,0.010928446612773,0.0449627517782662,0,0,13.639670555936856,61.60201862094402,SRC;FGFR1
Reactome_2022,MyD88 Cascade Initiated On Plasma Membrane R-HSA-975871,3/96,0.0110979069043523,0.0454005282450777,0,0,6.871661463753035,30.92933969739665,APP;RPS6KA3;MAPK14
Reactome_2022,G2/M Transition R-HSA-69275,4/182,0.0115154781987984,0.0463019888437468,0,0,4.818270639960918,21.509064739350915,PSMB5;PLK1;CDK2;CSNK1E
Reactome_2022,Neurotransmitter Receptors And Postsynaptic Signal Transmission R-HSA-112314,4/182,0.0115154781987984,0.0463019888437468,0,0,4.818270639960918,21.509064739350915,RPS6KA3;PRKAA2;SRC;MAPT
Reactome_2022,EPHB-mediated Forward Signaling R-HSA-3928662,2/34,0.0115754972109367,0.0463019888437468,0,0,13.212765957446807,58.91393603867177,SRC;FYN
Reactome_2022,Metabolic Disorders Of Biological Oxidation Enzymes R-HSA-5579029,2/34,0.0115754972109367,0.0463019888437468,0,0,13.212765957446807,58.91393603867177,CYP1B1;CYP19A1
Reactome_2022,SARS-CoV-2 Infection R-HSA-9694516,5/283,0.0117720169420629,0.0468279126977088,0,0,3.87896276385485,17.23046900250048,GSK3B;STING1;STAT1;RPSA;ST3GAL3
Reactome_2022,Mitotic G2-G2/M Phases R-HSA-453274,4/184,0.0119479884203184,0.0471846998486157,0,0,4.764251207729469,21.092256489866152,PSMB5;PLK1;CDK2;CSNK1E
Reactome_2022,Cellular Response To Heat Stress R-HSA-3371556,3/99,0.0120583121835351,0.0471846998486157,0,0,6.655913978494624,29.4058349396503,GSK3B;HDAC6;MTOR
Reactome_2022,L1CAM Interactions R-HSA-373760,3/99,0.0120583121835351,0.0471846998486157,0,0,6.655913978494624,29.4058349396503,RPS6KA3;SRC;FGFR1
Reactome_2022,Metabolism Of Steroid Hormones R-HSA-196071,2/35,0.0122390168869593,0.047632930587085,0,0,12.811734364925854,56.411684848762775,HSD17B1;CYP19A1
Reactome_2022,TRAF6 Mediated Induction Of NFkB And MAP Kinases Upon TLR7/8 Or 9 Activation R-HSA-975138,3/101,0.0127243362978483,0.0492506833712138,0,0,6.519420671494404,28.452309138616958,APP;RPS6KA3;MAPK14
Reactome_2022,Activated PKN1 Stimulates Transcription Of Androgen Receptor Regulated KLK2 And KLK3 R-HSA-5625886,2/36,0.0129188360685873,0.0492506833712138,0,0,12.434292866082604,54.07759605240032,KDM1A;KLK2
Reactome_2022,Regulation Of TP53 Degradation R-HSA-6804757,2/36,0.0129188360685873,0.0492506833712138,0,0,12.434292866082604,54.07759605240032,CDK2;MTOR
Reactome_2022,"Cell Cycle, Mitotic R-HSA-69278",7/523,0.012977268328079,0.0492506833712138,0,0,2.955230380628865,12.8391640063623,GSK3B;PSMB5;SRC;PLK1;CDK2;DYRK1A;CSNK1E
Reactome_2022,ABC-family Proteins Mediated Transport R-HSA-382556,3/102,0.0130651118387525,0.0492506833712138,0,0,6.453242098403389,27.99293694442775,ABCC1;ABCB1;PSMB5
Reactome_2022,MyD88 Dependent Cascade Initiated On Endosome R-HSA-975155,3/102,0.0130651118387525,0.0492506833712138,0,0,6.453242098403389,27.99293694442775,APP;RPS6KA3;MAPK14
Reactome_2022,Cell Cycle R-HSA-1640170,8/654,0.0133633445497126,0.0497730742243441,0,0,2.71010413734872,11.69474924012046,GSK3B;PSMB5;TERT;SRC;PLK1;CDK2;DYRK1A;CSNK1E
Reactome_2022,Toll Like Receptor 3 (TLR3) Cascade R-HSA-168164,3/103,0.0134110783326705,0.0497730742243441,0,0,6.388387096774194,27.544643648093786,APP;RPS6KA3;MAPK14
Reactome_2022,Toll Like Receptor 7/8 (TLR7/8) Cascade R-HSA-168181,3/103,0.0134110783326705,0.0497730742243441,0,0,6.388387096774194,27.544643648093786,APP;RPS6KA3;MAPK14
Reactome_2022,Regulation Of TP53 Expression And Degradation R-HSA-6806003,2/37,0.0136147863977474,0.0500135010529498,0,0,12.078419452887536,51.89612303112963,CDK2;MTOR
Reactome_2022,Defective B3GALTL Causes PpS R-HSA-5083635,2/37,0.0136147863977474,0.0500135010529498,0,0,12.078419452887536,51.89612303112963,ADAMTS4;ADAMTS5
Reactome_2022,Signaling By WNT R-HSA-195721,5/294,0.0136931656734649,0.0500445330355706,0,0,3.72922924826039,16.00159474450771,GSK3B;PSMB5;TERT;SOST;CSNK1E
Reactome_2022,Phase I - Functionalization Of Compounds R-HSA-211945,3/104,0.0137622465847819,0.0500445330355706,0,0,6.324816352603002,27.107063574474683,CYP1B1;CYP19A1;PTGS1
Reactome_2022,O-glycosylation Of TSR Domain-Containing Proteins R-HSA-5173214,2/38,0.014326700730156,0.0515761226285618,0,0,11.742316784869976,49.85353592007293,ADAMTS4;ADAMTS5
Reactome_2022,FCGR3A-mediated IL10 Synthesis R-HSA-9664323,2/38,0.014326700730156,0.0515761226285618,0,0,11.742316784869976,49.85353592007293,SRC;FYN
Reactome_2022,Toll Like Receptor 9 (TLR9) Cascade R-HSA-168138,3/106,0.0144802289098253,0.0518694766919116,0,0,6.201378014406514,26.26265656861573,APP;RPS6KA3;MAPK14
Reactome_2022,O-linked Glycosylation R-HSA-5173105,3/107,0.0148470619545029,0.0526595300849364,0,0,6.141439205955335,25.855172138180443,ADAMTS4;ADAMTS5;ST3GAL3
Reactome_2022,MyD88-independent TLR4 Cascade R-HSA-166166,3/107,0.0148470619545029,0.0526595300849364,0,0,6.141439205955335,25.855172138180443,APP;RPS6KA3;MAPK14
Reactome_2022,Signaling By FGFR3 R-HSA-5654741,2/39,0.0150544131229961,0.0531332227870451,0,0,11.424381828637149,47.93766694355468,PIK3CA;SRC
Reactome_2022,RET Signaling R-HSA-8853659,2/40,0.0157977588307422,0.0552154677579341,0,0,11.123180291153416,46.13769709919681,PIK3CA;SRC
Reactome_2022,Signaling By FGFR4 R-HSA-5654743,2/40,0.0157977588307422,0.0552154677579341,0,0,11.123180291153416,46.13769709919681,PIK3CA;SRC
Reactome_2022,MTOR Signaling R-HSA-165159,2/41,0.0165565742985047,0.0575880845165381,0,0,10.837424986361157,44.44397661035724,PRKAA2;MTOR
Reactome_2022,MyD88:MAL(TIRAP) Cascade Initiated On Plasma Membrane R-HSA-166058,3/112,0.0167599794435415,0.0580153134584131,0,0,5.858242083456644,23.952954163899737,APP;RPS6KA3;MAPK14
Reactome_2022,HDR Thru Homologous Recombination (HRR) Or Single Strand Annealing (SSA) R-HSA-5693567,3/114,0.0175620298876538,0.0605007728187116,0,0,5.752106945655333,23.2501088844641,RAD52;CDK2;SIRT6
Reactome_2022,DAP12 Interactions R-HSA-2172127,2/43,0.0181199661721693,0.0621255983045805,0,0,10.307732226258432,41.3416426617247,PIK3CA;FYN
Reactome_2022,Interleukin-2 Family Signaling R-HSA-451927,2/44,0.0189242213416379,0.0642709404055627,0,0,10.061803444782168,39.91831983611252,PIK3CA;STAT1
Reactome_2022,"Interleukin-3, Interleukin-5 And GM-CSF Signaling R-HSA-512988",2/44,0.0189242213416379,0.0642709404055627,0,0,10.061803444782168,39.91831983611252,PIK3CA;FYN
Reactome_2022,Estrogen-dependent Gene Expression R-HSA-9018519,3/119,0.0196597518135948,0.0661449593728424,0,0,5.502780867630701,21.621426369934127,KDM1A;BCL2;ESR1
Reactome_2022,Homology Directed Repair R-HSA-5693538,3/119,0.0196597518135948,0.0661449593728424,0,0,5.502780867630701,21.621426369934127,RAD52;CDK2;SIRT6
Reactome_2022,Cell-Cell Communication R-HSA-1500931,3/120,0.020095201945805,0.0672955600045563,0,0,5.455472842569617,21.31602829517405,PIK3CA;SRC;FYN
Reactome_2022,Cyclin D Associated Events In G1 R-HSA-69231,2/47,0.0214253206888574,0.0714177356295248,0,0,9.389598108747045,36.08593299874094,SRC;CDK2
Reactome_2022,NOTCH1 Intracellular Domain Regulates Transcription R-HSA-2122947,2/48,0.0222879431398908,0.0739507790816653,0,0,9.185013876040705,34.93712373976337,HIF1A;HDAC6
Reactome_2022,Signaling By EGFR R-HSA-177929,2/49,0.0231647687999635,0.0764128684886267,0,0,8.989135355364418,33.845197946063955,PIK3CA;SRC
Reactome_2022,PTK6 Expression R-HSA-8849473,1/5,0.0237728924186838,0.0764128684886267,0,0,52.36842105263158,195.81648814874995,HIF1A
Reactome_2022,Biosynthesis Of E-series 18(S)-resolvins R-HSA-9018896,1/5,0.0237728924186838,0.0764128684886267,0,0,52.36842105263158,195.81648814874995,ALOX5
Reactome_2022,Reelin Signaling Pathway R-HSA-8866376,1/5,0.0237728924186838,0.0764128684886267,0,0,52.36842105263158,195.81648814874995,FYN
Reactome_2022,Signaling By Membrane-Tethered Fusions Of PDGFRA Or PDGFRB R-HSA-9673768,1/5,0.0237728924186838,0.0764128684886267,0,0,52.36842105263158,195.81648814874995,KDR
Reactome_2022,G2 Phase R-HSA-68911,1/5,0.0237728924186838,0.0764128684886267,0,0,52.36842105263158,195.81648814874995,CDK2
Reactome_2022,Melanin Biosynthesis R-HSA-5662702,1/5,0.0237728924186838,0.0764128684886267,0,0,52.36842105263158,195.81648814874995,TYR
Reactome_2022,Extension Of Telomeres R-HSA-180786,2/50,0.0240556444712905,0.0769780623081296,0,0,8.801418439716311,32.80628046281635,TERT;CDK2
Reactome_2022,Fc Epsilon Receptor (FCERI) Signaling R-HSA-2454202,3/130,0.0247419087750397,0.0781369609545259,0,0,5.023368046736094,18.582728212879044,PSMB5;PIK3CA;FYN
Reactome_2022,Synthesis Of PIPs At Plasma Membrane R-HSA-1660499,2/51,0.0249604180826957,0.0781369609545259,0,0,8.621363438992619,31.816831277622374,PIK3CA;SYNJ2
Reactome_2022,GSK3B And BTRC:CUL1-mediated-degradation Of NFE2L2 R-HSA-9762114,2/51,0.0249604180826957,0.0781369609545259,0,0,8.621363438992619,31.816831277622374,GSK3B;PSMB5
Reactome_2022,Transcriptional Activity Of SMAD2/SMAD3:SMAD4 Heterotrimer R-HSA-2173793,2/51,0.0249604180826957,0.0781369609545259,0,0,8.621363438992619,31.816831277622374,STAT1;SERPINE1
Reactome_2022,Ubiquitin-dependent Degradation Of Cyclin D R-HSA-75815,2/51,0.0249604180826957,0.0781369609545259,0,0,8.621363438992619,31.816831277622374,GSK3B;PSMB5
Reactome_2022,SARS-CoV-1 Infection R-HSA-9678108,2/52,0.0258789386772381,0.080313947619015,0,0,8.448510638297872,30.87361056244907,GSK3B;ST3GAL3
Reactome_2022,Signaling By Non-Receptor Tyrosine Kinases R-HSA-9006927,2/52,0.0258789386772381,0.080313947619015,0,0,8.448510638297872,30.87361056244907,CDK2;HIF1A
Reactome_2022,Nuclear Receptor Transcription Pathway R-HSA-383280,2/53,0.0268110563829108,0.0828496162905399,0,0,8.282436378806842,29.973647969477504,ESR1;ESR2
Reactome_2022,Regulation Of RUNX3 Expression And Activity R-HSA-8941858,2/54,0.0277566224412222,0.083297378112485,0,0,8.122749590834697,29.11421557002708,PSMB5;SRC
Reactome_2022,Interleukin-12 Family Signaling R-HSA-447115,2/54,0.0277566224412222,0.083297378112485,0,0,8.122749590834697,29.11421557002708,CA1;STAT1
Reactome_2022,Activated NTRK2 Signals Thru PI3K R-HSA-9028335,1/6,0.0284599375217657,0.083297378112485,0,0,41.892631578947366,149.10667912928483,PIK3CA
Reactome_2022,PTK6 Regulates Cell Cycle R-HSA-8849470,1/6,0.0284599375217657,0.083297378112485,0,0,41.892631578947366,149.10667912928483,CDK2
Reactome_2022,PTK6 Promotes HIF1A Stabilization R-HSA-8857538,1/6,0.0284599375217657,0.083297378112485,0,0,41.892631578947366,149.10667912928483,HIF1A
Reactome_2022,Phosphorylation Of Emi1 R-HSA-176417,1/6,0.0284599375217657,0.083297378112485,0,0,41.892631578947366,149.10667912928483,PLK1
Reactome_2022,Biosynthesis Of EPA-derived SPMs R-HSA-9018679,1/6,0.0284599375217657,0.083297378112485,0,0,41.892631578947366,149.10667912928483,ALOX5
Reactome_2022,RUNX1 Regulates Estrogen Receptor Mediated Transcription R-HSA-8931987,1/6,0.0284599375217657,0.083297378112485,0,0,41.892631578947366,149.10667912928483,ESR1
Reactome_2022,RUNX1 Regulates Transcription Of Genes Involved In WNT Signaling R-HSA-8939256,1/6,0.0284599375217657,0.083297378112485,0,0,41.892631578947366,149.10667912928483,ESR1
Reactome_2022,FGFR1b Ligand Binding And Activation R-HSA-190370,1/6,0.0284599375217657,0.083297378112485,0,0,41.892631578947366,149.10667912928483,FGFR1
Reactome_2022,Synthesis Of Lipoxins (LX) R-HSA-2142700,1/6,0.0284599375217657,0.083297378112485,0,0,41.892631578947366,149.10667912928483,ALOX5
Reactome_2022,WNT Mediated Activation Of DVL R-HSA-201688,1/6,0.0284599375217657,0.083297378112485,0,0,41.892631578947366,149.10667912928483,CSNK1E
Reactome_2022,MET Activates PI3K/AKT Signaling R-HSA-8851907,1/6,0.0284599375217657,0.083297378112485,0,0,41.892631578947366,149.10667912928483,PIK3CA
Reactome_2022,PTEN Regulation R-HSA-6807070,3/139,0.0293778938787668,0.0856359659623973,0,0,4.688804554079696,16.539818064092078,PSMB5;KDM1A;MTOR
Reactome_2022,Toll Like Receptor 4 (TLR4) Cascade R-HSA-166016,3/140,0.0299194652983741,0.0868629637694732,0,0,4.654344242995055,16.333238903758996,APP;RPS6KA3;MAPK14
Reactome_2022,C-type Lectin Receptors (CLRs) R-HSA-5621481,3/141,0.0304663127883311,0.0880953622795118,0,0,4.620383356708742,16.13037606441031,PSMB5;SRC;FYN
Reactome_2022,Assembly Of Collagen Fibrils And Other Multimeric Structures R-HSA-2022090,2/57,0.0306725393385368,0.0883369132949861,0,0,7.678529980657641,26.754973950283677,MMP13;MMP9
Reactome_2022,Diseases Of Glycosylation R-HSA-3781865,3/143,0.0315758137284872,0.0904869508587558,0,0,4.553917050691244,15.735440306350188,ADAMTS4;ADAMTS5;ST3GAL3
Reactome_2022,Late SARS-CoV-2 Infection Events R-HSA-9772573,2/58,0.0316704328005645,0.0904869508587558,0,0,7.541033434650456,26.034450815027743,GSK3B;ST3GAL3
Reactome_2022,SCF(Skp2)-mediated Degradation Of P27/P21 R-HSA-187577,2/59,0.032681046976022,0.0913785217235366,0,0,7.40836132885405,25.34370756629708,PSMB5;CDK2
Reactome_2022,Degradation Of GLI2 By Proteasome R-HSA-5610783,2/59,0.032681046976022,0.0913785217235366,0,0,7.40836132885405,25.34370756629708,GSK3B;PSMB5
Reactome_2022,GLI3 Is Processed To GLI3R By Proteasome R-HSA-5610785,2/59,0.032681046976022,0.0913785217235366,0,0,7.40836132885405,25.34370756629708,GSK3B;PSMB5
Reactome_2022,Role Of GTSE1 In G2/M Progression After G2 Checkpoint R-HSA-8852276,2/59,0.032681046976022,0.0913785217235366,0,0,7.40836132885405,25.34370756629708,PSMB5;PLK1
Reactome_2022,"Activation Of NIMA Kinases NEK9, NEK6, NEK7 R-HSA-2980767",1/7,0.033124714124782,0.0913785217235366,0,0,34.90877192982456,118.95078944635851,PLK1
Reactome_2022,CREB Phosphorylation R-HSA-199920,1/7,0.033124714124782,0.0913785217235366,0,0,34.90877192982456,118.95078944635851,RPS6KA3
Reactome_2022,RSK Activation R-HSA-444257,1/7,0.033124714124782,0.0913785217235366,0,0,34.90877192982456,118.95078944635851,RPS6KA3
Reactome_2022,STAT5 Activation R-HSA-9645135,1/7,0.033124714124782,0.0913785217235366,0,0,34.90877192982456,118.95078944635851,FLT3
Reactome_2022,FLT3 Signaling By CBL Mutants R-HSA-9706377,1/7,0.033124714124782,0.0913785217235366,0,0,34.90877192982456,118.95078944635851,FLT3
Reactome_2022,FCGR3A-mediated Phagocytosis R-HSA-9664422,2/60,0.0337042395194036,0.0926223376105749,0,0,7.28026412325752,24.68105380840516,SRC;FYN
Reactome_2022,Regulation Of PTEN Gene Transcription R-HSA-8943724,2/61,0.0347398691505169,0.094745097683228,0,0,7.156509195816805,24.044921119772024,KDM1A;MTOR
Reactome_2022,Nuclear Events (Kinase And Transcription Factor Activation) R-HSA-198725,2/61,0.0347398691505169,0.094745097683228,0,0,7.156509195816805,24.044921119772024,RPS6KA3;MAPK14
Reactome_2022,DNA Double-Strand Break Repair R-HSA-5693532,3/149,0.0350303051109185,0.0951766780372126,0,0,4.365444100751216,14.630968081601956,RAD52;CDK2;SIRT6
Reactome_2022,RHO GTPases Activate PKNs R-HSA-5625740,2/62,0.0357877956150482,0.0965064151417031,0,0,7.036879432624113,23.4338524197694,KDM1A;KLK2
Reactome_2022,MAP Kinase Activation R-HSA-450294,2/62,0.0357877956150482,0.0965064151417031,0,0,7.036879432624113,23.4338524197694,RPS6KA3;MAPK14
Reactome_2022,Interleukin-1 Family Signaling R-HSA-446652,3/152,0.0368280571283927,0.0968169784666425,0,0,4.276899761853215,14.120164472320528,APP;PSMB5;ALOX5
Reactome_2022,Signaling By MET R-HSA-6806834,2/63,0.0368478797059371,0.0968169784666425,0,0,6.921171956749215,22.84649240660865,PIK3CA;SRC
Reactome_2022,AMPK Inhibits chREBP Transcriptional Activity R-HSA-163680,1/8,0.0377673265742595,0.0968169784666425,0,0,29.9203007518797,98.02820827717792,PRKAA2
Reactome_2022,Biosynthesis Of Maresins R-HSA-9018682,1/8,0.0377673265742595,0.0968169784666425,0,0,29.9203007518797,98.02820827717792,ALOX5
Reactome_2022,RUNX2 Regulates Genes Involved In Cell Migration R-HSA-8941332,1/8,0.0377673265742595,0.0968169784666425,0,0,29.9203007518797,98.02820827717792,MMP13
Reactome_2022,Defective ST3GAL3 Causes MCT12 And EIEE15 R-HSA-3656243,1/8,0.0377673265742595,0.0968169784666425,0,0,29.9203007518797,98.02820827717792,ST3GAL3
Reactome_2022,Formyl Peptide Receptors Bind Formyl Peptides And Many Other Ligands R-HSA-444473,1/8,0.0377673265742595,0.0968169784666425,0,0,29.9203007518797,98.02820827717792,APP
Reactome_2022,Synthesis Of Epoxy (EET) And Dihydroxyeicosatrienoic Acids (DHET) R-HSA-2142670,1/8,0.0377673265742595,0.0968169784666425,0,0,29.9203007518797,98.02820827717792,CYP1B1
Reactome_2022,Transport Of RCbl Within Body R-HSA-9758890,1/8,0.0377673265742595,0.0968169784666425,0,0,29.9203007518797,98.02820827717792,ABCC1
Reactome_2022,InlA-mediated Entry Of Listeria Monocytogenes Into Host Cells R-HSA-8876493,1/8,0.0377673265742595,0.0968169784666425,0,0,29.9203007518797,98.02820827717792,SRC
Reactome_2022,Interleukin-18 Signaling R-HSA-9012546,1/8,0.0377673265742595,0.0968169784666425,0,0,29.9203007518797,98.02820827717792,ALOX5
Reactome_2022,Nef And Signal Transduction R-HSA-164944,1/8,0.0377673265742595,0.0968169784666425,0,0,29.9203007518797,98.02820827717792,FYN
Reactome_2022,Netrin Mediated Repulsion Signals R-HSA-418886,1/8,0.0377673265742595,0.0968169784666425,0,0,29.9203007518797,98.02820827717792,SRC
Reactome_2022,Oxygen-dependent Proline Hydroxylation Of Hypoxia-inducible Factor Alpha R-HSA-1234176,2/64,0.0379199832327683,0.0968169784666425,0,0,6.809196980096088,22.281578964471294,PSMB5;HIF1A
Reactome_2022,Semaphorin Interactions R-HSA-373755,2/64,0.0379199832327683,0.0968169784666425,0,0,6.809196980096088,22.281578964471294,GSK3B;FYN
Reactome_2022,Cytochrome P450 - Arranged By Substrate Type R-HSA-211897,2/65,0.0390039690340505,0.0988833017764661,0,0,6.700776764606552,21.737935410853343,CYP1B1;CYP19A1
Reactome_2022,p53-Dependent G1 DNA Damage Response R-HSA-69563,2/65,0.0390039690340505,0.0988833017764661,0,0,6.700776764606552,21.737935410853343,PSMB5;CDK2
Reactome_2022,G1/S DNA Damage Checkpoints R-HSA-69615,2/67,0.0412070438835408,0.1023423106408532,0,0,6.493944353518821,20.71013710858211,PSMB5;CDK2
Reactome_2022,PI3K/AKT Activation R-HSA-198203,1/9,0.0423878788402831,0.1023423106408532,0,0,26.178947368421053,82.74884713910977,PIK3CA
Reactome_2022,Phase 3 - Rapid Repolarisation R-HSA-5576890,1/9,0.0423878788402831,0.1023423106408532,0,0,26.178947368421053,82.74884713910977,KCNH2
Reactome_2022,Atorvastatin ADME R-HSA-9754706,1/9,0.0423878788402831,0.1023423106408532,0,0,26.178947368421053,82.74884713910977,ABCB1
Reactome_2022,BH3-only Proteins Associate With And Inactivate Anti-Apoptotic BCL-2 Members R-HSA-111453,1/9,0.0423878788402831,0.1023423106408532,0,0,26.178947368421053,82.74884713910977,BCL2
Reactome_2022,CD163 Mediating An Anti-Inflammatory Response R-HSA-9662834,1/9,0.0423878788402831,0.1023423106408532,0,0,26.178947368421053,82.74884713910977,MAPK14
Reactome_2022,Regulation Of Commissural Axon Pathfinding By SLIT And ROBO R-HSA-428542,1/9,0.0423878788402831,0.1023423106408532,0,0,26.178947368421053,82.74884713910977,SRC
Reactome_2022,Downregulation Of ERBB4 Signaling R-HSA-1253288,1/9,0.0423878788402831,0.1023423106408532,0,0,26.178947368421053,82.74884713910977,SRC
Reactome_2022,Synthesis Of (16-20)-Hydroxyeicosatetraenoic Acids (HETE) R-HSA-2142816,1/9,0.0423878788402831,0.1023423106408532,0,0,26.178947368421053,82.74884713910977,CYP1B1
Reactome_2022,Synthesis Of 5-Eicosatetraenoic Acids R-HSA-2142688,1/9,0.0423878788402831,0.1023423106408532,0,0,26.178947368421053,82.74884713910977,ALOX5
Reactome_2022,GP1b-IX-V Activation Signaling R-HSA-430116,1/9,0.0423878788402831,0.1023423106408532,0,0,26.178947368421053,82.74884713910977,SRC
Reactome_2022,Interleukin-9 Signaling R-HSA-8985947,1/9,0.0423878788402831,0.1023423106408532,0,0,26.178947368421053,82.74884713910977,STAT1
Reactome_2022,Lipophagy R-HSA-9613354,1/9,0.0423878788402831,0.1023423106408532,0,0,26.178947368421053,82.74884713910977,PRKAA2
Reactome_2022,Maturation Of Protein 3A R-HSA-9683673,1/9,0.0423878788402831,0.1023423106408532,0,0,26.178947368421053,82.74884713910977,ST3GAL3
Reactome_2022,S Phase R-HSA-69242,3/161,0.0425004873355765,0.1023423106408532,0,0,4.031441404654961,12.732258439141711,GSK3B;PSMB5;CDK2
Reactome_2022,Toll-like Receptor Cascades R-HSA-168898,3/162,0.0431563874045442,0.1029221695766934,0,0,4.005883546358287,12.590190921993074,APP;RPS6KA3;MAPK14
Reactome_2022,Orc1 Removal From Chromatin R-HSA-68949,2/69,0.0434560271546038,0.1029221695766934,0,0,6.29946014607812,19.755143064684585,PSMB5;CDK2
Reactome_2022,Diseases Associated With O-glycosylation Of Proteins R-HSA-3906995,2/69,0.0434560271546038,0.1029221695766934,0,0,6.29946014607812,19.755143064684585,ADAMTS4;ADAMTS5
Reactome_2022,Interleukin-17 Signaling R-HSA-448424,2/69,0.0434560271546038,0.1029221695766934,0,0,6.29946014607812,19.755143064684585,RPS6KA3;MAPK14
Reactome_2022,Loss Of Nlp From Mitotic Centrosomes R-HSA-380259,2/69,0.0434560271546038,0.1029221695766934,0,0,6.29946014607812,19.755143064684585,PLK1;CSNK1E
Reactome_2022,Anti-inflammatory Response Favoring Leishmania Infection R-HSA-9662851,3/165,0.0451545531147281,0.1065943548937845,0,0,3.9311031461569095,12.177237325206072,SRC;FYN;MAPK14
Reactome_2022,Diseases Of Programmed Cell Death R-HSA-9645723,2/71,0.0457498576645542,0.1067200681830279,0,0,6.116250385445575,18.86598164653557,APP;DNMT1
Reactome_2022,AURKA Activation By TPX2 R-HSA-8854518,2/72,0.0469132633268802,0.1067200681830279,0,0,6.0285714285714285,18.444142055706436,PLK1;CSNK1E
Reactome_2022,CDK-mediated Phosphorylation And Removal Of Cdc6 R-HSA-69017,2/72,0.0469132633268802,0.1067200681830279,0,0,6.0285714285714285,18.444142055706436,PSMB5;CDK2
Reactome_2022,Signaling By FGFR2 R-HSA-5654738,2/72,0.0469132633268802,0.1067200681830279,0,0,6.0285714285714285,18.444142055706436,PIK3CA;SRC
Reactome_2022,PI3K Events In ERBB4 Signaling R-HSA-1250342,1/10,0.0469864744639164,0.1067200681830279,0,0,23.269005847953217,71.15418818005004,PIK3CA
Reactome_2022,Activation Of AP-1 Family Of Transcription Factors R-HSA-450341,1/10,0.0469864744639164,0.1067200681830279,0,0,23.269005847953217,71.15418818005004,MAPK14
Reactome_2022,Receptor Mediated Mitophagy R-HSA-8934903,1/10,0.0469864744639164,0.1067200681830279,0,0,23.269005847953217,71.15418818005004,SRC
Reactome_2022,STAT3 Nuclear Events Downstream Of ALK Signaling R-HSA-9701898,1/10,0.0469864744639164,0.1067200681830279,0,0,23.269005847953217,71.15418818005004,HIF1A
Reactome_2022,STAT5 Activation Downstream Of FLT3 ITD Mutants R-HSA-9702518,1/10,0.0469864744639164,0.1067200681830279,0,0,23.269005847953217,71.15418818005004,FLT3
Reactome_2022,Signaling By FGFR4 In Disease R-HSA-5655291,1/10,0.0469864744639164,0.1067200681830279,0,0,23.269005847953217,71.15418818005004,PIK3CA
Reactome_2022,Interleukin-21 Signaling R-HSA-9020958,1/10,0.0469864744639164,0.1067200681830279,0,0,23.269005847953217,71.15418818005004,STAT1
Reactome_2022,Neurotransmitter Clearance R-HSA-112311,1/10,0.0469864744639164,0.1067200681830279,0,0,23.269005847953217,71.15418818005004,ACHE
Reactome_2022,SUMO E3 Ligases SUMOylate Target Proteins R-HSA-3108232,3/168,0.0471981615696205,0.1068637620444238,0,0,3.8590420332355815,11.783200244567851,RAD52;DNMT1;ESR1
Reactome_2022,APC/C:Cdh1 Mediated Degradation Of Cdc20 And APC/C:Cdh1 Targets In Late Mitosis/Early G1 R-HSA-174178,2/73,0.0480874899858185,0.1085360275541986,0,0,5.943362301468385,18.036519009727165,PSMB5;PLK1
Reactome_2022,Metabolism Of Carbohydrates R-HSA-71387,4/285,0.0484846040939928,0.1090903592114839,0,0,3.0362060962401363,9.189104993525184,PKM;FUT7;FUT4;ST3GAL3
Reactome_2022,Signaling By NOTCH1 R-HSA-1980143,2/74,0.0492724093905823,0.1105175537732688,0,0,5.860520094562648,17.642456958799208,HIF1A;HDAC6
Reactome_2022,SUMOylation R-HSA-2990846,3/174,0.0514203112739487,0.11343033261808,0,0,3.722505187700434,11.047360628521652,RAD52;DNMT1;ESR1
Reactome_2022,Carnitine Metabolism R-HSA-200425,1/11,0.0515632165556114,0.11343033261808,0,0,20.94105263157895,62.08910527455818,PRKAA2
Reactome_2022,DSCAM Interactions R-HSA-376172,1/11,0.0515632165556114,0.11343033261808,0,0,20.94105263157895,62.08910527455818,MAPK14
Reactome_2022,Signaling By Activated Point Mutants Of FGFR1 R-HSA-1839122,1/11,0.0515632165556114,0.11343033261808,0,0,20.94105263157895,62.08910527455818,FGFR1
Reactome_2022,Interleukin-27 Signaling R-HSA-9020956,1/11,0.0515632165556114,0.11343033261808,0,0,20.94105263157895,62.08910527455818,STAT1
Reactome_2022,Interleukin-6 Signaling R-HSA-1059683,1/11,0.0515632165556114,0.11343033261808,0,0,20.94105263157895,62.08910527455818,STAT1
Reactome_2022,Activation Of APC/C And APC/C:Cdc20 Mediated Degradation Of Mitotic Proteins R-HSA-176814,2/76,0.0516738181926809,0.11343033261808,0,0,5.701552616446233,16.89258314724502,PSMB5;PLK1
Reactome_2022,Transport Of Small Molecules R-HSA-382551,7/706,0.0532965704109679,0.1166368714160999,0,0,2.1609522431724293,6.335659782813507,CA1;ABCC1;ABCB1;PSMB5;CA2;CA4;ABCG2
Reactome_2022,Pre-NOTCH Expression And Processing R-HSA-1912422,2/78,0.0541164827852107,0.1177156121007605,0,0,5.550951847704368,16.189997566417798,SIRT6;ST3GAL3
Reactome_2022,Nuclear Events Mediated By NFE2L2 R-HSA-9759194,2/78,0.0541164827852107,0.1177156121007605,0,0,5.550951847704368,16.189997566417798,GSK3B;PSMB5
Reactome_2022,Apoptosis R-HSA-109581,3/178,0.0543338318669692,0.1178324064584875,0,0,3.6366820276497696,10.5922298633222,PSMB5;BCL2;MAPT
Reactome_2022,Platelet Adhesion To Exposed Collagen R-HSA-75892,1/12,0.0561182077718237,0.1184900574654342,0,0,19.036363636363635,54.83034223662069,FYN
Reactome_2022,Butyrophilin (BTN) Family Interactions R-HSA-8851680,1/12,0.0561182077718237,0.1184900574654342,0,0,19.036363636363635,54.83034223662069,XDH
Reactome_2022,CD28 Dependent Vav1 Pathway R-HSA-389359,1/12,0.0561182077718237,0.1184900574654342,0,0,19.036363636363635,54.83034223662069,FYN
Reactome_2022,Caspase-mediated Cleavage Of Cytoskeletal Proteins R-HSA-264870,1/12,0.0561182077718237,0.1184900574654342,0,0,19.036363636363635,54.83034223662069,MAPT
Reactome_2022,Erythropoietin Activates Phosphoinositide-3-kinase (PI3K) R-HSA-9027276,1/12,0.0561182077718237,0.1184900574654342,0,0,19.036363636363635,54.83034223662069,PIK3CA
Reactome_2022,FGFR1c Ligand Binding And Activation R-HSA-190373,1/12,0.0561182077718237,0.1184900574654342,0,0,19.036363636363635,54.83034223662069,FGFR1
Reactome_2022,HDR Thru MMEJ (alt-NHEJ) R-HSA-5685939,1/12,0.0561182077718237,0.1184900574654342,0,0,19.036363636363635,54.83034223662069,RAD52
Reactome_2022,Interleukin-35 Signaling R-HSA-8984722,1/12,0.0561182077718237,0.1184900574654342,0,0,19.036363636363635,54.83034223662069,STAT1
Reactome_2022,Maturation Of Nucleoprotein R-HSA-9683610,1/12,0.0561182077718237,0.1184900574654342,0,0,19.036363636363635,54.83034223662069,GSK3B
Reactome_2022,Processing Of DNA Double-Strand Break Ends R-HSA-5693607,2/80,0.05659941128668,0.1188092598437597,0,0,5.408074195308238,15.530673278095655,CDK2;SIRT6
Reactome_2022,Recruitment Of NuMA To Mitotic Centrosomes R-HSA-380320,2/80,0.05659941128668,0.1188092598437597,0,0,5.408074195308238,15.530673278095655,PLK1;CSNK1E
Reactome_2022,Cellular Response To Chemical Stress R-HSA-9711123,3/182,0.057325259667708,0.1199831016300867,0,0,3.5546945395566767,10.162921171725351,GSK3B;ABCC1;PSMB5
Reactome_2022,Centrosome Maturation R-HSA-380287,2/81,0.0578556685979003,0.1200463440648076,0,0,5.3393482359278215,15.216095118015389,PLK1;CSNK1E
Reactome_2022,Senescence-Associated Secretory Phenotype (SASP) R-HSA-2559582,2/81,0.0578556685979003,0.1200463440648076,0,0,5.3393482359278215,15.216095118015389,RPS6KA3;CDK2
Reactome_2022,TP53 Regulates Metabolic Genes R-HSA-5628897,2/81,0.0578556685979003,0.1200463440648076,0,0,5.3393482359278215,15.216095118015389,PRKAA2;MTOR
Reactome_2022,PI Metabolism R-HSA-1483255,2/82,0.0591216266443737,0.1219701180055847,0,0,5.272340425531915,14.911014328404647,PIK3CA;SYNJ2
Reactome_2022,Cyclin E Associated Events During G1/S Transition R-HSA-69202,2/82,0.0591216266443737,0.1219701180055847,0,0,5.272340425531915,14.911014328404647,PSMB5;CDK2
Reactome_2022,Cilium Assembly R-HSA-5617833,3/186,0.0603935995908402,0.1219807716158609,0,0,3.476291203948528,9.757504954165135,PLK1;CSNK1E;HDAC6
Reactome_2022,Metabolism Of Vitamins And Cofactors R-HSA-196854,3/186,0.0603935995908402,0.1219807716158609,0,0,3.476291203948528,9.757504954165135,ABCC1;TTR;NADK
Reactome_2022,Advanced Glycosylation Endproduct Receptor Signaling R-HSA-879415,1/13,0.0606515503312197,0.1219807716158609,0,0,17.449122807017545,48.903087500760165,APP
Reactome_2022,Diseases Associated With Visual Transduction R-HSA-2474795,1/13,0.0606515503312197,0.1219807716158609,0,0,17.449122807017545,48.903087500760165,TTR
Reactome_2022,Dissolution Of Fibrin Clot R-HSA-75205,1/13,0.0606515503312197,0.1219807716158609,0,0,17.449122807017545,48.903087500760165,SERPINE1
Reactome_2022,Signal Regulatory Protein Family Interactions R-HSA-391160,1/13,0.0606515503312197,0.1219807716158609,0,0,17.449122807017545,48.903087500760165,SRC
Reactome_2022,"Synthesis, Secretion, And Inactivation Of Glucose-dependent Insulinotropic Polypeptide (GIP) R-HSA-400511",1/13,0.0606515503312197,0.1219807716158609,0,0,17.449122807017545,48.903087500760165,DPP4
Reactome_2022,IRF3-mediated Induction Of Type I IFN R-HSA-3270619,1/13,0.0606515503312197,0.1219807716158609,0,0,17.449122807017545,48.903087500760165,STING1
Reactome_2022,Mitotic Telophase/Cytokinesis R-HSA-68884,1/13,0.0606515503312197,0.1219807716158609,0,0,17.449122807017545,48.903087500760165,PLK1
Reactome_2022,Cyclin A:Cdk2-associated Events At S Phase Entry R-HSA-69656,2/84,0.0616821665002103,0.1233643330004207,0,0,5.143227815256876,14.32780050708702,PSMB5;CDK2
Reactome_2022,Degradation Of Beta-Catenin By Destruction Complex R-HSA-195253,2/84,0.0616821665002103,0.1233643330004207,0,0,5.143227815256876,14.32780050708702,GSK3B;PSMB5
Reactome_2022,G Alpha (I) Signaling Events R-HSA-418594,4/312,0.0634061837828167,0.1264610867690528,0,0,2.7662337662337664,7.629809062071368,APP;TAS2R31;SRC;ADORA3
Reactome_2022,AKT Phosphorylates Targets In Cytosol R-HSA-198323,1/14,0.0651633459609098,0.1268043488969055,0,0,16.106072874493925,43.98340031976613,GSK3B
Reactome_2022,APC Truncation Mutants Have Impaired AXIN Binding R-HSA-5467337,1/14,0.0651633459609098,0.1268043488969055,0,0,16.106072874493925,43.98340031976613,GSK3B
Reactome_2022,Physiological Factors R-HSA-5578768,1/14,0.0651633459609098,0.1268043488969055,0,0,16.106072874493925,43.98340031976613,MMP12
Reactome_2022,Regulation Of IFNG Signaling R-HSA-877312,1/14,0.0651633459609098,0.1268043488969055,0,0,16.106072874493925,43.98340031976613,STAT1
Reactome_2022,Constitutive Signaling By EGFRvIII R-HSA-5637810,1/14,0.0651633459609098,0.1268043488969055,0,0,16.106072874493925,43.98340031976613,PIK3CA
Reactome_2022,SEMA3A-Plexin Repulsion Signaling By Inhibiting Integrin Adhesion R-HSA-399955,1/14,0.0651633459609098,0.1268043488969055,0,0,16.106072874493925,43.98340031976613,FYN
Reactome_2022,TP53 Regulates Transcription Of Genes Involved In G1 Cell Cycle Arrest R-HSA-6804116,1/14,0.0651633459609098,0.1268043488969055,0,0,16.106072874493925,43.98340031976613,CDK2
Reactome_2022,Golgi Cisternae Pericentriolar Stack Reorganization R-HSA-162658,1/14,0.0651633459609098,0.1268043488969055,0,0,16.106072874493925,43.98340031976613,PLK1
Reactome_2022,Heme Biosynthesis R-HSA-189451,1/14,0.0651633459609098,0.1268043488969055,0,0,16.106072874493925,43.98340031976613,ABCG2
Reactome_2022,Regulation Of PLK1 Activity At G2/M Transition R-HSA-2565942,2/87,0.0655927651616112,0.1272959323891108,0,0,4.9609511889862326,13.515069100897891,PLK1;CSNK1E
Reactome_2022,Regulation Of mRNA Stability By Proteins That Bind AU-rich Elements R-HSA-450531,2/88,0.0669144425135933,0.1295118242198581,0,0,4.903018307768432,13.259430751648065,PSMB5;MAPK14
Reactome_2022,Mitochondrial Biogenesis R-HSA-1592230,2/89,0.0682450005457077,0.1302614573871795,0,0,4.846417216923453,13.010939310910365,PRKAA2;MAPK14
Reactome_2022,SARS-CoV-2-host Interactions R-HSA-9705683,3/196,0.0683940035464684,0.1302614573871795,0,0,3.294501086411499,8.837400743206938,STING1;STAT1;RPSA
Reactome_2022,Muscle Contraction R-HSA-397014,3/196,0.0683940035464684,0.1302614573871795,0,0,3.294501086411499,8.837400743206938,KCNH2;MMP12;TTR
Reactome_2022,Collagen Formation R-HSA-1474290,2/90,0.0695843256413094,0.1302614573871795,0,0,4.79110251450677,12.769322807684263,MMP13;MMP9
Reactome_2022,Switching Of Origins To A Post-Replicative State R-HSA-69052,2/90,0.0695843256413094,0.1302614573871795,0,0,4.79110251450677,12.769322807684263,PSMB5;CDK2
Reactome_2022,Activation Of BAD And Translocation To Mitochondria R-HSA-111447,1/15,0.0696536959639779,0.1302614573871795,0,0,14.954887218045112,39.84310237624529,BCL2
Reactome_2022,CTNNB1 S33 Mutants Not Phosphorylated R-HSA-5358747,1/15,0.0696536959639779,0.1302614573871795,0,0,14.954887218045112,39.84310237624529,GSK3B
Reactome_2022,Regulation Of Innate Immune Responses To Cytosolic DNA R-HSA-3134975,1/15,0.0696536959639779,0.1302614573871795,0,0,14.954887218045112,39.84310237624529,STING1
Reactome_2022,Signaling By ERBB2 ECD Mutants R-HSA-9665348,1/15,0.0696536959639779,0.1302614573871795,0,0,14.954887218045112,39.84310237624529,PIK3CA
Reactome_2022,GRB2:SOS Provides Linkage To MAPK Signaling For Integrins R-HSA-354194,1/15,0.0696536959639779,0.1302614573871795,0,0,14.954887218045112,39.84310237624529,SRC
Reactome_2022,p130Cas Linkage To MAPK Signaling For Integrins R-HSA-372708,1/15,0.0696536959639779,0.1302614573871795,0,0,14.954887218045112,39.84310237624529,SRC
Reactome_2022,Negative Regulation Of FLT3 R-HSA-9706369,1/15,0.0696536959639779,0.1302614573871795,0,0,14.954887218045112,39.84310237624529,FLT3
Reactome_2022,Negative Regulation Of TCF-dependent Signaling By WNT Ligand Antagonists R-HSA-3772470,1/15,0.0696536959639779,0.1302614573871795,0,0,14.954887218045112,39.84310237624529,SOST
Reactome_2022,Signaling By TGF-beta Receptor Complex R-HSA-170834,2/91,0.0709323050351309,0.1323089627598297,0,0,4.737030839110686,12.53432242832187,STAT1;SERPINE1
Reactome_2022,Telomere Maintenance R-HSA-157579,2/92,0.0722888268464433,0.1340913186355439,0,0,4.684160756501182,12.30569174241841,TERT;CDK2
Reactome_2022,Oxidative Stress Induced Senescence R-HSA-2559580,2/93,0.0736537800118073,0.1340913186355439,0,0,4.632452653729249,12.083195988524617,MAPKAPK5;MAPK14
Reactome_2022,Nucleotide-like (Purinergic) Receptors R-HSA-418038,1/16,0.0741227011346479,0.1340913186355439,0,0,13.95719298245614,36.31708280615695,ADORA3
Reactome_2022,PI3K Events In ERBB2 Signaling R-HSA-1963642,1/16,0.0741227011346479,0.1340913186355439,0,0,13.95719298245614,36.31708280615695,PIK3CA
Reactome_2022,Phospholipase C-mediated Cascade: FGFR1 R-HSA-5654219,1/16,0.0741227011346479,0.1340913186355439,0,0,13.95719298245614,36.31708280615695,FGFR1
Reactome_2022,Polo-like Kinase Mediated Events R-HSA-156711,1/16,0.0741227011346479,0.1340913186355439,0,0,13.95719298245614,36.31708280615695,PLK1
Reactome_2022,STING Mediated Induction Of Host Immune Responses R-HSA-1834941,1/16,0.0741227011346479,0.1340913186355439,0,0,13.95719298245614,36.31708280615695,STING1
Reactome_2022,SUMOylation Of DNA Methylation Proteins R-HSA-4655427,1/16,0.0741227011346479,0.1340913186355439,0,0,13.95719298245614,36.31708280615695,DNMT1
Reactome_2022,Sema3A PAK Dependent Axon Repulsion R-HSA-399954,1/16,0.0741227011346479,0.1340913186355439,0,0,13.95719298245614,36.31708280615695,FYN
Reactome_2022,FGFR1 Ligand Binding And Activation R-HSA-190242,1/16,0.0741227011346479,0.1340913186355439,0,0,13.95719298245614,36.31708280615695,FGFR1
Reactome_2022,Spry Regulation Of FGF Signaling R-HSA-1295596,1/16,0.0741227011346479,0.1340913186355439,0,0,13.95719298245614,36.31708280615695,SRC
Reactome_2022,NLRP3 Inflammasome R-HSA-844456,1/16,0.0741227011346479,0.1340913186355439,0,0,13.95719298245614,36.31708280615695,APP
Reactome_2022,Downstream TCR Signaling R-HSA-202424,2/94,0.0750270543685967,0.1352232603194286,0,0,4.581868640148011,11.86661139881763,PSMB5;PIK3CA
Reactome_2022,Transcriptional Regulation By RUNX1 R-HSA-8878171,3/204,0.0751240335107937,0.1352232603194286,0,0,3.1620927619964694,8.185439968652888,PSMB5;SRC;ESR1
Reactome_2022,Transcriptional Regulation By RUNX3 R-HSA-8878159,2/95,0.0764085405450076,0.1366881755282717,0,0,4.532372454815832,11.655724581294349,PSMB5;SRC
Reactome_2022,GPCR Downstream Signaling R-HSA-388396,6/619,0.0773975252478176,0.1366881755282717,0,0,2.0979880369766177,5.368332780189297,APP;RPS6KA3;PIK3CA;TAS2R31;SRC;ADORA3
Reactome_2022,Aberrant Regulation Of Mitotic G1/S Transition In Cancer Due To RB1 Defects R-HSA-9659787,1/17,0.0785704618658466,0.1366881755282717,0,0,13.08421052631579,33.28308421675135,CDK2
Reactome_2022,Platelet Sensitization By LDL R-HSA-432142,1/17,0.0785704618658466,0.1366881755282717,0,0,13.08421052631579,33.28308421675135,MAPK14
Reactome_2022,Purine Catabolism R-HSA-74259,1/17,0.0785704618658466,0.1366881755282717,0,0,13.08421052631579,33.28308421675135,XDH
Reactome_2022,Beta-catenin Phosphorylation Cascade R-HSA-196299,1/17,0.0785704618658466,0.1366881755282717,0,0,13.08421052631579,33.28308421675135,GSK3B
Reactome_2022,Biosynthesis Of DHA-derived SPMs R-HSA-9018677,1/17,0.0785704618658466,0.1366881755282717,0,0,13.08421052631579,33.28308421675135,ALOX5
Reactome_2022,Regulation Of RUNX1 Expression And Activity R-HSA-8934593,1/17,0.0785704618658466,0.1366881755282717,0,0,13.08421052631579,33.28308421675135,SRC
Reactome_2022,Gastrin-CREB Signaling Pathway Via PKC And MAPK R-HSA-881907,1/17,0.0785704618658466,0.1366881755282717,0,0,13.08421052631579,33.28308421675135,RPS6KA3
Reactome_2022,Tie2 Signaling R-HSA-210993,1/17,0.0785704618658466,0.1366881755282717,0,0,13.08421052631579,33.28308421675135,PIK3CA
Reactome_2022,KSRP (KHSRP) Binds And Destabilizes mRNA R-HSA-450604,1/17,0.0785704618658466,0.1366881755282717,0,0,13.08421052631579,33.28308421675135,MAPK14
Reactome_2022,MET Activates PTK2 Signaling R-HSA-8874081,1/17,0.0785704618658466,0.1366881755282717,0,0,13.08421052631579,33.28308421675135,SRC
Reactome_2022,Phospholipid Metabolism R-HSA-1483257,3/208,0.0785957009287562,0.1366881755282717,0,0,3.099763965381589,7.884058317994694,ACHE;PIK3CA;SYNJ2
Reactome_2022,Programmed Cell Death R-HSA-5357801,3/208,0.0785957009287562,0.1366881755282717,0,0,3.099763965381589,7.884058317994694,PSMB5;BCL2;MAPT
Reactome_2022,Anchoring Of Basal Body To Plasma Membrane R-HSA-5620912,2/97,0.0791957151834087,0.1370695070482074,0,0,4.436506159014558,11.250239090274126,PLK1;CSNK1E
Reactome_2022,Potential Therapeutics For SARS R-HSA-9679191,2/97,0.0791957151834087,0.1370695070482074,0,0,4.436506159014558,11.250239090274126,KDM1A;VEGFA
Reactome_2022,Signaling By ROBO Receptors R-HSA-376176,3/209,0.0794745194304856,0.1372221918224211,0,0,3.0845599749451926,7.811089272902113,PSMB5;SRC;RPSA
Reactome_2022,Hedgehog Off State R-HSA-5610787,2/98,0.0806011891219633,0.1385032366773595,0,0,4.390070921985815,11.05526043525084,GSK3B;PSMB5
Reactome_2022,Visual Phototransduction R-HSA-2187338,2/98,0.0806011891219633,0.1385032366773595,0,0,4.390070921985815,11.05526043525084,TTR;HSD17B1
Reactome_2022,CLEC7A (Dectin-1) Signaling R-HSA-5607764,2/99,0.0820144458187472,0.1402767516160794,0,0,4.344593112524676,10.865218604443312,PSMB5;SRC
Reactome_2022,G Alpha (Q) Signaling Events R-HSA-416476,3/212,0.0821368243831407,0.1402767516160794,0,0,3.039820960024695,7.597633763043125,APP;RPS6KA3;PIK3CA
Reactome_2022,PI-3K cascade:FGFR3 R-HSA-5654710,1/18,0.0829970780395136,0.1402767516160794,0,0,12.313931888544891,30.64875924889407,PIK3CA
Reactome_2022,Pre-NOTCH Processing In Golgi R-HSA-1912420,1/18,0.0829970780395136,0.1402767516160794,0,0,12.313931888544891,30.64875924889407,ST3GAL3
Reactome_2022,Constitutive Signaling By Ligand-Responsive EGFR Cancer Variants R-HSA-1236382,1/18,0.0829970780395136,0.1402767516160794,0,0,12.313931888544891,30.64875924889407,PIK3CA
Reactome_2022,Signaling By FLT3 Fusion Proteins R-HSA-9703465,1/18,0.0829970780395136,0.1402767516160794,0,0,12.313931888544891,30.64875924889407,PIK3CA
Reactome_2022,Metabolism Of Angiotensinogen To Angiotensins R-HSA-2022377,1/18,0.0829970780395136,0.1402767516160794,0,0,12.313931888544891,30.64875924889407,MMP12
Reactome_2022,KEAP1-NFE2L2 Pathway R-HSA-9755511,2/100,0.0834353800745875,0.1406872919290469,0,0,4.300043421623969,10.679944049183517,GSK3B;PSMB5
Reactome_2022,Biosynthesis Of Specialized Proresolving Mediators (SPMs) R-HSA-9018678,1/19,0.0874026490788467,0.1459599249524124,0,0,11.629239766081872,28.343128394593275,ALOX5
Reactome_2022,"Synthesis, Secretion, And Deacylation Of Ghrelin R-HSA-422085",1/19,0.0874026490788467,0.1459599249524124,0,0,11.629239766081872,28.343128394593275,ACHE
Reactome_2022,Activated TAK1 Mediates P38 MAPK Activation R-HSA-450302,1/19,0.0874026490788467,0.1459599249524124,0,0,11.629239766081872,28.343128394593275,MAPK14
Reactome_2022,Listeria Monocytogenes Entry Into Host Cells R-HSA-8876384,1/19,0.0874026490788467,0.1459599249524124,0,0,11.629239766081872,28.343128394593275,SRC
Reactome_2022,Biological Oxidations R-HSA-211859,3/218,0.0875759549714474,0.1459599249524124,0,0,2.9540885221305326,7.193940544403094,CYP1B1;CYP19A1;PTGS1
Reactome_2022,Signaling By Rho GTPases R-HSA-194315,6/644,0.0895425994988602,0.1488930060951025,0,0,2.013166144200627,4.857852032839041,KDM1A;PIK3CA;SRC;PLK1;KLK2;MAPK14
Reactome_2022,PI-3K cascade:FGFR4 R-HSA-5654720,1/20,0.0917872740073591,0.1505394926772177,0,0,11.01662049861496,26.310792233027552,PIK3CA
Reactome_2022,Phosphorylation Of APC/C R-HSA-176412,1/20,0.0917872740073591,0.1505394926772177,0,0,11.01662049861496,26.310792233027552,PLK1
Reactome_2022,CD209 (DC-SIGN) Signaling R-HSA-5621575,1/20,0.0917872740073591,0.1505394926772177,0,0,11.01662049861496,26.310792233027552,FYN
Reactome_2022,Chaperone Mediated Autophagy R-HSA-9613829,1/20,0.0917872740073591,0.1505394926772177,0,0,11.01662049861496,26.310792233027552,HDAC6
Reactome_2022,SHC-mediated cascade:FGFR1 R-HSA-5654688,1/20,0.0917872740073591,0.1505394926772177,0,0,11.01662049861496,26.310792233027552,FGFR1
Reactome_2022,Signal Transduction By L1 R-HSA-445144,1/20,0.0917872740073591,0.1505394926772177,0,0,11.01662049861496,26.310792233027552,FGFR1
Reactome_2022,Azathioprine ADME R-HSA-9748787,1/21,0.0961510513071087,0.1559206237412575,0,0,10.465263157894736,24.507918218027072,XDH
Reactome_2022,"Cobalamin (Cbl, Vitamin B12) Transport And Metabolism R-HSA-196741",1/21,0.0961510513071087,0.1559206237412575,0,0,10.465263157894736,24.507918218027072,ABCC1
Reactome_2022,Deregulated CDK5 Triggers Neurodegenerative Pathways In Alzheimers Disease Models R-HSA-8862803,1/21,0.0961510513071087,0.1559206237412575,0,0,10.465263157894736,24.507918218027072,APP
Reactome_2022,Signaling By FGFR3 In Disease R-HSA-5655332,1/21,0.0961510513071087,0.1559206237412575,0,0,10.465263157894736,24.507918218027072,PIK3CA
Reactome_2022,"Synthesis, Secretion, And Inactivation Of Glucagon-like Peptide-1 (GLP-1) R-HSA-381771",1/21,0.0961510513071087,0.1559206237412575,0,0,10.465263157894736,24.507918218027072,DPP4
Reactome_2022,Signaling By B Cell Receptor (BCR) R-HSA-983705,2/109,0.0965523161976535,0.1562194778928326,0,0,3.936567906144363,9.202397802454184,PSMB5;FYN
Reactome_2022,"Signaling By Rho GTPases, Miro GTPases And RHOBTB3 R-HSA-9716542",6/660,0.0978362278901072,0.1579418925580206,0,0,1.9622833843017329,4.561249906984636,KDM1A;PIK3CA;SRC;PLK1;KLK2;MAPK14
Reactome_2022,FRS-mediated FGFR1 Signaling R-HSA-5654693,1/22,0.1004940790729363,0.1615083413672191,0,0,9.96641604010025,22.899400276475088,FGFR1
Reactome_2022,Insertion Of Tail-Anchored Proteins Into Endoplasmic Reticulum Membrane R-HSA-9609523,1/22,0.1004940790729363,0.1615083413672191,0,0,9.96641604010025,22.899400276475088,APP
Reactome_2022,Interleukin-1 Signaling R-HSA-9020702,2/114,0.1040775845333497,0.16689501306016,0,0,3.759878419452888,8.50717104424932,APP;PSMB5
Reactome_2022,PI-3K cascade:FGFR2 R-HSA-5654695,1/23,0.104816454902684,0.1673344734588304,0,0,9.51291866028708,21.456811429654763,PIK3CA
Reactome_2022,Long-term Potentiation R-HSA-9620244,1/23,0.104816454902684,0.1673344734588304,0,0,9.51291866028708,21.456811429654763,SRC
Reactome_2022,Epigenetic Regulation Of Gene Expression R-HSA-212165,2/116,0.107131709444166,0.1689573305243032,0,0,3.6935423665546847,8.25025181504599,GSK3B;DNMT1
Reactome_2022,TCR Signaling R-HSA-202403,2/116,0.107131709444166,0.1689573305243032,0,0,3.6935423665546847,8.25025181504599,PSMB5;PIK3CA
Reactome_2022,Aggrephagy R-HSA-9646399,1/24,0.1091182759636125,0.1689573305243032,0,0,9.098855835240274,20.15690355426019,HDAC6
Reactome_2022,RHO GTPases Activate NADPH Oxidases R-HSA-5668599,1/24,0.1091182759636125,0.1689573305243032,0,0,9.098855835240274,20.15690355426019,MAPK14
Reactome_2022,Defective Intrinsic Pathway For Apoptosis R-HSA-9734009,1/24,0.1091182759636125,0.1689573305243032,0,0,9.098855835240274,20.15690355426019,APP
Reactome_2022,Downstream Signaling Of Activated FGFR3 R-HSA-5654708,1/24,0.1091182759636125,0.1689573305243032,0,0,9.098855835240274,20.15690355426019,PIK3CA
Reactome_2022,Signaling By EGFR In Cancer R-HSA-1643713,1/24,0.1091182759636125,0.1689573305243032,0,0,9.098855835240274,20.15690355426019,PIK3CA
Reactome_2022,Signaling By ERBB2 KD Mutants R-HSA-9664565,1/24,0.1091182759636125,0.1689573305243032,0,0,9.098855835240274,20.15690355426019,PIK3CA
Reactome_2022,Signaling By Erythropoietin R-HSA-9006335,1/24,0.1091182759636125,0.1689573305243032,0,0,9.098855835240274,20.15690355426019,PIK3CA
Reactome_2022,Estrogen-dependent Nuclear Events Downstream Of ESR-membrane Signaling R-HSA-9634638,1/24,0.1091182759636125,0.1689573305243032,0,0,9.098855835240274,20.15690355426019,BCL2
Reactome_2022,Growth Hormone Receptor Signaling R-HSA-982772,1/24,0.1091182759636125,0.1689573305243032,0,0,9.098855835240274,20.15690355426019,STAT1
Reactome_2022,"Incretin Synthesis, Secretion, And Inactivation R-HSA-400508",1/24,0.1091182759636125,0.1689573305243032,0,0,9.098855835240274,20.15690355426019,DPP4
Reactome_2022,mTORC1-mediated Signaling R-HSA-166208,1/24,0.1091182759636125,0.1689573305243032,0,0,9.098855835240274,20.15690355426019,MTOR
Reactome_2022,Interleukin-6 Family Signaling R-HSA-6783589,1/24,0.1091182759636125,0.1689573305243032,0,0,9.098855835240274,20.15690355426019,STAT1
Reactome_2022,Chromosome Maintenance R-HSA-73886,2/118,0.1102098709589687,0.170281345687677,0,0,3.62949376375642,8.00437235409038,TERT;CDK2
Reactome_2022,RHO GTPases Activate Formins R-HSA-5663220,2/119,0.111757737463504,0.1715288656666095,0,0,3.5982905982905984,7.885372491632031,SRC;PLK1
Reactome_2022,Signaling By TGFB Family Members R-HSA-9006936,2/119,0.111757737463504,0.1715288656666095,0,0,3.5982905982905984,7.885372491632031,STAT1;SERPINE1
Reactome_2022,Synthesis Of DNA R-HSA-69239,2/119,0.111757737463504,0.1715288656666095,0,0,3.5982905982905984,7.885372491632031,PSMB5;CDK2
Reactome_2022,Basigin Interactions R-HSA-210991,1/25,0.1133996389684807,0.1715288656666095,0,0,8.719298245614034,18.98049165758473,MMP1
Reactome_2022,Regulation Of IFNA/IFNB Signaling R-HSA-912694,1/25,0.1133996389684807,0.1715288656666095,0,0,8.719298245614034,18.98049165758473,STAT1
Reactome_2022,Signaling By ERBB2 In Cancer R-HSA-1227990,1/25,0.1133996389684807,0.1715288656666095,0,0,8.719298245614034,18.98049165758473,PIK3CA
Reactome_2022,TRAF6 Mediated NF-kB Activation R-HSA-933542,1/25,0.1133996389684807,0.1715288656666095,0,0,8.719298245614034,18.98049165758473,APP
Reactome_2022,Termination Of O-glycan Biosynthesis R-HSA-977068,1/25,0.1133996389684807,0.1715288656666095,0,0,8.719298245614034,18.98049165758473,ST3GAL3
Reactome_2022,Inactivation Of CSF3 (G-CSF) Signaling R-HSA-9705462,1/25,0.1133996389684807,0.1715288656666095,0,0,8.719298245614034,18.98049165758473,STAT1
Reactome_2022,NOTCH3 Intracellular Domain Regulates Transcription R-HSA-9013508,1/25,0.1133996389684807,0.1715288656666095,0,0,8.719298245614034,18.98049165758473,STAT1
Reactome_2022,Signaling By GPCR R-HSA-372790,6/689,0.1138814238255596,0.1718964887932975,0,0,1.876134699853587,4.076085584440174,APP;RPS6KA3;PIK3CA;TAS2R31;SRC;ADORA3
Reactome_2022,SARS-CoV-2 Activates/Modulates Innate And Adaptive Immune Responses R-HSA-9705671,2/121,0.1148705922046802,0.1730268334463802,0,0,3.537457536205972,7.6548779435302015,STING1;STAT1
Reactome_2022,Leishmania Infection R-HSA-9658195,3/247,0.1158836001544017,0.1741882925076602,0,0,2.599153886832364,5.601615983485293,SRC;FYN;MAPK14
Reactome_2022,Metabolism Of Water-Soluble Vitamins And Cofactors R-HSA-196849,2/122,0.116435402727176,0.174653104090764,0,0,3.5078014184397164,7.543241565409122,ABCC1;NADK
Reactome_2022,Role Of Phospholipids In Phagocytosis R-HSA-2029485,1/26,0.1176606401638211,0.1750323572684942,0,0,8.370105263157894,17.91161285774819,PIK3CA
Reactome_2022,Downstream Signaling Of Activated FGFR4 R-HSA-5654716,1/26,0.1176606401638211,0.1750323572684942,0,0,8.370105263157894,17.91161285774819,PIK3CA
Reactome_2022,HDMs Demethylate Histones R-HSA-3214842,1/26,0.1176606401638211,0.1750323572684942,0,0,8.370105263157894,17.91161285774819,KDM1A
Reactome_2022,Interleukin-20 Family Signaling R-HSA-8854691,1/26,0.1176606401638211,0.1750323572684942,0,0,8.370105263157894,17.91161285774819,STAT1
Reactome_2022,"BMAL1:CLOCK,NPAS2 Activates Circadian Gene Expression R-HSA-1368108",1/27,0.1219013753793836,0.1783922566527565,0,0,8.047773279352226,16.936884596393483,SERPINE1
Reactome_2022,CREB1 Phosphorylation Thru NMDA Receptor-Mediated Activation Of RAS Signaling R-HSA-442742,1/27,0.1219013753793836,0.1783922566527565,0,0,8.047773279352226,16.936884596393483,RPS6KA3
Reactome_2022,Synthesis Of PC R-HSA-1483191,1/27,0.1219013753793836,0.1783922566527565,0,0,8.047773279352226,16.936884596393483,ACHE
Reactome_2022,Gap Junction Trafficking And Regulation R-HSA-157858,1/27,0.1219013753793836,0.1783922566527565,0,0,8.047773279352226,16.936884596393483,SRC
Reactome_2022,Role Of Nef In HIV-1 Replication And Disease Pathogenesis R-HSA-164952,1/27,0.1219013753793836,0.1783922566527565,0,0,8.047773279352226,16.936884596393483,FYN
Reactome_2022,VEGFR2 Mediated Vascular Permeability R-HSA-5218920,1/27,0.1219013753793836,0.1783922566527565,0,0,8.047773279352226,16.936884596393483,MTOR
Reactome_2022,Integrin Signaling R-HSA-354192,1/27,0.1219013753793836,0.1783922566527565,0,0,8.047773279352226,16.936884596393483,SRC
Reactome_2022,Interleukin Receptor SHC Signaling R-HSA-912526,1/27,0.1219013753793836,0.1783922566527565,0,0,8.047773279352226,16.936884596393483,PIK3CA
Reactome_2022,Cardiac Conduction R-HSA-5576891,2/126,0.1227484914756664,0.1792675737575655,0,0,3.393960192175704,7.119231317664055,KCNH2;MMP12
Reactome_2022,DNA Replication Pre-Initiation R-HSA-69002,2/127,0.1243397949354294,0.1812239926184396,0,0,3.3666382978723406,7.018556029054545,PSMB5;CDK2
Reactome_2022,Keratan Sulfate Biosynthesis R-HSA-2022854,1/28,0.1261219399763672,0.1823449734598081,0,0,7.749317738791423,16.045009357904707,ST3GAL3
Reactome_2022,MET Promotes Cell Motility R-HSA-8875878,1/28,0.1261219399763672,0.1823449734598081,0,0,7.749317738791423,16.045009357904707,SRC
Reactome_2022,Mitophagy R-HSA-5205647,1/28,0.1261219399763672,0.1823449734598081,0,0,7.749317738791423,16.045009357904707,SRC
Reactome_2022,Notch-HLH Transcription Pathway R-HSA-350054,1/28,0.1261219399763672,0.1823449734598081,0,0,7.749317738791423,16.045009357904707,HDAC6
Reactome_2022,G1/S Transition R-HSA-69206,2/129,0.1275374464361615,0.1840219668016759,0,0,3.313285307421679,6.823198392753208,PSMB5;CDK2
Reactome_2022,Host Interactions Of HIV Factors R-HSA-162909,2/130,0.1291436277498992,0.1850732718186254,0,0,3.2872340425531914,6.728409585926629,PSMB5;FYN
Reactome_2022,Dectin-2 Family R-HSA-5621480,1/29,0.1303224289056154,0.1850732718186254,0,0,7.472180451127819,15.226388466574354,FYN
Reactome_2022,Disassembly Of Destruction Complex And Recruitment Of AXIN To Membrane R-HSA-4641262,1/29,0.1303224289056154,0.1850732718186254,0,0,7.472180451127819,15.226388466574354,GSK3B
Reactome_2022,SUMOylation Of Intracellular Receptors R-HSA-4090294,1/29,0.1303224289056154,0.1850732718186254,0,0,7.472180451127819,15.226388466574354,ESR1
Reactome_2022,Downstream Signaling Of Activated FGFR2 R-HSA-5654696,1/29,0.1303224289056154,0.1850732718186254,0,0,7.472180451127819,15.226388466574354,PIK3CA
Reactome_2022,HSF1 Activation R-HSA-3371511,1/29,0.1303224289056154,0.1850732718186254,0,0,7.472180451127819,15.226388466574354,HDAC6
Reactome_2022,Myogenesis R-HSA-525793,1/29,0.1303224289056154,0.1850732718186254,0,0,7.472180451127819,15.226388466574354,MAPK14
Reactome_2022,Negative Regulation Of FGFR3 Signaling R-HSA-5654732,1/29,0.1303224289056154,0.1850732718186254,0,0,7.472180451127819,15.226388466574354,SRC
Reactome_2022,Activation Of BH3-only Proteins R-HSA-114452,1/30,0.1345029365993388,0.1902595566827583,0,0,7.214156079854809,14.472818068487964,BCL2
Reactome_2022,Signaling By CSF3 (G-CSF) R-HSA-9674555,1/30,0.1345029365993388,0.1902595566827583,0,0,7.214156079854809,14.472818068487964,STAT1
Reactome_2022,Signaling By Hedgehog R-HSA-5358351,2/135,0.1372448158656564,0.1937573871044562,0,0,3.162853943369061,6.281393047707864,GSK3B;PSMB5
Reactome_2022,Antigen Activates B Cell Receptor Leading To Second Messenger Generation R-HSA-983695,1/31,0.1386635571508699,0.194160298917378,0,0,6.973333333333334,13.77724766471137,FYN
Reactome_2022,Late Endosomal Microautophagy R-HSA-9615710,1/31,0.1386635571508699,0.194160298917378,0,0,6.973333333333334,13.77724766471137,HDAC6
Reactome_2022,Negative Regulation Of FGFR4 Signaling R-HSA-5654733,1/31,0.1386635571508699,0.194160298917378,0,0,6.973333333333334,13.77724766471137,SRC
Reactome_2022,Nicotinate Metabolism R-HSA-196807,1/31,0.1386635571508699,0.194160298917378,0,0,6.973333333333334,13.77724766471137,NADK
Reactome_2022,Factors Involved In Megakaryocyte Development And Platelet Production R-HSA-983231,2/136,0.1388785471422912,0.194160298917378,0,0,3.13909177516672,6.197055259581092,KDM1A;CDK2
Reactome_2022,Adaptive Immune System R-HSA-1280218,6/733,0.1406166860280418,0.1962093293414537,0,0,1.7585511233379183,3.4497807407644863,PSMB5;PIK3CA;SRC;FYN;XDH;MTOR
Reactome_2022,Cell Cycle Checkpoints R-HSA-69620,3/271,0.1415675876499026,0.1971540872493808,0,0,2.36350505536832,4.620600444516731,PSMB5;PLK1;CDK2
Reactome_2022,Activation Of Pre-Replicative Complex R-HSA-68962,1/32,0.1428043841681324,0.1977291473097218,0,0,6.74804753820034,13.1335867781803,CDK2
Reactome_2022,RAF Activation R-HSA-5673000,1/32,0.1428043841681324,0.1977291473097218,0,0,6.74804753820034,13.1335867781803,SRC
Reactome_2022,Thrombin Signaling Thru Proteinase Activated Receptors (PARs) R-HSA-456926,1/32,0.1428043841681324,0.1977291473097218,0,0,6.74804753820034,13.1335867781803,SRC
Reactome_2022,Sialic Acid Metabolism R-HSA-4085001,1/33,0.1469255107829,0.2011147676115742,0,0,6.536842105263158,12.5365489531719,ST3GAL3
Reactome_2022,Signaling By WNT In Cancer R-HSA-4791275,1/33,0.1469255107829,0.2011147676115742,0,0,6.536842105263158,12.5365489531719,GSK3B
Reactome_2022,Signaling By High-Kinase Activity BRAF Mutants R-HSA-6802948,1/33,0.1469255107829,0.2011147676115742,0,0,6.536842105263158,12.5365489531719,SRC
Reactome_2022,Striated Muscle Contraction R-HSA-390522,1/33,0.1469255107829,0.2011147676115742,0,0,6.536842105263158,12.5365489531719,TTR
Reactome_2022,Keratan Sulfate/Keratin Metabolism R-HSA-1638074,1/33,0.1469255107829,0.2011147676115742,0,0,6.536842105263158,12.5365489531719,ST3GAL3
Reactome_2022,NOD1/2 Signaling Pathway R-HSA-168638,1/33,0.1469255107829,0.2011147676115742,0,0,6.536842105263158,12.5365489531719,MAPK14
Reactome_2022,Deubiquitination R-HSA-5688426,3/279,0.1505248132732253,0.2051687951600576,0,0,2.2940626460963065,4.344099737455988,PSMB5;HIF1A;ESR1
Reactome_2022,DNA Methylation R-HSA-5334118,1/34,0.151027029770598,0.2051687951600576,0,0,6.3384370015948965,11.98152498220752,DNMT1
Reactome_2022,Lysosome Vesicle Biogenesis R-HSA-432720,1/34,0.151027029770598,0.2051687951600576,0,0,6.3384370015948965,11.98152498220752,APP
Reactome_2022,Negative Regulation Of FGFR2 Signaling R-HSA-5654727,1/34,0.151027029770598,0.2051687951600576,0,0,6.3384370015948965,11.98152498220752,SRC
Reactome_2022,Nucleotide Catabolism R-HSA-8956319,1/35,0.1551090334319401,0.2099220001334528,0,0,6.151702786377709,11.464479210986868,XDH
Reactome_2022,Gene And Protein Expression By JAK-STAT Signaling After Interleukin-12 Stimulation R-HSA-8950505,1/35,0.1551090334319401,0.2099220001334528,0,0,6.151702786377709,11.464479210986868,CA1
Reactome_2022,G2/M Checkpoints R-HSA-69481,2/148,0.1587979600971419,0.2126225636596335,0,0,2.879335470708248,5.298330203491816,PSMB5;CDK2
Reactome_2022,Aberrant Regulation Of Mitotic Cell Cycle Due To RB1 Defects R-HSA-9687139,1/36,0.1591716136285312,0.2126225636596335,0,0,5.975639097744361,10.981864174896383,CDK2
Reactome_2022,Activation Of ATR In Response To Replication Stress R-HSA-176187,1/36,0.1591716136285312,0.2126225636596335,0,0,5.975639097744361,10.981864174896383,CDK2
Reactome_2022,Platelet Aggregation (Plug Formation) R-HSA-76009,1/36,0.1591716136285312,0.2126225636596335,0,0,5.975639097744361,10.981864174896383,SRC
Reactome_2022,SMAD2/SMAD3:SMAD4 Heterotrimer Regulates Transcription R-HSA-2173796,1/36,0.1591716136285312,0.2126225636596335,0,0,5.975639097744361,10.981864174896383,SERPINE1
Reactome_2022,HSF1-dependent Transactivation R-HSA-3371571,1/36,0.1591716136285312,0.2126225636596335,0,0,5.975639097744361,10.981864174896383,MTOR
Reactome_2022,NR1H3 And NR1H2 Regulate Gene Expression Linked To Cholesterol Transport And Efflux R-HSA-9029569,1/36,0.1591716136285312,0.2126225636596335,0,0,5.975639097744361,10.981864174896383,KDM1A
Reactome_2022,HDR Thru Single Strand Annealing (SSA) R-HSA-5685938,1/37,0.1632148618429656,0.2172175610479395,0,0,5.809356725146199,10.53054991851772,RAD52
Reactome_2022,MAP2K And MAPK Activation R-HSA-5674135,1/37,0.1632148618429656,0.2172175610479395,0,0,5.809356725146199,10.53054991851772,SRC
Reactome_2022,Apoptotic Cleavage Of Cellular Proteins R-HSA-111465,1/38,0.1672388690603558,0.2205498959352586,0,0,5.652062588904694,10.107765156158749,MAPT
Reactome_2022,Diseases Of Mitotic Cell Cycle R-HSA-9675126,1/38,0.1672388690603558,0.2205498959352586,0,0,5.652062588904694,10.107765156158749,CDK2
Reactome_2022,Signaling By RAF1 Mutants R-HSA-9656223,1/38,0.1672388690603558,0.2205498959352586,0,0,5.652062588904694,10.107765156158749,SRC
Reactome_2022,Cellular Response To Starvation R-HSA-9711097,2/153,0.1672503377509045,0.2205498959352586,0,0,2.7832887135409328,4.977253784883168,RPSA;MTOR
Reactome_2022,Metabolism Of Steroids R-HSA-8957322,2/153,0.1672503377509045,0.2205498959352586,0,0,2.7832887135409328,4.977253784883168,HSD17B1;CYP19A1
Reactome_2022,DNA Replication R-HSA-69306,2/155,0.1706532882221439,0.2245819356234834,0,0,2.7466277291058265,4.856371087153063,PSMB5;CDK2
Reactome_2022,Ovarian Tumor Domain Proteases R-HSA-5689896,1/39,0.1712437259129061,0.2245819356234834,0,0,5.503047091412743,9.711048020338644,ESR1
Reactome_2022,RHOU GTPase Cycle R-HSA-9013420,1/39,0.1712437259129061,0.2245819356234834,0,0,5.503047091412743,9.711048020338644,SRC
Reactome_2022,Class C/3 (Metabotropic Glutamate/Pheromone Receptors) R-HSA-420499,1/40,0.1752295225708418,0.2289750567168894,0,0,5.361673414304994,9.338204649149848,TAS2R31
Reactome_2022,Diseases Associated With Glycosaminoglycan Metabolism R-HSA-3560782,1/40,0.1752295225708418,0.2289750567168894,0,0,5.361673414304994,9.338204649149848,ST3GAL3
Reactome_2022,Paradoxical Activation Of RAF Signaling By Kinase Inactive BRAF R-HSA-6802955,1/41,0.1791963488077396,0.2328905616273872,0,0,5.227368421052631,8.987274190321951,SRC
Reactome_2022,"Sensory Perception Of Sweet, Bitter, And Umami (Glutamate) Taste R-HSA-9717207",1/41,0.1791963488077396,0.2328905616273872,0,0,5.227368421052631,8.987274190321951,TAS2R31
Reactome_2022,Non-integrin membrane-ECM Interactions R-HSA-3000171,1/41,0.1791963488077396,0.2328905616273872,0,0,5.227368421052631,8.987274190321951,TTR
Reactome_2022,PRC2 Methylates Histones And DNA R-HSA-212300,1/42,0.1831442939256588,0.2367394822737421,0,0,5.099614890885751,8.656499106359142,DNMT1
Reactome_2022,Defective Pyroptosis R-HSA-9710421,1/42,0.1831442939256588,0.2367394822737421,0,0,5.099614890885751,8.656499106359142,DNMT1
Reactome_2022,Signaling By FGFR2 In Disease R-HSA-5655253,1/42,0.1831442939256588,0.2367394822737421,0,0,5.099614890885751,8.656499106359142,PIK3CA
Reactome_2022,DNA Repair R-HSA-73894,3/310,0.1868166250976092,0.2396670493948554,0,0,2.059157297467689,3.4544994396935422,RAD52;CDK2;SIRT6
Reactome_2022,Condensation Of Prophase Chromosomes R-HSA-2299718,1/43,0.1870734468887621,0.2396670493948554,0,0,4.977944862155389,8.344299863156749,PLK1
Reactome_2022,Retinoid Metabolism And Transport R-HSA-975634,1/43,0.1870734468887621,0.2396670493948554,0,0,4.977944862155389,8.344299863156749,TTR
Reactome_2022,GPER1 Signaling R-HSA-9634597,1/43,0.1870734468887621,0.2396670493948554,0,0,4.977944862155389,8.344299863156749,SRC
Reactome_2022,Voltage Gated Potassium Channels R-HSA-1296072,1/43,0.1870734468887621,0.2396670493948554,0,0,4.977944862155389,8.344299863156749,KCNH2
Reactome_2022,Interleukin-12 Signaling R-HSA-9020591,1/44,0.1909838962017475,0.2442123697419853,0,0,4.861933904528764,8.049253281298896,CA1
Reactome_2022,Regulation Of Expression Of SLITs And ROBOs R-HSA-9010553,2/167,0.1912996896312218,0.2442123697419853,0,0,2.5453255963894263,4.2097497019489065,PSMB5;RPSA
Reactome_2022,TAK1-dependent IKK And NF-kappa-B Activation R-HSA-445989,1/45,0.1948757299505316,0.2483372133882881,0,0,4.751196172248804,7.770073939870431,APP
Reactome_2022,Separation Of Sister Chromatids R-HSA-2467813,2/170,0.1965144742428108,0.249983076775307,0,0,2.4994934143870315,4.066723750778383,PSMB5;PLK1
Reactome_2022,NR1H2 And NR1H3-mediated Signaling R-HSA-9024446,1/46,0.1987490358238112,0.2523797280302364,0,0,4.645380116959064,7.505598149262955,KDM1A
Reactome_2022,SARS-CoV-2 Modulates Host Translation Machinery R-HSA-9754678,1/47,0.20260390111696,0.2559207172003705,0,0,4.5441647597254,7.254770090703806,RPSA
Reactome_2022,Sensory Perception Of Taste R-HSA-9717189,1/47,0.20260390111696,0.2559207172003705,0,0,4.5441647597254,7.254770090703806,TAS2R31
Reactome_2022,Metabolism Of Fat-Soluble Vitamins R-HSA-6806667,1/47,0.20260390111696,0.2559207172003705,0,0,4.5441647597254,7.254770090703806,TTR
Reactome_2022,Cross-presentation Of Soluble Exogenous Antigens (Endosomes) R-HSA-1236978,1/48,0.2064404126728171,0.2603101525821861,0,0,4.447256438969765,7.016629791356106,PSMB5
Reactome_2022,Regulation Of Activated PAK-2p34 By Proteasome Mediated Degradation R-HSA-211733,1/49,0.2102586569950898,0.2637390819450604,0,0,4.3543859649122805,6.790302654401219,PSMB5
Reactome_2022,Signaling By NOTCH3 R-HSA-9012852,1/49,0.2102586569950898,0.2637390819450604,0,0,4.3543859649122805,6.790302654401219,STAT1
Reactome_2022,TP53 Regulates Transcription Of Cell Cycle Genes R-HSA-6791312,1/49,0.2102586569950898,0.2637390819450604,0,0,4.3543859649122805,6.790302654401219,CDK2
Reactome_2022,Major Pathway Of rRNA Processing In Nucleolus And Cytosol R-HSA-6791226,2/179,0.2122605894721804,0.2657871729042955,0,0,2.371318668109148,3.675402992756095,RPSA;CSNK1E
Reactome_2022,Regulation Of Ornithine Decarboxylase (ODC) R-HSA-350562,1/50,0.2140587201245348,0.267109668093007,0,0,4.26530612244898,6.5749903239841245,PSMB5
Reactome_2022,"Formation Of Ternary Complex, And Subsequently, 43S Complex R-HSA-72695",1/50,0.2140587201245348,0.267109668093007,0,0,4.26530612244898,6.5749903239841245,RPSA
Reactome_2022,Autodegradation Of E3 Ubiquitin Ligase COP1 R-HSA-349425,1/51,0.2178406877428757,0.269957478786352,0,0,4.1797894736842105,6.369962683048184,PSMB5
Reactome_2022,Translocation Of SLC2A4 (GLUT4) To Plasma Membrane R-HSA-1445148,1/51,0.2178406877428757,0.269957478786352,0,0,4.1797894736842105,6.369962683048184,PRKAA2
Reactome_2022,Ubiquitin Mediated Degradation Of Phosphorylated Cdc25A R-HSA-69601,1/51,0.2178406877428757,0.269957478786352,0,0,4.1797894736842105,6.369962683048184,PSMB5
Reactome_2022,Vpu Mediated Degradation Of CD4 R-HSA-180534,1/51,0.2178406877428757,0.269957478786352,0,0,4.1797894736842105,6.369962683048184,PSMB5
Reactome_2022,Post-translational Protein Modification R-HSA-597592,9/1383,0.2185742126223869,0.2704010877802725,0,0,1.3951212166842344,2.121462724047746,ADAMTS4;RAD52;APP;ADAMTS5;DNMT1;PSMB5;HIF1A;ESR1;ST3GAL3
Reactome_2022,Apoptotic Execution Phase R-HSA-75153,1/52,0.2216046451049667,0.2732112062937946,0,0,4.097626418988648,6.1745508317775455,MAPT
Reactome_2022,Regulation Of Apoptosis R-HSA-169911,1/52,0.2216046451049667,0.2732112062937946,0,0,4.097626418988648,6.1745508317775455,PSMB5
Reactome_2022,Mitotic Prometaphase R-HSA-68877,2/186,0.224593232878477,0.2759396045830873,0,0,2.2802960222016653,3.4055408548938986,PLK1;CSNK1E
Reactome_2022,Vif-mediated Degradation Of APOBEC3G R-HSA-180585,1/53,0.2253506770761879,0.2759396045830873,0,0,4.018623481781376,5.988140905299795,PSMB5
Reactome_2022,Negative Regulation Of NOTCH4 Signaling R-HSA-9604323,1/53,0.2253506770761879,0.2759396045830873,0,0,4.018623481781376,5.988140905299795,PSMB5
Reactome_2022,Nuclear Envelope Breakdown R-HSA-2980766,1/53,0.2253506770761879,0.2759396045830873,0,0,4.018623481781376,5.988140905299795,PLK1
Reactome_2022,AUF1 (hnRNP D0) Binds And Destabilizes mRNA R-HSA-450408,1/54,0.2290788681344703,0.2786094342175991,0,0,3.942601787487587,5.810168619029014,PSMB5
Reactome_2022,SCF-beta-TrCP Mediated Degradation Of Emi1 R-HSA-174113,1/54,0.2290788681344703,0.2786094342175991,0,0,3.942601787487587,5.810168619029014,PSMB5
Reactome_2022,Degradation Of AXIN R-HSA-4641257,1/54,0.2290788681344703,0.2786094342175991,0,0,3.942601787487587,5.810168619029014,PSMB5
Reactome_2022,FBXL7 Down-Regulates AURKA During Mitotic Entry And In Early Mitosis R-HSA-8854050,1/54,0.2290788681344703,0.2786094342175991,0,0,3.942601787487587,5.810168619029014,PSMB5
Reactome_2022,rRNA Processing In Nucleus And Cytosol R-HSA-8868773,2/189,0.2298965272128094,0.2791323770543387,0,0,2.2433723973148254,3.29803998346794,RPSA;CSNK1E
Reactome_2022,Amino Acids Regulate mTORC1 R-HSA-9639288,1/55,0.2327893023462064,0.2798135186799143,0,0,3.8693957115009754,5.640114444169701,MTOR
Reactome_2022,Degradation Of DVL R-HSA-4641258,1/55,0.2327893023462064,0.2798135186799143,0,0,3.8693957115009754,5.640114444169701,PSMB5
Reactome_2022,Signaling By ALK Fusions And Activated Point Mutants R-HSA-9725370,1/55,0.2327893023462064,0.2798135186799143,0,0,3.8693957115009754,5.640114444169701,PIK3CA
Reactome_2022,ECM Proteoglycans R-HSA-3000178,1/55,0.2327893023462064,0.2798135186799143,0,0,3.8693957115009754,5.640114444169701,SERPINE1
Reactome_2022,Hh Mutants Are Degraded By ERAD R-HSA-5362768,1/55,0.2327893023462064,0.2798135186799143,0,0,3.8693957115009754,5.640114444169701,PSMB5
Reactome_2022,Intrinsic Pathway For Apoptosis R-HSA-109606,1/55,0.2327893023462064,0.2798135186799143,0,0,3.8693957115009754,5.640114444169701,BCL2
Reactome_2022,Stabilization Of P53 R-HSA-69541,1/56,0.2364820634449505,0.2833062989689923,0,0,3.798851674641148,5.477499328550885,PSMB5
Reactome_2022,Meiotic Recombination R-HSA-912446,1/56,0.2364820634449505,0.2833062989689923,0,0,3.798851674641148,5.477499328550885,CDK2
Reactome_2022,Cytoprotection By HMOX1 R-HSA-9707564,1/57,0.2401572346402309,0.2862801472532554,0,0,3.730827067669173,5.3218808984322825,ABCC1
Reactome_2022,Ribosomal Scanning And Start Codon Recognition R-HSA-72702,1/57,0.2401572346402309,0.2862801472532554,0,0,3.730827067669173,5.3218808984322825,RPSA
Reactome_2022,Translation Initiation Complex Formation R-HSA-72649,1/57,0.2401572346402309,0.2862801472532554,0,0,3.730827067669173,5.3218808984322825,RPSA
Reactome_2022,"mRNA Activation Upon Binding Of Cap-Binding Complex And eIFs, Subsequent Binding To 43S R-HSA-72662",1/58,0.2438148989175783,0.2882540676858069,0,0,3.665189289012004,5.172850068462446,RPSA
Reactome_2022,Constitutive Signaling By NOTCH1 HD+PEST Domain Mutants R-HSA-2894862,1/58,0.2438148989175783,0.2882540676858069,0,0,3.665189289012004,5.172850068462446,HDAC6
Reactome_2022,Hh Mutants Abrogate Ligand Secretion R-HSA-5387390,1/58,0.2438148989175783,0.2882540676858069,0,0,3.665189289012004,5.172850068462446,PSMB5
Reactome_2022,Metabolism Of Polyamines R-HSA-351202,1/58,0.2438148989175783,0.2882540676858069,0,0,3.665189289012004,5.172850068462446,PSMB5
Reactome_2022,NIK To Noncanonical NF-kB Signaling R-HSA-5676590,1/58,0.2438148989175783,0.2882540676858069,0,0,3.665189289012004,5.172850068462446,PSMB5
Reactome_2022,O-linked Glycosylation Of Mucins R-HSA-913709,1/59,0.2474551387592752,0.2899082382747747,0,0,3.601814882032668,5.03002802527972,ST3GAL3
Reactome_2022,B-WICH Complex Positively Regulates rRNA Expression R-HSA-5250924,1/59,0.2474551387592752,0.2899082382747747,0,0,3.601814882032668,5.03002802527972,GSK3B
Reactome_2022,Degradation Of GLI1 By Proteasome R-HSA-5610780,1/59,0.2474551387592752,0.2899082382747747,0,0,3.601814882032668,5.03002802527972,PSMB5
Reactome_2022,Transcriptional Regulation Of Granulopoiesis R-HSA-9616222,1/59,0.2474551387592752,0.2899082382747747,0,0,3.601814882032668,5.03002802527972,CDK2
Reactome_2022,Iron Uptake And Transport R-HSA-917937,1/59,0.2474551387592752,0.2899082382747747,0,0,3.601814882032668,5.03002802527972,ABCG2
Reactome_2022,rRNA Processing R-HSA-72312,2/199,0.2476299535263701,0.2899082382747747,0,0,2.1284155956366777,2.9708845672056863,RPSA;CSNK1E
Reactome_2022,Defective CFTR Causes Cystic Fibrosis R-HSA-5678895,1/60,0.2510780363139976,0.2921688807727381,0,0,3.5405887600356825,4.893063523640772,PSMB5
Reactome_2022,Formation Of beta-catenin:TCF Transactivating Complex R-HSA-201722,1/60,0.2510780363139976,0.2921688807727381,0,0,3.5405887600356825,4.893063523640772,TERT
Reactome_2022,HDACs Deacetylate Histones R-HSA-3214815,1/60,0.2510780363139976,0.2921688807727381,0,0,3.5405887600356825,4.893063523640772,KDM1A
Reactome_2022,Ub-specific Processing Proteases R-HSA-5689880,2/201,0.2511840794421179,0.2921688807727381,0,0,2.106810648989629,2.910704754310939,PSMB5;HIF1A
Reactome_2022,Metabolism Of Amino Acids And Derivatives R-HSA-71291,3/364,0.254480163238567,0.2948106829642718,0,0,1.7463140023232957,2.3898872754334017,PSMB5;RPSA;TYR
Reactome_2022,DNA Damage/Telomere Stress Induced Senescence R-HSA-2559586,1/61,0.2546836733385793,0.2948106829642718,0,0,3.4814035087719297,4.7616304673106,CDK2
Reactome_2022,Dectin-1 Mediated Noncanonical NF-kB Signaling R-HSA-5607761,1/61,0.2546836733385793,0.2948106829642718,0,0,3.4814035087719297,4.7616304673106,PSMB5
Reactome_2022,Pre-NOTCH Transcription And Translation R-HSA-1912408,1/62,0.2582721311889656,0.2975294951296884,0,0,3.424158757549612,4.6354257369801735,SIRT6
Reactome_2022,Asymmetric Localization Of PCP Proteins R-HSA-4608870,1/62,0.2582721311889656,0.2975294951296884,0,0,3.424158757549612,4.6354257369801735,PSMB5
Reactome_2022,Signaling By BRAF And RAF1 Fusions R-HSA-6802952,1/62,0.2582721311889656,0.2975294951296884,0,0,3.424158757549612,4.6354257369801735,SRC
Reactome_2022,Autodegradation Of Cdh1 By Cdh1:APC/C R-HSA-174084,1/63,0.2618434908943032,0.3002027284138508,0,0,3.368760611205433,4.514167236027909,PSMB5
Reactome_2022,Cytosolic Sensors Of Pathogen-Associated DNA R-HSA-1834949,1/63,0.2618434908943032,0.3002027284138508,0,0,3.368760611205433,4.514167236027909,STING1
Reactome_2022,Synthesis Of Substrates In N-glycan Biosythesis R-HSA-446219,1/63,0.2618434908943032,0.3002027284138508,0,0,3.368760611205433,4.514167236027909,ST3GAL3
Reactome_2022,Hedgehog Ligand Biogenesis R-HSA-5358346,1/64,0.2653978330314107,0.3037940219119487,0,0,3.315121136173768,4.397592132741052,PSMB5
Reactome_2022,Regulation Of RAS By GAPs R-HSA-5658442,1/65,0.2689352378142914,0.3073545575020474,0,0,3.263157894736842,4.285455271531161,PSMB5
Reactome_2022,Activation Of NF-kappaB In B Cells R-HSA-1169091,1/66,0.2724557851761253,0.3103926666563453,0,0,3.2127935222672064,4.177527737189532,PSMB5
Reactome_2022,Integrin Cell Surface Interactions R-HSA-216083,1/66,0.2724557851761253,0.3103926666563453,0,0,3.2127935222672064,4.177527737189532,KDR
Reactome_2022,M Phase R-HSA-68886,3/380,0.2752210032830809,0.3128990224645171,0,0,1.6708308376828955,2.1556739600016765,PSMB5;PLK1;CSNK1E
Reactome_2022,APC/C:Cdc20 Mediated Degradation Of Securin R-HSA-174154,1/67,0.2759595545346783,0.3128990224645171,0,0,3.163955342902711,4.073595558926187,PSMB5
Reactome_2022,Regulation Of PTEN Stability And Activity R-HSA-8948751,1/67,0.2759595545346783,0.3128990224645171,0,0,3.163955342902711,4.073595558926187,PSMB5
Reactome_2022,Glycolysis R-HSA-70171,1/69,0.282917075565896,0.3202834817727125,0,0,3.070588235294118,3.876929138212587,PKM
Reactome_2022,trans-Golgi Network Vesicle Budding R-HSA-199992,1/71,0.2898084293575974,0.3275699672487757,0,0,2.9825563909774435,3.694000964986116,APP
Reactome_2022,Cdc20:Phospho-APC/C Mediated Degradation Of Cyclin A R-HSA-174184,1/72,0.2932294883883848,0.3303994235362083,0,0,2.940400296515938,3.6072823184222926,PSMB5
Reactome_2022,Interferon Alpha/Beta Signaling R-HSA-909733,1/72,0.2932294883883848,0.3303994235362083,0,0,2.940400296515938,3.6072823184222926,STAT1
Reactome_2022,APC:Cdc20 Mediated Degradation Of Cell Cycle Proteins Before Cycle Checkpoint Satisfied R-HSA-179419,1/73,0.2966342386868027,0.3337135185226531,0,0,2.8994152046783626,3.5235300385346275,PSMB5
Reactome_2022,Positive Epigenetic Regulation Of rRNA Expression R-HSA-5250913,1/74,0.3000227571516145,0.336474120170035,0,0,2.859552992069214,3.4426071256038537,GSK3B
Reactome_2022,NoRC Negatively Regulates rRNA Expression R-HSA-427413,1/74,0.3000227571516145,0.336474120170035,0,0,2.859552992069214,3.4426071256038537,DNMT1
Reactome_2022,HIV Infection R-HSA-162906,2/229,0.3009603825344119,0.3370007393853446,0,0,1.8443153060268067,2.214610740666204,PSMB5;FYN
Reactome_2022,APC/C:Cdc20 Mediated Degradation Of Mitotic Proteins R-HSA-176409,1/75,0.3033951203966583,0.3386736227683627,0,0,2.8207681365576103,3.364384583945817,PSMB5
Reactome_2022,ISG15 Antiviral Mechanism R-HSA-1169408,1/75,0.3033951203966583,0.3386736227683627,0,0,2.8207681365576103,3.364384583945817,STAT1
Reactome_2022,Mitotic Anaphase R-HSA-68882,2/232,0.3062756391604854,0.3413598455039466,0,0,1.819981498612396,2.1535291455407943,PSMB5;PLK1
Reactome_2022,SUMOylation Of DNA Damage Response And Repair Proteins R-HSA-3108214,1/76,0.3067514046072819,0.3413616867345331,0,0,2.783017543859649,3.2887408583424422,RAD52
Reactome_2022,Mitotic Metaphase And Anaphase R-HSA-2555396,2/233,0.3080458535026684,0.3422731705585205,0,0,1.81201068435111,2.133654598224489,PSMB5;PLK1
Reactome_2022,ABC Transporter Disorders R-HSA-5619084,1/77,0.310091685697144,0.3429585463931547,0,0,2.7462603878116343,3.215561314237512,PSMB5
Reactome_2022,Biosynthesis Of N-glycan Precursor (Dolichol LLO) And Transfer To Protein R-HSA-446193,1/77,0.310091685697144,0.3429585463931547,0,0,2.7462603878116343,3.215561314237512,ST3GAL3
Reactome_2022,Negative Epigenetic Regulation Of rRNA Expression R-HSA-5250941,1/77,0.310091685697144,0.3429585463931547,0,0,2.7462603878116343,3.215561314237512,DNMT1
Reactome_2022,Oncogenic MAPK Signaling R-HSA-6802957,1/78,0.3134160390858073,0.3455735806152852,0,0,2.7104579630895422,3.14473776364498,SRC
Reactome_2022,FCERI Mediated NF-kB Activation R-HSA-2871837,1/78,0.3134160390858073,0.3455735806152852,0,0,2.7104579630895422,3.14473776364498,PSMB5
Reactome_2022,Neddylation R-HSA-8951664,2/237,0.3151181450099412,0.3469190587265408,0,0,1.780805794477139,2.0564881491979587,PSMB5;HIF1A
Reactome_2022,Downstream Signaling Events Of B Cell Receptor (BCR) R-HSA-1168372,1/79,0.316724539977527,0.3481552195172815,0,0,2.67557354925776,3.0761680248455487,PSMB5
Reactome_2022,Regulation Of HSF1-mediated Heat Shock Response R-HSA-3371453,1/81,0.3232942831563663,0.35375666242034,0,0,2.608421052631579,2.9454089082907395,GSK3B
Reactome_2022,DDX58/IFIH1-mediated Induction Of Interferon-Alpha/Beta R-HSA-168928,1/81,0.3232942831563663,0.35375666242034,0,0,2.608421052631579,2.9454089082907395,APP
Reactome_2022,Signaling By NOTCH4 R-HSA-9013694,1/81,0.3232942831563663,0.35375666242034,0,0,2.608421052631579,2.9454089082907395,PSMB5
Reactome_2022,Membrane Trafficking R-HSA-199991,4/599,0.3243012720064636,0.3543200543924943,0,0,1.410960906101571,1.5888581635356689,APP;PRKAA2;SRC;SYNJ2
Reactome_2022,Platelet Homeostasis R-HSA-418346,1/83,0.329801509344508,0.3592391629773763,0,0,2.5445442875481388,2.82257211840961,MAPK14
Reactome_2022,Antiviral Mechanism By IFN-stimulated Genes R-HSA-1169410,1/83,0.329801509344508,0.3592391629773763,0,0,2.5445442875481388,2.82257211840961,STAT1
Reactome_2022,Hedgehog On State R-HSA-5632684,1/85,0.3362468073532034,0.3657064974234236,0,0,2.4837092731829573,2.7070191839217608,PSMB5
Reactome_2022,Peptide Chain Elongation R-HSA-156902,1/86,0.3394464157511476,0.3686295917659521,0,0,2.4543653250774,2.6517924525695524,RPSA
Reactome_2022,RAC2 GTPase Cycle R-HSA-9013404,1/87,0.3426307603493315,0.3715273304992751,0,0,2.425703794369645,2.598175972333266,PIK3CA
Reactome_2022,PCP/CE Pathway R-HSA-4086400,1/88,0.3457999132280331,0.373837744030306,0,0,2.397701149425288,2.5461067581623245,PSMB5
Reactome_2022,Meiosis R-HSA-1500620,1/88,0.3457999132280331,0.373837744030306,0,0,2.397701149425288,2.5461067581623245,CDK2
Reactome_2022,ER-Phagosome Pathway R-HSA-1236974,1/89,0.3489539461183639,0.3755558164502571,0,0,2.370334928229665,2.4955249379020694,PSMB5
Reactome_2022,Glucose Metabolism R-HSA-70326,1/89,0.3489539461183639,0.3755558164502571,0,0,2.370334928229665,2.4955249379020694,PKM
Reactome_2022,Interferon Gamma Signaling R-HSA-877300,1/89,0.3489539461183639,0.3755558164502571,0,0,2.370334928229665,2.4955249379020694,STAT1
Reactome_2022,Selenocysteine Synthesis R-HSA-2408557,1/90,0.3520929303627859,0.3766818868665763,0,0,2.343583678296866,2.4463735666438886,RPSA
Reactome_2022,Eukaryotic Translation Elongation R-HSA-156842,1/90,0.3520929303627859,0.3766818868665763,0,0,2.343583678296866,2.4463735666438886,RPSA
Reactome_2022,Eukaryotic Translation Termination R-HSA-72764,1/90,0.3520929303627859,0.3766818868665763,0,0,2.343583678296866,2.4463735666438886,RPSA
Reactome_2022,Viral mRNA Translation R-HSA-192823,1/90,0.3520929303627859,0.3766818868665763,0,0,2.343583678296866,2.4463735666438886,RPSA
Reactome_2022,Nonsense Mediated Decay (NMD) Independent Of Exon Junction Complex (EJC) R-HSA-975956,1/92,0.3583260368275664,0.3827815230205457,0,0,2.291844997108155,2.3521479989227614,RPSA
Reactome_2022,Unattached Kinetochores Signal Amplification Via A MAD2 Inhibitory Signal R-HSA-141444,1/93,0.3614203001499205,0.3855149868265819,0,0,2.2668192219679635,2.3069730491120866,PLK1
Reactome_2022,Vesicle-mediated Transport R-HSA-5653656,4/637,0.3658744886437121,0.3896888044725928,0,0,1.3236486022391647,1.3308822513084992,APP;PRKAA2;SRC;SYNJ2
Reactome_2022,UCH Proteinases R-HSA-5689603,1/95,0.3675645972797949,0.3903340856068619,0,0,2.218365061590146,2.2202644276744072,PSMB5
Reactome_2022,Metabolism Of Nucleotides R-HSA-15869,1/95,0.3675645972797949,0.3903340856068619,0,0,2.218365061590146,2.2202644276744072,XDH
Reactome_2022,EML4 And NUDC In Mitotic Spindle Formation R-HSA-9648025,1/97,0.3736503849555481,0.3962124847834973,0,0,2.171929824561404,2.138123125116582,PLK1
Reactome_2022,RUNX1 Regulates Transcription Of Genes Involved In Differentiation Of HSCs R-HSA-8939236,1/98,0.3766715102489588,0.3976590724035929,0,0,2.1494302767227347,2.098664596023561,PSMB5
Reactome_2022,Response Of EIF2AK4 (GCN2) To Amino Acid Deficiency R-HSA-9633012,1/98,0.3766715102489588,0.3976590724035929,0,0,2.1494302767227347,2.098664596023561,RPSA
Reactome_2022,Formation Of A Pool Of Free 40S Subunits R-HSA-72689,1/98,0.3766715102489588,0.3976590724035929,0,0,2.1494302767227347,2.098664596023561,RPSA
Reactome_2022,GPCR Ligand Binding R-HSA-500792,3/458,0.3775793792934694,0.3980338991087818,0,0,1.3788727401630627,1.3429868271644232,APP;TAS2R31;ADORA3
Reactome_2022,TNFR2 Non-Canonical NF-kB Pathway R-HSA-5668541,1/100,0.3826705658807354,0.4028111219797215,0,0,2.105794790005316,2.022786046627892,PSMB5
Reactome_2022,Potassium Channels R-HSA-1296071,1/102,0.3886124808534803,0.4084685930138771,0,0,2.0638874413757167,1.9507299108194924,KCNH2
Reactome_2022,Antigen processing-Cross Presentation R-HSA-1236975,1/104,0.3944977936526413,0.4140501624342591,0,0,2.02360756259581,1.882241842110544,PSMB5
Reactome_2022,Integration Of Energy Metabolism R-HSA-163685,1/105,0.3974193911948428,0.4160760635187321,0,0,2.004048582995952,1.8492621930167092,PRKAA2
Reactome_2022,Metabolism Of RNA R-HSA-8953854,4/666,0.3975837940290107,0.4160760635187321,0,0,1.2637593589911993,1.1656278944170202,PSMB5;RPSA;CSNK1E;MAPK14
Reactome_2022,Post-translational Protein Phosphorylation R-HSA-8957275,1/106,0.4003270378587071,0.4177325612438682,0,0,1.984862155388471,1.8170886473975003,APP
Reactome_2022,Resolution Of Sister Chromatid Cohesion R-HSA-2500257,1/106,0.4003270378587071,0.4177325612438682,0,0,1.984862155388471,1.8170886473975003,PLK1
Reactome_2022,SRP-dependent Cotranslational Protein Targeting To Membrane R-HSA-1799339,1/108,0.4061007421264993,0.4225325640622536,0,0,1.9475651746187896,1.7550561801729816,RPSA
Reactome_2022,L13a-mediated Translational Silencing Of Ceruloplasmin Expression R-HSA-156827,1/108,0.4061007421264993,0.4225325640622536,0,0,1.9475651746187896,1.7550561801729816,RPSA
Reactome_2022,GTP Hydrolysis And Joining Of 60S Ribosomal Subunit R-HSA-72706,1/109,0.4089669305484903,0.4249007070633665,0,0,1.9294346978557504,1.7251480440753342,RPSA
Reactome_2022,Assembly Of Pre-Replicative Complex R-HSA-68867,1/110,0.4118194300539443,0.4266330786170358,0,0,1.9116368903911156,1.6959474778825034,PSMB5
Reactome_2022,Mitotic Spindle Checkpoint R-HSA-69618,1/110,0.4118194300539443,0.4266330786170358,0,0,1.9116368903911156,1.6959474778825034,PLK1
Reactome_2022,Mitotic Prophase R-HSA-68875,1/112,0.4174836204295661,0.4312599809315461,0,0,1.8770033191085824,1.6395811091445014,PLK1
Reactome_2022,Nonsense Mediated Decay (NMD) Enhanced By Exon Junction Complex (EJC) R-HSA-975957,1/112,0.4174836204295661,0.4312599809315461,0,0,1.8770033191085824,1.6395811091445014,RPSA
Reactome_2022,Reproduction R-HSA-1474165,1/113,0.4202954398373235,0.4335425740442305,0,0,1.8601503759398497,1.6123734849387927,CDK2
Reactome_2022,Selenoamino Acid Metabolism R-HSA-2408522,1/114,0.4230938271753206,0.4358048005239354,0,0,1.8435957149510944,1.5857897069044022,RPSA
Reactome_2022,Cap-dependent Translation Initiation R-HSA-72737,1/116,0.428650559490387,0.4408977183329695,0,0,1.811350114416476,1.5344186616979538,RPSA
Reactome_2022,Glycosaminoglycan Metabolism R-HSA-1630316,1/120,0.4396056133837995,0.4515207441317199,0,0,1.750110570544007,1.438376128080515,ST3GAL3
Reactome_2022,Glycerophospholipid Biosynthesis R-HSA-1483206,1/127,0.458279035033115,0.4700297795211436,0,0,1.652297410192147,1.289249721826958,ACHE
Reactome_2022,Class A/1 (Rhodopsin-like Receptors) R-HSA-373076,2/327,0.4671645352995538,0.4784615439767834,0,0,1.2817675941080195,0.9755196815028956,APP;ADORA3
Reactome_2022,Influenza Viral RNA Transcription And Replication R-HSA-168273,1/137,0.4838918415063327,0.4948893833587494,0,0,1.530030959752322,1.110640087250758,RPSA
Reactome_2022,Beta-catenin Independent WNT Signaling R-HSA-3858494,1/142,0.4962450985342284,0.506085652896097,0,0,1.4754012691302725,1.0337920163475458,PSMB5
Reactome_2022,Clathrin-mediated Endocytosis R-HSA-8856828,1/142,0.4962450985342284,0.506085652896097,0,0,1.4754012691302725,1.0337920163475458,SYNJ2
Reactome_2022,G Alpha (S) Signaling Events R-HSA-418555,1/153,0.5224017023828647,0.5320073913941479,0,0,1.3678670360110805,0.8881812930312777,SRC
Reactome_2022,Influenza Infection R-HSA-168255,1/157,0.5315761163450612,0.5405858810288757,0,0,1.332523616734143,0.8420335075844174,RPSA
Reactome_2022,Protein Localization R-HSA-9609507,1/164,0.5472135822606589,0.5557034967950273,0,0,1.2748466257668711,0.7686255449956099,APP
Reactome_2022,Sensory Perception R-HSA-9709957,3/616,0.5709791719170254,0.5790211320848708,0,0,1.0151555017628795,0.568895728275305,TTR;TAS2R31;HSD17B1
Reactome_2022,Disorders Of Transmembrane Transporters R-HSA-5619115,1/176,0.5728277661121118,0.5800787504932778,0,0,1.1867067669172933,0.661197634978932,PSMB5
Reactome_2022,RAC1 GTPase Cycle R-HSA-9013149,1/178,0.5769551017288301,0.583437743321289,0,0,1.1731787094855783,0.6452375307564646,PIK3CA
Reactome_2022,Peptide Ligand-Binding Receptors R-HSA-375276,1/196,0.6123691954332491,0.6183812352201112,0,0,1.0639136302294196,0.5217644351328214,APP
Reactome_2022,Interferon Signaling R-HSA-913531,1/200,0.6198314260741546,0.6250400935201559,0,0,1.0423168473948692,0.4985482066164667,STAT1
Reactome_2022,RHO GTPase Cycle R-HSA-9012999,2/441,0.628536289877358,0.6329316485478291,0,0,0.9433916541462706,0.4380747750799374,PIK3CA;SRC
Reactome_2022,Chromatin Modifying Enzymes R-HSA-3247509,1/238,0.6839969844264443,0.687818196629944,0,0,0.8735065511880968,0.3317593343374335,KDM1A
Reactome_2022,Translation R-HSA-72766,1/281,0.7437548311891077,0.7468667760894805,0,0,0.7377443609022556,0.2184046635264065,RPSA
Reactome_2022,Asparagine N-linked Glycosylation R-HSA-446203,1/282,0.7450023282565564,0.7470775436555998,0,0,0.7350814759318225,0.216384416443531,ST3GAL3
Reactome_2022,Antigen Processing: Ubiquitination And Proteasome Degradation R-HSA-983168,1/307,0.7743089069647635,0.7753858317310567,0,0,0.6741658066735466,0.172441083152139,PSMB5
Reactome_2022,Class I MHC Mediated Antigen Processing And Presentation R-HSA-983169,1/378,0.8405721704043394,0.8405721704043394,0,0,0.5452184838754711,0.094689437394389,PSMB5
